# File generated by ImageToStl.com - Free Image and 3D model conversion tools

mtllib boneclawtommygunbody.mtl

o obj1
v 1.00137901 0.26574537 0.08784912
v 1.00137901 0.26368731 -0.07147459
v 1.00137901 0.29717806 -0.045386
v 1.00137901 0.30771166 -0.07204328
v 1.00137901 0.30805418 -0.04552649
v 1.00137901 0.29855108 0.06090413
v 1.00137901 0.30976972 0.08728043
v 1.00137901 0.3094272 0.06076364
v 0.931458 0.30564117 -0.01554982
v 0.931458 0.35864255 0.00357018
v 0.931458 0.30624065 0.03085931
v 0.931458 0.35873049 0.01037661
v 0.931458 0.36111042 -0.00326926
v 0.931458 0.36690706 -0.01634123
v 0.931458 0.36698699 -0.01015374
v 0.931458 0.3613742 0.01715003
v 0.931458 0.36750653 0.0300679
v 0.931458 0.3674266 0.02388042
v -1.95196903 0.26268551 0.00821299
v -1.95196903 0.23186816 0.04051574
v -1.95196903 0.24477266 0.05309111
v -1.95196903 0.20014051 0.05414169
v -1.95196903 0.20037323 0.07215718
v -1.95196903 0.24466898 0.00844572
v -1.95196903 0.23104405 -0.02328194
v -1.95196903 0.2436194 -0.03618644
v -1.95196903 0.19897503 -0.03608379
v -1.95196903 0.19874232 -0.05409928
v -1.95196903 0.15434188 -0.0350332
v -1.95196903 0.16724537 -0.02245782
v -1.95196903 0.13642903 0.00984391
v -1.95196903 0.15444453 0.0096112
v -1.95196903 0.16806948 0.04133986
v -1.95196903 0.15549512 0.05424435
v -1.95196903 0.20014051 0.05414169
v -1.95196903 0.20037323 0.07215718
v 0.97577399 0.31131023 0.05363372
v 0.98546302 0.29584029 -0.04977508
v 0.97577399 0.31012079 -0.03844759
v 0.98546302 0.2973271 0.06532631
v -1.91136503 0.16724537 -0.02245782
v -1.91136503 0.23104405 -0.02328194
v -1.91136503 0.19897503 -0.03608379
v -1.91136503 0.24466898 0.00844572
v -1.91136503 0.15444453 0.0096112
v -1.91136503 0.16806948 0.04133986
v -1.91136503 0.23186816 0.04051574
v -1.91136503 0.20014051 0.05414169
v 0.93811899 0.22012973 0.14786331
v 0.91657901 0.18437709 -0.13988288
v 0.93811899 0.21653666 -0.13029149
v 0.91657901 0.18822864 0.15828224
v 0.91657901 0.25203085 0.13744539
v 0.93811899 0.21653666 -0.13029149
v 0.91657901 0.24869622 -0.12070107
v 0.93811899 0.22012973 0.14786331
v -1.83185005 0.2507095 0.00836769
v -1.83185005 0.2508274 0.05899039
v -1.83185005 0.27113879 0.0081038
v -1.83185005 0.24951972 -0.04224116
v -1.83185005 0.23619498 0.0447322
v -1.83185005 0.20048143 0.08061048
v -1.83185005 0.23526052 -0.02760876
v -1.83185005 0.19863212 -0.06255256
v -1.83185005 0.20021755 0.06018219
v -1.83185005 0.19889599 -0.04212427
v -1.83185005 0.14840403 0.00968923
v -1.83185005 0.14828716 -0.04093349
v -1.83185005 0.16385302 0.04566668
v -1.83185005 0.14959483 0.06029807
v -1.83185005 0.20021755 0.06018219
v -1.83185005 0.20048143 0.08061048
v -1.83185005 0.12797475 0.00995312
v -1.83185005 0.16291855 -0.02667428
v -1.79952502 0.32533953 -0.00016597
v -1.80646503 0.29412699 -0.00503722
v -1.80646503 0.29445878 0.02064663
v -1.79952502 0.32553506 0.01497176
v -1.79952502 0.32553506 0.01497176
v -1.79440999 0.35389492 0.0106751
v -1.79440999 0.35380089 0.0033957
v -1.79374003 0.36468849 0.00584928
v -1.79374003 0.36471552 0.00794211
v -1.80646503 0.29412699 -0.00503722
v -1.81618297 0.25302327 -0.01388705
v -1.81618297 0.25359735 0.03055624
v -1.80646503 0.29445878 0.02064663
v 1.00137901 0.30771166 -0.07204328
v 0.98828602 0.32245496 -0.04571251
v 1.00137901 0.30805418 -0.04552649
v 0.92985803 0.37503201 -0.07291289
v 0.92985803 0.37537453 -0.0463961
v 0.92985803 0.37709007 0.08641082
v 0.98828602 0.32382798 0.06057762
v 0.92985803 0.37674755 0.05989403
v 1.00137901 0.30976972 0.08728043
v 1.00137901 0.3094272 0.06076364
v -1.72465098 0.2507095 0.00836769
v -1.72465098 0.24951972 -0.04224116
v -1.72465098 0.23526052 -0.02760876
v -1.72465098 0.27113879 0.0081038
v -1.72465098 0.23619498 0.0447322
v -1.72465098 0.2508274 0.05899039
v -1.72465098 0.19863212 -0.06255256
v -1.72465098 0.19889599 -0.04212427
v -1.72465098 0.14828716 -0.04093349
v -1.72465098 0.16291855 -0.02667428
v -1.72465098 0.14840403 0.00968923
v -1.72465098 0.20021755 0.06018219
v -1.72465098 0.20048143 0.08061048
v -1.72465098 0.16385302 0.04566668
v -1.72465098 0.12797475 0.00995312
v -1.72465098 0.14959483 0.06029807
v -0.07996301 0.28273505 0.03808752
v -0.04983202 0.28289628 0.05056748
v -0.07996301 0.26043192 0.03837562
v -0.04983202 0.26059315 0.05085558
v -0.09244301 0.28234586 0.00795903
v -0.09244301 0.26004273 0.00824713
v -0.07996301 0.2819567 -0.02216845
v -0.07996301 0.25965357 -0.02188035
v -0.04983202 0.2817955 -0.03464841
v -0.04983202 0.25949237 -0.03436031
v -0.01970102 0.25965357 -0.02188035
v -0.01957601 0.28196061 -0.02186648
v -0.01957601 0.25965747 -0.02157838
v 0.66987401 0.28273115 0.03778454
v 0.700131 0.28289628 0.05056748
v 0.66987401 0.26042801 0.03807264
v 0.700131 0.26059315 0.05085558
v -1.67901003 0.23349576 -0.02579881
v -0.30427003 0.27196673 0.0080931
v -0.30427003 0.25009713 -0.04283367
v -0.30427003 0.19862142 -0.06338049
v -1.67901003 0.2481827 0.00840033
v -1.67901003 0.19892964 -0.03959749
v -1.67901003 0.23438406 0.04296844
v -1.67901003 0.16472949 -0.02491052
v -0.30427003 0.2514199 0.05956879
v -0.30427003 0.14769366 -0.04151087
v -0.30427003 0.20049211 0.08143842
v -0.30427003 0.12714681 0.00996382
v -1.67901003 0.20018589 0.05765439
v -1.67901003 0.15093082 0.00965659
v -1.67901003 0.16561779 0.04385674
v -0.30427003 0.14901644 0.06089158
v -0.23309702 0.06634112 -0.11426714
v -0.23309702 0.06957038 0.13572398
v -0.31402302 0.06771895 -0.11212177
v -0.31402302 0.07089235 0.13354473
v -0.18015602 0.05902134 -0.12566055
v -0.18015702 0.06254736 0.14730366
v -0.23309702 0.06634112 -0.11426714
v 0.37561601 0.24869622 -0.12070107
v 0.37561601 0.18437709 -0.13988288
v 0.35407597 0.21653666 -0.13029149
v 0.91657901 0.18437709 -0.13988288
v 0.91657901 0.24869622 -0.12070107
v 0.93811899 0.21653666 -0.13029149
v 0.37561601 0.18822864 0.15828224
v 0.91657901 0.25203085 0.13744539
v 0.37561601 0.25203085 0.13744539
v 0.35407597 0.22012973 0.14786331
v 0.91657901 0.18822864 0.15828224
v 0.93811899 0.22012973 0.14786331
v 0.931458 0.36690706 -0.01634123
v 0.91694897 0.36690706 -0.01634123
v 0.91694897 0.36698699 -0.01015374
v 0.931458 0.36698699 -0.01015374
v 0.931458 0.3674266 0.02388042
v 0.91694897 0.3674266 0.02388042
v 0.91694897 0.36750653 0.0300679
v 0.931458 0.36750653 0.0300679
v -1.76104605 0.36468849 0.00584928
v -1.79374003 0.36468849 0.00584928
v -1.79374003 0.36471552 0.00794211
v -1.76104605 0.36471552 0.00794211
v 0.931458 0.36698699 -0.01015374
v 0.91694897 0.36698699 -0.01015374
v 0.91694897 0.36111042 -0.00326926
v 0.931458 0.36111042 -0.00326926
v 0.91694897 0.35864255 0.00357018
v 0.931458 0.35864255 0.00357018
v 0.91694897 0.35873049 0.01037661
v 0.931458 0.35873049 0.01037661
v 0.91694897 0.3613742 0.01715003
v 0.931458 0.3613742 0.01715003
v 0.91694897 0.3674266 0.02388042
v 0.931458 0.3674266 0.02388042
v -0.31402302 0.07089235 0.13354473
v -0.23309702 0.11650197 0.14320841
v -0.31402302 0.1170122 0.14090064
v -0.23309702 0.06957038 0.13572398
v -0.18015702 0.11379118 0.15547547
v -0.18015702 0.06254736 0.14730366
v -0.18015702 0.11003698 -0.13515329
v -0.23309702 0.06634112 -0.11426714
v -0.23309702 0.11306374 -0.12296036
v -0.18015602 0.05902134 -0.12566055
v -0.31402302 0.06771895 -0.11212177
v -0.31402302 0.11363339 -0.12066653
v 1.00137901 0.30976972 0.08728043
v 0.782386 0.30976972 0.08728043
v 1.00137901 0.26574537 0.08784912
v 0.782386 0.26574537 0.08784912
v 1.00137901 0.30771166 -0.07204328
v 0.782386 0.26368731 -0.07147459
v 0.782386 0.30771166 -0.07204328
v 1.00137901 0.26368731 -0.07147459
v 0.782386 0.30976972 0.08728043
v 1.00137901 0.30976972 0.08728043
v 0.92985803 0.37709007 0.08641082
v 1.00137901 0.30771166 -0.07204328
v 0.782386 0.30771166 -0.07204328
v 0.92985803 0.37503201 -0.07291289
v 0.80138397 0.31131023 0.05363372
v 0.98546302 0.2973271 0.06532631
v 0.97577399 0.31131023 0.05363372
v 0.791695 0.2973271 0.06532631
v 0.98546302 0.29584029 -0.04977508
v 0.80138397 0.31012079 -0.03844759
v 0.97577399 0.31012079 -0.03844759
v 0.791695 0.29584029 -0.04977508
v -0.23309702 0.27380022 -0.09825645
v -0.18015702 0.11003698 -0.13515329
v -0.23309702 0.11306374 -0.12296036
v -0.18015602 0.28084645 -0.10811829
v -0.31402302 0.27247408 -0.09640116
v -0.31402302 0.11363339 -0.12066653
v -0.31402302 0.27517307 0.1125404
v -0.31402302 0.1170122 0.14090064
v -0.23309702 0.11650197 0.14320841
v -0.23309702 0.27654672 0.11436081
v -0.18015702 0.11379118 0.15547547
v -0.18015602 0.28384531 0.12403734
v 0.97577399 0.31012079 -0.03844759
v 0.80138397 0.31012079 -0.03844759
v 0.80138397 0.31131023 0.05363372
v 0.97577399 0.31131023 0.05363372
v 0.782386 0.29717806 -0.045386
v 1.00137901 0.29855108 0.06090413
v 1.00137901 0.29717806 -0.045386
v 0.782386 0.29855108 0.06090413
v -1.95196903 0.15549512 0.05424435
v -1.67047501 0.15549512 0.05424435
v -1.67047501 0.20037323 0.07215718
v -1.95196903 0.20037323 0.07215718
v -1.95196903 0.13642903 0.00984391
v -1.67047501 0.13642903 0.00984391
v -1.95196903 0.15434188 -0.0350332
v -1.67047501 0.15434188 -0.0350332
v -1.95196903 0.19874232 -0.05409928
v -1.67047501 0.19874232 -0.05409928
v -1.95196903 0.2436194 -0.03618644
v -1.67047501 0.2436194 -0.03618644
v -1.95196903 0.26268551 0.00821299
v -1.67047501 0.26268551 0.00821299
v -1.95196903 0.24477266 0.05309111
v -1.67047501 0.24477266 0.05309111
v -1.95196903 0.20037323 0.07215718
v -1.67047501 0.20037323 0.07215718
v -0.31402302 0.27247408 -0.09640116
v -0.31402302 0.27517307 0.1125404
v -0.23309702 0.27380022 -0.09825645
v -0.23309702 0.27654672 0.11436081
v -1.80646503 0.29445878 0.02064663
v -1.75526094 0.32553506 0.01497176
v -1.79952502 0.32553506 0.01497176
v -1.74831998 0.29445878 0.02064663
v -1.738603 0.25359735 0.03055624
v -1.74831998 0.29445878 0.02064663
v -1.81618297 0.25359735 0.03055624
v -1.79440999 0.35389492 0.0106751
v -1.79952502 0.32553506 0.01497176
v -1.76037502 0.35389492 0.0106751
v -1.76104605 0.36471552 0.00794211
v -1.79374003 0.36471552 0.00794211
v -1.80646503 0.29412699 -0.00503722
v -1.75526094 0.32533953 -0.00016597
v -1.74831998 0.29412699 -0.00503722
v -1.79952502 0.32533953 -0.00016597
v -1.738603 0.25302327 -0.01388705
v -1.81618297 0.25302327 -0.01388705
v -1.74831998 0.29412699 -0.00503722
v -1.79440999 0.35380089 0.0033957
v -1.79952502 0.32533953 -0.00016597
v -1.76037502 0.35380089 0.0033957
v -1.76104605 0.36468849 0.00584928
v -1.79374003 0.36468849 0.00584928
v 0.91694897 0.36750653 0.0300679
v 0.91694897 0.30624065 0.03085931
v 0.931458 0.30624065 0.03085931
v 0.931458 0.36750653 0.0300679
v 0.931458 0.36690706 -0.01634123
v 0.91694897 0.30564117 -0.01554982
v 0.91694897 0.36690706 -0.01634123
v 0.931458 0.30564117 -0.01554982
v 0.66987401 0.26042801 0.03807264
v 0.700131 0.26059315 0.05085558
v 0.70689702 0.26042801 0.03807264
v 0.73026103 0.26043192 0.03837562
v 0.742742 0.26004273 0.00824713
v 0.70689702 0.25965747 -0.02157838
v 0.73026103 0.25965357 -0.02188035
v 0.700131 0.25949237 -0.03436031
v 0.700131 0.25965747 -0.02157838
v 0.68734699 0.25965747 -0.02157838
v 0.66987401 0.25965747 -0.02157838
v -0.09244301 0.26004273 0.00824713
v -0.06363402 0.25965747 -0.02157838
v -0.07996301 0.25965357 -0.02188035
v -0.04983202 0.25949237 -0.03436031
v -0.01957601 0.25965747 -0.02157838
v -0.01970102 0.25965357 -0.02188035
v -0.06363402 0.26042801 0.03807264
v -0.07996301 0.26043192 0.03837562
v -0.04983202 0.26059315 0.05085558
v -0.06261501 0.26042801 0.03807264
v -0.03704901 0.26042801 0.03807264
v -0.01957601 0.26042801 0.03807264
v -0.01811601 0.2603825 0.03454894
v 0.65751898 0.26004273 0.00824713
v -0.00722001 0.26004273 0.00824713
v -0.03481802 0.26039919 0.03584183
v 0.66987401 0.26042801 0.03807264
v -0.01957601 0.26042801 0.03807264
v 0.70689702 0.26042801 0.03807264
v -0.03704901 0.26042801 0.03807264
v 0.66987401 0.25965747 -0.02157838
v -0.01957601 0.25965747 -0.02157838
v -0.06363402 0.25965747 -0.02157838
v 0.68570697 0.25967866 -0.01993752
v 0.68734699 0.25965747 -0.02157838
v 0.700131 0.25966424 -0.02105442
v 0.70689702 0.25965747 -0.02157838
v 0.700131 0.25965747 -0.02157838
v -0.06268802 0.26042706 0.03799965
v -0.06363402 0.26042801 0.03807264
v -0.06261501 0.26042801 0.03807264
v -1.72465098 0.14959483 0.06029807
v -1.83185005 0.14959483 0.06029807
v -1.72465098 0.12797475 0.00995312
v -1.83185005 0.20048143 0.08061048
v -1.72465098 0.20048143 0.08061048
v -1.83185005 0.12797475 0.00995312
v -1.72465098 0.14828716 -0.04093349
v -1.83185005 0.14828716 -0.04093349
v -1.72465098 0.19863212 -0.06255256
v -1.83185005 0.19863212 -0.06255256
v -1.72465098 0.24951972 -0.04224116
v -1.83185005 0.24951972 -0.04224116
v -1.72465098 0.27113879 0.0081038
v -1.83185005 0.27113879 0.0081038
v -1.72465098 0.2508274 0.05899039
v -1.83185005 0.2508274 0.05899039
v -1.72465098 0.20048143 0.08061048
v -1.83185005 0.20048143 0.08061048
v -1.72465098 0.16385302 0.04566668
v -1.83185005 0.16385302 0.04566668
v -1.72465098 0.20021755 0.06018219
v -1.83185005 0.20021755 0.06018219
v -1.83185005 0.14840403 0.00968923
v -1.72465098 0.14840403 0.00968923
v -1.83185005 0.16291855 -0.02667428
v -1.72465098 0.16291855 -0.02667428
v -1.83185005 0.19889599 -0.04212427
v -1.72465098 0.19889599 -0.04212427
v -1.83185005 0.23526052 -0.02760876
v -1.72465098 0.23526052 -0.02760876
v -1.83185005 0.2507095 0.00836769
v -1.72465098 0.2507095 0.00836769
v -1.83185005 0.23619498 0.0447322
v -1.72465098 0.23619498 0.0447322
v -1.83185005 0.20021755 0.06018219
v -1.72465098 0.20021755 0.06018219
v -1.91136503 0.23186816 0.04051574
v -1.95196903 0.20014051 0.05414169
v -1.95196903 0.23186816 0.04051574
v -1.91136503 0.20014051 0.05414169
v -1.91136503 0.24466898 0.00844572
v -1.95196903 0.24466898 0.00844572
v -1.91136503 0.23104405 -0.02328194
v -1.95196903 0.23104405 -0.02328194
v -1.91136503 0.19897503 -0.03608379
v -1.95196903 0.19897503 -0.03608379
v -1.91136503 0.16724537 -0.02245782
v -1.95196903 0.16724537 -0.02245782
v -1.91136503 0.15444453 0.0096112
v -1.95196903 0.15444453 0.0096112
v -1.91136503 0.16806948 0.04133986
v -1.95196903 0.16806948 0.04133986
v -1.91136503 0.20014051 0.05414169
v -1.95196903 0.20014051 0.05414169
v 0.37561601 0.18437709 -0.13988288
v 0.91657901 0.18437709 -0.13988288
v 0.91657901 0.18822864 0.15828224
v 0.37561601 0.18822864 0.15828224
v 0.35407597 0.21653666 -0.13029149
v 0.35407597 0.22012973 0.14786331
v 0.37561601 0.18437709 -0.13988288
v -0.23309702 0.27380022 -0.09825645
v -0.23309702 0.27654672 0.11436081
v -0.18015602 0.28084645 -0.10811829
v -0.18015602 0.28384531 0.12403734
v 0.782386 0.26368731 -0.07147459
v 1.00137901 0.26368731 -0.07147459
v 1.00137901 0.26574537 0.08784912
v 0.782386 0.26574537 0.08784912
v -0.01957601 0.25965747 -0.02157838
v 0.66987401 0.25965747 -0.02157838
v 0.66987401 0.28196061 -0.02186648
v -0.01957601 0.28196061 -0.02186648
v 0.66987401 0.26042801 0.03807264
v -0.01957601 0.26042801 0.03807264
v 0.66987401 0.28273115 0.03778454
v -0.01957601 0.28273115 0.03778454
v 0.791695 0.29584029 -0.04977508
v 0.98546302 0.29584029 -0.04977508
v 0.98546302 0.2973271 0.06532631
v 0.791695 0.2973271 0.06532631
v 0.98828602 0.32245496 -0.04571251
v 1.00137901 0.29717806 -0.045386
v 1.00137901 0.30805418 -0.04552649
v 0.782386 0.29717806 -0.045386
v 0.782386 0.30805418 -0.04552649
v 0.782386 0.30805418 -0.04552649
v 0.98828602 0.32245496 -0.04571251
v 0.92985803 0.37537453 -0.0463961
v 1.00137901 0.29855108 0.06090413
v 0.98828602 0.32382798 0.06057762
v 1.00137901 0.3094272 0.06076364
v 0.782386 0.29855108 0.06090413
v 0.782386 0.3094272 0.06076364
v 0.782386 0.3094272 0.06076364
v 0.92985803 0.37674755 0.05989403
v 0.98828602 0.32382798 0.06057762
v 0.35407597 0.21653666 -0.13029149
v 0.35407597 0.22012973 0.14786331
v 0.37561601 0.24869622 -0.12070107
v 0.37561601 0.25203085 0.13744539
v 0.91657901 0.24869622 -0.12070107
v 0.37561601 0.25203085 0.13744539
v 0.91657901 0.25203085 0.13744539
v -0.04983202 0.28289628 0.05056748
v -0.01957601 0.28273115 0.03778454
v -0.04983202 0.26059315 0.05085558
v -0.01957601 0.26042801 0.03807264
v -0.31402302 0.06771895 -0.11212177
v -0.31402302 0.1170122 0.14090064
v -0.31402302 0.11363339 -0.12066653
v -0.31402302 0.07089235 0.13354473
v -0.31402302 0.27247408 -0.09640116
v -0.31402302 0.27517307 0.1125404
v -0.31402302 0.11363339 -0.12066653
v 0.782386 0.30771166 -0.07204328
v 0.92985803 0.37537453 -0.0463961
v 0.92985803 0.37503201 -0.07291289
v 0.782386 0.30805418 -0.04552649
v 0.782386 0.30976972 0.08728043
v 0.92985803 0.37709007 0.08641082
v 0.782386 0.3094272 0.06076364
v 0.92985803 0.37674755 0.05989403
v 0.700131 0.25949237 -0.03436031
v 0.700131 0.2817955 -0.03464841
v 0.66987401 0.25965747 -0.02157838
v 0.66987401 0.28196061 -0.02186648
v 0.73026103 0.2819567 -0.02216845
v 0.73026103 0.25965357 -0.02188035
v 0.73650098 0.28215128 -0.00710471
v 0.742742 0.26004273 0.00824713
v 0.742742 0.28234586 0.00795903
v 0.742742 0.26004273 0.00824713
v 0.73026103 0.26043192 0.03837562
v 0.742742 0.28234586 0.00795903
v 0.73026103 0.28273505 0.03808752
v 0.700131 0.26059315 0.05085558
v 0.700131 0.28289628 0.05056748
v -1.67047501 0.13642903 0.00984391
v -1.67047501 0.19874232 -0.05409928
v -1.67047501 0.20037323 0.07215718
v -1.67047501 0.15434188 -0.0350332
v -1.67047501 0.15549512 0.05424435
v -1.67047501 0.26268551 0.00821299
v -1.67047501 0.24477266 0.05309111
v -1.67047501 0.2436194 -0.03618644
v -1.74831998 0.29445878 0.02064663
v -1.738603 0.25302327 -0.01388705
v -1.74831998 0.29412699 -0.00503722
v -1.738603 0.25359735 0.03055624
v -1.75526094 0.32553506 0.01497176
v -1.74831998 0.29412699 -0.00503722
v -1.75526094 0.32533953 -0.00016597
v -1.74831998 0.29445878 0.02064663
v -1.76037502 0.35380089 0.0033957
v -1.75526094 0.32533953 -0.00016597
v -1.76037502 0.35389492 0.0106751
v -1.76104605 0.36471552 0.00794211
v -1.76104605 0.36468849 0.00584928
v 0.791695 0.29584029 -0.04977508
v 0.791695 0.2973271 0.06532631
v 0.80138397 0.31012079 -0.03844759
v 0.80138397 0.31131023 0.05363372
v -1.72465098 0.27113879 0.0081038
v -1.72465098 0.2508274 0.05899039
v -1.72465098 0.2507095 0.00836769
v -1.72465098 0.24951972 -0.04224116
v -1.72465098 0.23619498 0.0447322
v -1.72465098 0.20048143 0.08061048
v -1.72465098 0.20021755 0.06018219
v -1.72465098 0.23526052 -0.02760876
v -1.72465098 0.19863212 -0.06255256
v -1.72465098 0.19889599 -0.04212427
v -1.72465098 0.14828716 -0.04093349
v -1.72465098 0.16291855 -0.02667428
v -1.72465098 0.12797475 0.00995312
v -1.72465098 0.14840403 0.00968923
v -1.72465098 0.16385302 0.04566668
v -1.72465098 0.14959483 0.06029807
v -1.72465098 0.20021755 0.06018219
v -1.72465098 0.20048143 0.08061048
v 0.782386 0.26368731 -0.07147459
v 0.782386 0.26574537 0.08784912
v 0.782386 0.29855108 0.06090413
v 0.782386 0.30976972 0.08728043
v 0.782386 0.3094272 0.06076364
v 0.782386 0.29717806 -0.045386
v 0.782386 0.30771166 -0.07204328
v 0.782386 0.30805418 -0.04552649
v 0.91694897 0.35873049 0.01037661
v 0.91694897 0.30624065 0.03085931
v 0.91694897 0.3613742 0.01715003
v 0.91694897 0.36750653 0.0300679
v 0.91694897 0.3674266 0.02388042
v 0.91694897 0.30564117 -0.01554982
v 0.91694897 0.35864255 0.00357018
v 0.91694897 0.36111042 -0.00326926
v 0.91694897 0.36690706 -0.01634123
v 0.91694897 0.36698699 -0.01015374
vn 1 -0 0
vn 1 -0 0
vn 1 -0 0
vn 1 0 0
vn 1 0 0
vn 1 -0 0
vn 1 0 0
vn 1 0 0
vn 1 0 0
vn 1 -0 0
vn 1 0 0
vn 1 -0 0
vn 1 -0 0
vn 1 -1E-05 0
vn 1 -3E-05 0
vn 1 0 0
vn 1 0 0
vn 1 0 0
vn -1 -0 0
vn -1 0 0
vn -1 0 0
vn -1 0 0
vn -1 0 0
vn -1 -0 0
vn -1 0 0
vn -1 0 0
vn -1 0 0
vn -1 0 0
vn -1 0 0
vn -1 0 0
vn -1 -0 0
vn -1 -1E-05 0
vn -1 0 0
vn -1 1E-05 0
vn -1 -0 0
vn -1 0 0
vn 0.82479 0.5654 -0.0073
vn 0.82479 0.56539 -0.0073
vn 0.82479 0.56539 -0.0073
vn 0.82478 0.5654 -0.0073
vn -0.63029 0.55598 0.54187
vn -0.63029 -0.54183 0.55602
vn -0.63029 0.00992 0.7763
vn -0.63029 -0.7763 0.00999
vn -0.63029 0.7763 -0.01003
vn -0.63029 0.54183 -0.55602
vn -0.63029 -0.55599 -0.54186
vn -0.63029 -0.00999 -0.7763
vn 0.99416 -0.10787 0.00142
vn 0.4284 -0.90351 0.01164
vn 0.99416 -0.10787 0.00137
vn 0.4284 -0.90351 0.01164
vn 0.5048 0.86316 -0.01112
vn 0.99416 -0.10789 0.00136
vn 0.5048 0.86316 -0.01117
vn 0.99416 -0.10789 0.00144
vn -1 0 0
vn -1 0 0
vn -1 -1E-05 0
vn -1 -0 0
vn -1 0 0
vn -1 0 0
vn -1 -0 0
vn -1 0 0
vn -1 0 0
vn -1 -0 0
vn -1 -1E-05 0
vn -1 -0 0
vn -1 0 0
vn -1 0 0
vn -1 0 0
vn -1 0 0
vn -1 -1E-05 0
vn -1 0 0
vn -0.97993 0.1993 -0.00257
vn -0.97439 0.22485 -0.0029
vn -0.97438 0.22489 -0.00291
vn -0.97993 0.19931 -0.00258
vn -0.97994 0.19929 -0.00257
vn -0.99195 0.12661 -0.00163
vn -0.99195 0.12661 -0.00163
vn -0.9981 0.06159 -0.0008
vn -0.9981 0.06158 -0.0008
vn -0.97438 0.2249 -0.00291
vn -0.97302 0.23069 -0.00298
vn -0.97302 0.23069 -0.00298
vn -0.97438 0.2249 -0.0029
vn 0.6852 0.72737 -0.0379
vn 0.68519 0.72738 -0.03789
vn 0.68518 0.72739 -0.03791
vn 0.6852 0.72737 -0.0379
vn 0.68519 0.72738 -0.03788
vn 0.6852 0.7281 0.0191
vn 0.68519 0.72811 0.0191
vn 0.68519 0.72811 0.01908
vn 0.6852 0.7281 0.0191
vn 0.68518 0.72812 0.0191
vn -1 1E-05 0
vn -1 -0 0
vn -1 -0 0
vn -1 1E-05 0
vn -1 0 0
vn -1 0 0
vn -1 1E-05 0
vn -1 0 0
vn -1 0 0
vn -1 0 0
vn -1 -0 0
vn -1 -0 0
vn -1 0 0
vn -1 -0 0
vn -1 0 0
vn -1 0 0
vn 0.70712 -0.00913 -0.70704
vn -0.0035 -0.01292 -0.99991
vn 0.70712 -0.00913 -0.70704
vn -0.0035 -0.01292 -0.99991
vn 1 0 0
vn 1 0 1E-05
vn 0.70712 0.00913 0.70704
vn 0.70711 0.00913 0.70704
vn -0.00167 0.0103 0.99995
vn -0.00179 0.01013 0.99995
vn -0.7061 0.00636 0.70809
vn -0.2001 0.01007 0.97972
vn -0.55569 0.01077 0.83132
vn 0.19848 -0.01275 -0.98002
vn 0.0036 -0.01292 -0.99991
vn 0.19848 -0.01265 -0.98002
vn 0.0036 -0.01292 -0.99991
vn -0.0173 0.69781 -0.71607
vn -0.0173 0.99977 -0.01292
vn -0.0173 0.69781 -0.71608
vn -0.0173 -0.01291 -0.99977
vn -0.0173 0.99977 -0.01292
vn -0.0173 -0.0129 -0.99977
vn -0.0173 0.71607 0.69781
vn -0.0173 -0.71607 -0.69781
vn -0.0173 0.71607 0.69781
vn -0.0173 -0.71607 -0.69781
vn -0.0173 0.01291 0.99977
vn -0.0173 -0.99977 0.01291
vn -0.0173 0.01293 0.99977
vn -0.0173 -0.99977 0.01291
vn -0.0173 -0.6978 0.71608
vn -0.0173 -0.69781 0.71607
vn -0.07978 -0.99673 0.01287
vn -0.0798 -0.99673 0.01288
vn -0.01668 -0.99978 0.01291
vn -0.01668 -0.99978 0.01291
vn -0.13425 -0.99087 0.0128
vn -0.13425 -0.99087 0.0128
vn -0.07982 -0.99673 0.01288
vn -1E-05 0.28579 -0.95829
vn -1E-05 0.28579 -0.95829
vn -2E-05 0.28579 -0.95829
vn 1E-05 0.28579 -0.95829
vn 1E-05 0.28579 -0.95829
vn 2E-05 0.28579 -0.95829
vn -1E-05 0.31045 0.95059
vn 1E-05 0.31045 0.95059
vn -1E-05 0.31045 0.95059
vn -2E-05 0.31045 0.95059
vn 1E-05 0.31045 0.95059
vn 2E-05 0.31045 0.95059
vn 0 0.99992 -0.01292
vn 0 0.99992 -0.01291
vn 0 0.99992 -0.01292
vn 0 0.99992 -0.01293
vn 0 0.99992 -0.01291
vn 0 0.99992 -0.01291
vn 0 0.99992 -0.01291
vn 0 0.99992 -0.01291
vn 0 0.99992 -0.01293
vn 0 0.99992 -0.0129
vn 0 0.99992 -0.0129
vn 0 0.99992 -0.01293
vn 0 0.76059 0.64924
vn 0 0.76059 0.64924
vn 0 0.8646 0.50245
vn 0 0.8646 0.50246
vn 0 0.98614 0.16591
vn 0 0.98614 0.16592
vn 0 0.98152 -0.19134
vn 0 0.98152 -0.19133
vn 0 0.85134 -0.52461
vn 0 0.85134 -0.52462
vn 0 0.74357 -0.66866
vn 0 0.74356 -0.66867
vn -0.02915 -0.15743 0.9871
vn -0.13001 -0.15615 0.97914
vn -0.02914 -0.15744 0.9871
vn -0.13382 -0.15607 0.97864
vn -0.23051 -0.15324 0.96093
vn -0.23051 -0.15324 0.96093
vn -0.2305 -0.178 -0.95665
vn -0.13382 -0.18128 -0.97428
vn -0.13001 -0.18137 -0.97478
vn -0.23049 -0.17801 -0.95665
vn -0.02915 -0.18287 -0.98271
vn -0.02914 -0.18288 -0.9827
vn 0 0.01292 0.99992
vn 0 0.01292 0.99992
vn 0 0.01292 0.99992
vn 0 0.01292 0.99992
vn 0 -0.01292 -0.99992
vn 0 -0.01292 -0.99992
vn 0 -0.01292 -0.99992
vn 0 -0.01292 -0.99992
vn 0 0.01292 0.99992
vn 0 0.01292 0.99992
vn 0 0.01292 0.99992
vn 0 -0.01292 -0.99992
vn 0 -0.01292 -0.99992
vn 0 -0.01292 -0.99992
vn 0 0.64148 0.76714
vn 0 0.64148 0.76714
vn 0 0.64148 0.76714
vn 0 0.64148 0.76714
vn 0 0.62145 -0.78346
vn 0 0.62145 -0.78346
vn 0 0.62145 -0.78346
vn 0 0.62145 -0.78346
vn -0.12016 0.15177 -0.98109
vn -0.20708 0.15083 -0.96663
vn -0.11988 0.15174 -0.98112
vn -0.20711 0.15082 -0.96662
vn -0.02619 0.15135 -0.98813
vn -0.0261 0.1514 -0.98813
vn -0.02619 0.17683 0.98389
vn -0.0261 0.17687 0.98389
vn -0.11993 0.17702 0.97687
vn -0.12016 0.17706 0.97684
vn -0.20708 0.17575 0.96241
vn -0.20711 0.17574 0.9624
vn 0 0.99992 -0.01292
vn 0 0.99992 -0.01292
vn 0 0.99992 -0.01292
vn 0 0.99992 -0.01292
vn 0 0.99992 -0.01292
vn 0 0.99992 -0.01292
vn 0 0.99992 -0.01292
vn 0 0.99992 -0.01292
vn 0 -0.69792 0.71618
vn 0 -0.69791 0.71618
vn -2E-05 0.01289 0.99992
vn 2E-05 0.0129 0.99992
vn 0 -0.99992 0.01291
vn 0 -0.99992 0.01291
vn 0 -0.71618 -0.69792
vn 0 -0.71618 -0.69792
vn 0 -0.01291 -0.99992
vn 0 -0.01292 -0.99992
vn 0 0.69792 -0.71618
vn 0 0.69791 -0.71618
vn 0 0.99992 -0.01292
vn 0 0.99992 -0.01292
vn 0 0.71618 0.69791
vn 0 0.71619 0.69791
vn 2E-05 0.0129 0.99992
vn -0.00013 0.0129 0.99992
vn -0.01668 0.99978 -0.01291
vn -0.01668 0.99978 -0.01291
vn -0.0792 0.99678 -0.01287
vn -0.07921 0.99678 -0.01288
vn -0 0.21164 0.97735
vn 0 0.16656 0.98603
vn -0 0.16656 0.98603
vn 0 0.21165 0.97734
vn 0 0.23569 0.97183
vn 0 0.21162 0.97735
vn 0 0.23568 0.97183
vn 0 0.19412 0.98098
vn -0 0.16655 0.98603
vn 0 0.19412 0.98098
vn 0 0.24488 0.96955
vn 0 0.24488 0.96955
vn -0 0.18633 -0.98249
vn 0 0.14103 -0.99001
vn 0 0.18632 -0.98249
vn -0 0.14102 -0.99001
vn 0 0.21048 -0.9776
vn 0 0.21048 -0.9776
vn 0 0.18633 -0.98249
vn 0 0.16873 -0.98566
vn -0 0.14104 -0.99
vn 0 0.16873 -0.98566
vn 0 0.21984 -0.97554
vn 0 0.21984 -0.97554
vn 0 0.01292 0.99992
vn 0 0.01292 0.99992
vn 0 0.01292 0.99992
vn 0 0.01292 0.99992
vn 0 -0.01292 -0.99992
vn 0 -0.01292 -0.99992
vn 0 -0.01292 -0.99992
vn 0 -0.01292 -0.99992
vn 0 0.99992 -0.01292
vn 0 0.99992 -0.01292
vn 0 0.99992 -0.01292
vn 0 0.99992 -0.01292
vn 0 0.99992 -0.01292
vn 0 0.99992 -0.01292
vn 0 0.99992 -0.01291
vn 0 0.99992 -0.01292
vn 0 0.99992 -0.01292
vn 0 0.99992 -0.01291
vn 0 0.99992 -0.01291
vn -0 0.99992 -0.01292
vn -0 0.99992 -0.01291
vn -0 0.99992 -0.01291
vn -0 0.99992 -0.01292
vn 0 0.99992 -0.0128
vn 1E-05 0.99992 -0.01274
vn -0 0.99992 -0.01292
vn -0 0.99992 -0.01292
vn -0 0.99992 -0.01292
vn 0 0.99992 -0.01291
vn 0 0.99992 -0.01292
vn 0 0.99992 -0.01292
vn -0 0.99992 -0.01292
vn -0 0.99992 -0.01292
vn 0 0.99992 -0.01292
vn -0 0.99992 -0.01292
vn 0 0.99992 -0.01292
vn -0 0.99992 -0.01292
vn -0 0.99992 -0.01292
vn -0 0.99992 -0.01294
vn 0 0.99992 -0.01292
vn 0 0.99992 -0.01292
vn 0 0.99992 -0.01292
vn -0 0.99992 -0.01291
vn 0 0.99992 -0.01291
vn -0 0.99992 -0.01289
vn -0 0.99992 -0.01291
vn 0 0.99992 -0.01287
vn 0 0.99992 -0.01304
vn 1E-05 0.99992 -0.01293
vn -0 0.99992 -0.01279
vn 0 -0.69792 0.71618
vn 0 -0.69791 0.71619
vn 0 -0.99992 0.01291
vn 2E-05 0.01292 0.99992
vn -2E-05 0.01292 0.99992
vn 0 -0.99992 0.01292
vn 0 -0.71617 -0.69793
vn 0 -0.71618 -0.69792
vn 0 -0.01291 -0.99992
vn 0 -0.01293 -0.99992
vn 0 0.69792 -0.71618
vn 0 0.69791 -0.71619
vn 0 0.99992 -0.01291
vn 0 0.99992 -0.01292
vn 0 0.71618 0.69791
vn 0 0.71619 0.69791
vn -2E-05 0.01291 0.99992
vn 2E-05 0.01291 0.99992
vn 0 0.69792 -0.71618
vn 0 0.69793 -0.71616
vn 0 -0.01292 -0.99992
vn -0 -0.01292 -0.99992
vn 0 0.99992 -0.0129
vn 0 0.99992 -0.01292
vn 0 0.71618 0.69792
vn 0 0.71619 0.6979
vn 0 0.01291 0.99992
vn 0 0.01293 0.99992
vn 0 -0.69793 0.71617
vn 0 -0.69791 0.71618
vn 0 -0.99992 0.01291
vn 0 -0.99992 0.01293
vn 0 -0.71618 -0.69791
vn 0 -0.7162 -0.6979
vn 0 -0.01291 -0.99992
vn 0 -0.01291 -0.99992
vn -0.6303 -0.55595 -0.54189
vn 0 -0.01303 -0.99992
vn 0 -0.7162 -0.69789
vn -0.63034 -0.01003 -0.77626
vn -0.63027 -0.77631 0.0101
vn 0 -0.99992 0.01293
vn -0.63027 -0.54176 0.55611
vn 0 -0.69792 0.71618
vn -0.63026 0.01004 0.77632
vn 0 0.01292 0.99992
vn -0.6303 0.55614 0.54169
vn 0 0.71619 0.69791
vn -0.63027 0.77631 -0.00992
vn 0 0.99992 -0.01292
vn -0.63027 0.54192 -0.55595
vn 0 0.69791 -0.71618
vn -0.63026 -0.01002 -0.77632
vn -0 -0.01292 -0.99992
vn -0.42839 -0.90352 0.01181
vn 0.42839 -0.90352 0.01169
vn 0.42839 -0.90352 0.01153
vn -0.42839 -0.90352 0.01167
vn -0.99416 -0.10787 0.00136
vn -0.99416 -0.10788 0.00141
vn -0.4284 -0.90351 0.01171
vn -0.07922 0.99677 -0.01288
vn -0.07922 0.99677 -0.01287
vn -0.13426 0.99086 -0.0128
vn -0.13426 0.99086 -0.0128
vn 0 -0.99992 0.01292
vn 0 -0.99992 0.01292
vn 0 -0.99992 0.01292
vn 0 -0.99992 0.01292
vn -0.5557 0.01076 0.83131
vn 0.19848 0.01267 0.98002
vn 0.19848 0.01265 0.98002
vn -0.20011 0.01006 0.97972
vn 0.19848 -0.01265 -0.98002
vn -0.19848 -0.01265 -0.98002
vn 0.19848 -0.01267 -0.98002
vn -0.19848 -0.01267 -0.98002
vn 0 -0.99992 0.01292
vn 0 -0.99992 0.01292
vn 0 -0.99992 0.01292
vn 0 -0.99992 0.01292
vn 0 0.01292 0.99992
vn 0 0.01292 0.99992
vn 0 0.01292 0.99992
vn -0 0.01292 0.99992
vn -0 0.01292 0.99992
vn 0 0.01292 0.99992
vn 0 0.01292 0.99992
vn 0 0.01292 0.99992
vn -0 -0.01292 -0.99992
vn -0 -0.01292 -0.99992
vn -0 -0.01292 -0.99992
vn 0 -0.01292 -0.99992
vn 0 -0.01292 -0.99992
vn 0 -0.01292 -0.99992
vn 0 -0.01292 -0.99992
vn 0 -0.01292 -0.99992
vn -0.99416 -0.10789 0.00135
vn -0.99415 -0.10798 0.00143
vn -0.50482 0.86316 -0.01116
vn -0.50488 0.86312 -0.01113
vn 0.50484 0.86314 -0.01113
vn -0.50484 0.86314 -0.01117
vn 0.50484 0.86314 -0.01117
vn -0.00361 -0.01292 -0.99991
vn -0.1985 -0.01267 -0.98002
vn -0.00361 -0.01292 -0.99991
vn -0.1985 -0.01265 -0.98002
vn -1 0 0
vn -1 0 0
vn -1 0 0
vn -1 0 0
vn -1 0 0
vn -1 0 0
vn -1 0 0
vn -0.4153 0.90961 -0.01175
vn -0.4153 0.90961 -0.01175
vn -0.4153 0.90961 -0.01175
vn -0.4153 0.90961 -0.01175
vn -0.4153 0.90961 -0.01175
vn -0.4153 0.90961 -0.01175
vn -0.4153 0.90961 -0.01175
vn -0.4153 0.90961 -0.01175
vn 0.0035 0.01292 0.99991
vn 0.00351 0.01292 0.99991
vn 0.1986 0.01275 0.98
vn 0.1986 0.01265 0.98
vn -0.70712 0.00913 0.70704
vn -0.70712 0.00913 0.70704
vn -0.92387 0.00494 0.38267
vn -0.92387 0.00493 0.38268
vn -0.92386 0.00494 0.3827
vn -0.92388 -0.00494 -0.38266
vn -0.70711 -0.00913 -0.70704
vn -0.92388 -0.00494 -0.38266
vn -0.70711 -0.00913 -0.70705
vn 0.00349 -0.01292 -0.99991
vn 0.00349 -0.01292 -0.99991
vn 1 -0 0
vn 1 -0 0
vn 1 -0 0
vn 1 0 0
vn 1 -0 0
vn 1 -0 0
vn 1 -1E-05 0
vn 1 -1E-05 0
vn 0.97438 0.22488 -0.00291
vn 0.97303 0.23067 -0.00298
vn 0.97438 0.22488 -0.0029
vn 0.97303 0.23066 -0.00298
vn 0.97994 0.1993 -0.00257
vn 0.97438 0.22488 -0.0029
vn 0.97994 0.19929 -0.00257
vn 0.97438 0.22488 -0.00291
vn 0.99195 0.12662 -0.00164
vn 0.97993 0.1993 -0.00257
vn 0.99195 0.12662 -0.00164
vn 0.99809 0.06172 -0.0008
vn 0.99809 0.06174 -0.0008
vn -0.82479 0.56539 -0.0073
vn -0.82479 0.56539 -0.0073
vn -0.82479 0.56539 -0.0073
vn -0.82479 0.56539 -0.0073
vn 1 -1E-05 0
vn 1 0 0
vn 1 -0 0
vn 1 0 0
vn 1 0 0
vn 1 0 0
vn 1 0 0
vn 1 0 0
vn 1 -0 0
vn 1 -0 0
vn 1 0 0
vn 1 0 0
vn 1 0 0
vn 1 0 0
vn 1 0 0
vn 1 0 0
vn 1 0 0
vn 1 1E-05 0
vn -1 -0 0
vn -1 0 0
vn -1 0 0
vn -1 -0 0
vn -1 0 0
vn -1 -0 0
vn -1 -0 0
vn -1 0 0
vn -1 -0 0
vn -1 -0 0
vn -1 0 0
vn -1 1E-05 0
vn -1 3E-05 0
vn -1 0 0
vn -1 -0 0
vn -1 0 0
vn -1 0 0
vn -1 0 0
vt 0.375 0.25
vt 0.375 0
vt 0.56325 0.0315
vt 0.625 0
vt 0.625 0.0315
vt 0.56325 0.2185
vt 0.625 0.25
vt 0.625 0.2185
vt 0.625 0.11111
vt 0.625 0.13889
vt 0.625 0.09722
vt 0.625 0.08333
vt 0.625 0.15278
vt 0.625 0.16667
vt 0.25 1
vt 0.125 1
vt 0 1
vt 0.375 1
vt 0.5 1
vt 0.625 1
vt 0.75 1
vt 0.875 1
vt 1 1
vt 0.41971 0.08029
vt 0.08029 0.08029
vt 0.25 0.01
vt 0.01 0.25
vt 0.49 0.25
vt 0.41971 0.41971
vt 0.08029 0.41971
vt 0.25 0.49
vt 0.5 0.25
vt 0.5 0
vt 0.625 0.75
vt 0.5 0.75
vt 0.5 0.5
vt 0.625 0.5
vt 0.375 0.75
vt 0.375 0.5
vt 0.875 0.75
vt 1 0.75
vt 0.875 0.5
vt 1 0.5
vt 0.75 0.75
vt 0.75 0.5
vt 0.37374 0.5
vt 0 0
vt 0.34833 0.75
vt 0.34833 0.5
vt 0.34362 0.75
vt 0.34362 0.5
vt 0.625 0.66667
vt 0.875 0.66667
vt 0.875 0.58333
vt 0.625 0.58333
vt 0.625 0.65278
vt 0.875 0.65278
vt 0.625 0.63889
vt 0.875 0.63889
vt 0.625 0.61111
vt 0.875 0.61111
vt 0.625 0.59722
vt 0.875 0.59722
vt 0.45 0.47333
vt 0.45 0.5
vt 0.375 0.47333
vt 0.45 0.46862
vt 0.375 0.46862
vt 0.45 0.78138
vt 0.375 0.77667
vt 0.45 0.77667
vt 0.375 0.78138
vt 0.45 0.75
vt 0.5375 0.77667
vt 0.5375 0.78138
vt 0.5375 0.75
vt 0.5375 0.5
vt 0.5375 0.47333
vt 0.5375 0.46862
vt 0.35237 0.75
vt 0.14403 0.5
vt 0.14403 0.75
vt 0.35237 0.5
vt 0.25 0.5
vt 0.125 0.5
vt 0 0.5
vt 0.65167 0.75
vt 0.65167 0.5
vt 0.91971 0.41971
vt 0.75 0.49
vt 0.71188 0.418
vt 0.58029 0.41971
vt 0.51 0.25
vt 0.71189 0.082
vt 0.58029 0.08029
vt 0.75 0.01
vt 0.75 0.082
vt 0.822 0.082
vt 0.92041 0.082
vt 0.99 0.25
vt 0.82773 0.082
vt 0.91971 0.08029
vt 0.57959 0.082
vt 0.82773 0.418
vt 0.822 0.418
vt 0.678 0.418
vt 0.57959 0.418
vt 0.36023 0.73523
vt 0.14102 0.625
vt 0.3567 0.625
vt 0.36565 0.74065
vt 0.13701 0.75
vt 0.3607 0.75
vt 0.125 0.75
vt 0.36637 0.75
vt 0.13701 0.5
vt 0.3607 0.5
vt 0.13188 0.50688
vt 0.13134 0.5
vt 0.1272 0.5022
vt 0.1272 0.5
vt 0.37469 0.74969
vt 0.37467 0.75
vt 0.65638 0.75
vt 0.65638 0.5
vt 0.375 0.4857
vt 0.375 0.26201
vt 0.5 0.26201
vt 0.5 0.4857
vt 0.375 0.98799
vt 0.375 0.76429
vt 0.5 0.98799
vt 0.5 0.76429
vt 0.625 0.97087
vt 0.375 0.98097
vt 0.48256 0.98097
vt 0.375 0.77263
vt 0.48256 0.77263
vt 0.625 0.7981
vt 0.625 0.98068
vt 0.375 0.26903
vt 0.625 0.27913
vt 0.48256 0.26903
vt 0.375 0.47737
vt 0.625 0.4519
vt 0.625 0.26932
vt 0 0.75
vt 0.875 0.7185
vt 0.66768 0.7185
vt 0.625 0.5315
vt 0.875 0.5315
vt 0.3125 0.75
vt 0.25 0.75
vt 0.56325 0.5315
vt 0.56325 0.7185
vt 0.625 0.7185
usemtl mat0
f 1/1/1 2/2/2 3/3/3
f 2/2/2 4/4/4 3/3/3
f 3/3/3 4/4/4 5/5/5
f 1/1/1 3/3/3 6/6/6
f 7/7/7 1/1/1 6/6/6
f 7/7/7 6/6/6 8/8/8
f 9/2/9 10/9/10 11/1/11
f 12/10/12 11/1/11 10/9/10
f 10/9/10 9/2/9 13/11/13
f 14/4/14 13/11/13 9/2/9
f 13/11/13 14/4/14 15/12/15
f 16/13/16 11/1/11 12/10/12
f 17/7/17 11/1/11 16/13/16
f 17/7/17 16/13/16 18/14/18
f 19/15/19 20/16/20 21/16/21
f 22/17/22 21/16/21 20/16/20
f 21/16/21 22/17/22 23/17/23
f 20/16/20 19/15/19 24/15/24
f 19/15/19 25/18/25 24/15/24
f 19/15/19 26/18/26 25/18/25
f 27/19/27 25/18/25 26/18/26
f 26/18/26 28/19/28 27/19/27
f 29/20/29 27/19/27 28/19/28
f 27/19/27 29/20/29 30/20/30
f 31/21/31 30/20/30 29/20/29
f 30/20/30 31/21/31 32/21/32
f 31/21/31 33/22/33 32/21/32
f 31/21/31 34/22/34 33/22/33
f 34/22/34 35/23/35 33/22/33
f 35/23/35 34/22/34 36/23/36
f 37/7/37 38/2/38 39/4/39
f 40/1/40 38/2/38 37/7/37
f 41/24/41 42/25/42 43/26/43
f 41/24/41 44/27/44 42/25/42
f 45/28/45 44/27/44 41/24/41
f 44/27/44 45/28/45 46/29/46
f 44/27/44 46/29/46 47/30/47
f 47/30/47 46/29/46 48/31/48
f 49/32/49 50/2/50 51/33/51
f 52/1/52 50/2/50 49/32/49
f 53/7/53 54/33/54 55/4/55
f 56/32/56 54/33/54 53/7/53
f 57/15/57 58/16/58 59/15/59
f 60/18/60 57/15/57 59/15/59
f 58/16/58 57/15/57 61/16/61
f 62/17/62 58/16/58 61/16/61
f 57/15/57 60/18/60 63/18/63
f 63/18/63 61/16/61 57/15/57
f 64/19/64 63/18/63 60/18/60
f 61/16/61 65/17/65 62/17/62
f 63/18/63 64/19/64 66/19/66
f 61/16/61 63/18/63 67/21/67
f 61/16/61 67/21/67 65/17/65
f 66/19/66 67/21/67 63/18/63
f 68/20/68 66/19/66 64/19/64
f 65/17/65 67/21/67 69/22/69
f 65/17/65 69/22/69 70/22/70
f 70/22/70 71/23/71 69/22/69
f 71/23/71 70/22/70 72/23/72
f 73/21/73 70/22/70 69/22/69
f 73/21/73 69/22/69 67/21/67
f 74/20/74 73/21/73 67/21/67
f 73/21/73 74/20/74 68/20/68
f 67/21/67 66/19/66 74/20/74
f 66/19/66 68/20/68 74/20/74
f 75/34/75 76/35/76 77/36/77
f 75/34/75 77/36/77 78/37/78
f 79/37/79 80/37/80 75/34/75
f 81/34/81 75/34/75 80/37/80
f 80/37/80 82/34/82 81/34/81
f 82/34/82 80/37/80 83/37/83
f 84/35/84 85/38/85 86/39/86
f 84/35/84 86/39/86 87/36/87
f 88/4/88 89/5/89 90/5/90
f 89/5/89 88/4/88 91/4/91
f 91/4/91 92/5/92 89/5/89
f 93/7/93 94/8/94 95/8/95
f 94/8/94 93/7/93 96/7/96
f 94/8/94 96/7/96 97/8/97
f 98/15/98 99/18/99 100/18/100
f 99/18/99 98/15/98 101/15/101
f 100/18/100 102/16/102 98/15/98
f 103/16/103 98/15/98 102/16/102
f 100/18/100 104/19/104 105/19/105
f 105/19/105 106/20/106 107/20/107
f 108/21/108 105/19/105 107/20/107
f 105/19/105 108/21/108 100/18/100
f 102/16/102 100/18/100 108/21/108
f 102/16/102 108/21/108 109/17/109
f 102/16/102 109/17/109 110/17/110
f 109/17/109 108/21/108 111/22/111
f 112/21/112 111/22/111 108/21/108
f 109/17/109 111/22/111 113/22/113
f 114/40/114 115/41/115 116/42/116
f 115/41/115 117/43/117 116/42/116
f 116/42/116 118/44/118 114/40/114
f 118/44/118 116/42/116 119/45/119
f 119/45/119 120/34/120 118/44/118
f 120/34/120 119/45/119 121/37/121
f 121/37/121 122/35/122 120/34/120
f 122/35/122 121/37/121 123/36/123
f 124/39/124 122/35/122 123/36/123
f 122/35/122 124/39/124 125/38/125
f 125/38/125 124/39/124 126/46/126
f 127/40/127 128/41/128 129/42/129
f 128/41/128 130/43/130 129/42/129
f 131/47/131 132/47/132 133/47/133
f 134/47/134 131/47/131 133/47/133
f 132/47/132 131/47/131 135/47/135
f 131/47/131 134/47/134 136/47/136
f 137/47/137 132/47/132 135/47/135
f 136/47/136 134/47/134 138/47/138
f 132/47/132 137/47/137 139/47/139
f 140/47/140 138/47/138 134/47/134
f 139/47/139 137/47/137 141/47/141
f 142/47/142 138/47/138 140/47/140
f 143/47/143 141/47/141 137/47/137
f 138/47/138 142/47/142 144/47/144
f 145/47/145 141/47/141 143/47/143
f 144/47/144 142/47/142 145/47/145
f 141/47/141 145/47/145 146/47/146
f 146/47/146 145/47/145 142/47/142
f 147/48/147 148/49/148 149/38/149
f 149/38/149 148/49/148 150/39/150
f 148/49/148 151/50/151 152/51/152
f 151/50/151 148/49/148 153/48/153
f 154/34/154 155/38/155 156/35/156
f 155/38/155 154/34/154 157/18/157
f 154/34/154 158/20/158 157/18/157
f 157/18/157 158/20/158 159/19/159
f 160/39/160 161/7/161 162/37/162
f 160/39/160 162/37/162 163/36/163
f 164/1/164 161/7/161 160/39/160
f 161/7/161 164/1/164 165/32/165
f 166/40/166 167/34/167 168/52/168
f 166/40/166 168/52/168 169/53/169
f 170/54/170 171/55/171 172/37/172
f 170/54/170 172/37/172 173/42/173
f 174/40/174 175/34/175 176/37/176
f 174/40/174 176/37/176 177/42/177
f 178/53/178 179/52/179 180/56/180
f 178/53/178 180/56/180 181/57/181
f 181/57/181 180/56/180 182/58/182
f 181/57/181 182/58/182 183/59/183
f 183/59/183 182/58/182 184/60/184
f 183/59/183 184/60/184 185/61/185
f 185/61/185 184/60/184 186/62/186
f 185/61/185 186/62/186 187/63/187
f 187/63/187 186/62/186 188/55/188
f 187/63/187 188/55/188 189/54/189
f 190/39/190 191/64/191 192/65/192
f 191/64/191 190/39/190 193/66/193
f 193/66/193 194/67/194 191/64/191
f 194/67/194 193/66/193 195/68/195
f 196/69/196 197/70/197 198/71/198
f 197/70/197 196/69/196 199/72/199
f 200/38/200 198/71/198 197/70/197
f 198/71/198 200/38/200 201/73/201
f 202/7/202 203/37/203 204/1/204
f 205/39/205 204/1/204 203/37/203
f 206/20/206 207/38/207 208/34/208
f 207/38/207 206/20/206 209/18/209
f 210/37/210 211/7/211 212/7/212
f 213/20/213 214/34/214 215/20/215
f 216/37/216 217/1/217 218/7/218
f 219/39/219 217/1/217 216/37/216
f 220/18/220 221/34/221 222/20/222
f 221/34/221 220/18/220 223/38/223
f 224/74/224 225/69/225 226/71/226
f 225/69/225 224/74/224 227/75/227
f 226/71/226 228/76/228 224/74/224
f 228/76/228 226/71/226 229/73/229
f 230/77/230 231/65/231 232/64/232
f 232/64/232 233/78/233 230/77/230
f 233/78/233 232/64/232 234/67/234
f 234/67/234 235/79/235 233/78/233
f 236/40/236 237/34/237 238/37/238
f 236/40/236 238/37/238 239/42/239
f 240/80/240 241/81/241 242/82/242
f 241/81/241 240/80/240 243/83/243
f 244/22/244 245/42/245 246/43/246
f 244/22/244 246/43/246 247/23/247
f 248/21/248 245/42/245 244/22/244
f 248/21/248 249/45/249 245/42/245
f 250/20/250 249/45/249 248/21/248
f 250/20/250 251/37/251 249/45/249
f 252/19/252 251/37/251 250/20/250
f 252/19/252 253/36/253 251/37/251
f 254/18/254 253/36/253 252/19/252
f 254/18/254 255/39/255 253/36/253
f 256/15/256 255/39/255 254/18/254
f 255/39/255 256/15/256 257/84/257
f 258/16/258 257/84/257 256/15/256
f 257/84/257 258/16/258 259/85/259
f 260/17/260 259/85/259 258/16/258
f 260/17/260 261/86/261 259/85/259
f 262/34/262 263/37/263 264/87/264
f 264/87/264 263/37/263 265/88/265
f 266/36/266 267/7/267 268/37/268
f 267/7/267 266/36/266 269/32/269
f 270/1/270 271/32/271 266/36/266
f 272/39/272 270/1/270 266/36/266
f 267/7/267 273/37/273 274/37/274
f 273/37/273 267/7/267 275/7/275
f 276/7/276 273/37/273 275/7/275
f 273/37/273 276/7/276 277/37/277
f 278/35/278 279/20/279 280/19/280
f 279/20/279 278/35/278 281/34/281
f 278/35/278 282/18/282 283/38/283
f 282/18/282 278/35/278 284/19/284
f 285/34/285 279/20/279 286/34/286
f 285/34/285 287/20/287 279/20/279
f 285/34/285 288/20/288 287/20/287
f 288/20/288 285/34/285 289/34/289
f 290/37/290 291/39/291 292/1/292
f 292/1/292 293/7/293 290/37/290
f 294/20/294 295/38/295 296/34/296
f 295/38/295 294/20/294 297/18/297
f 298/89/298 299/90/299 300/91/300
f 299/90/299 301/92/301 300/91/300
f 302/93/302 300/91/300 301/92/301
f 303/94/303 300/91/300 302/93/302
f 302/93/302 304/95/304 303/94/303
f 305/96/305 303/94/303 304/95/304
f 303/94/303 305/96/305 306/97/306
f 306/97/306 305/96/305 307/98/307
f 305/96/305 308/99/308 307/98/307
f 309/100/309 310/101/310 311/102/311
f 312/96/312 311/102/311 310/101/310
f 310/101/310 313/103/313 312/96/312
f 312/96/312 313/103/313 314/95/314
f 315/104/315 310/101/310 309/100/309
f 315/104/315 309/100/309 316/89/316
f 316/89/316 317/90/317 315/104/315
f 317/90/317 318/105/318 315/104/315
f 318/105/318 317/90/317 319/106/319
f 317/90/317 320/107/320 319/106/319
f 321/108/321 322/109/322 323/110/323
f 323/110/323 324/111/324 321/108/321
f 322/109/322 321/108/321 325/112/325
f 326/113/326 325/112/325 321/108/321
f 324/111/324 326/113/326 321/108/321
f 327/114/327 322/109/322 325/112/325
f 326/113/326 324/111/324 328/115/328
f 329/116/329 323/110/323 322/109/322
f 324/111/324 323/110/323 330/117/330
f 323/110/323 329/116/329 330/117/330
f 331/39/331 324/111/324 330/117/330
f 329/116/329 322/109/322 332/118/332
f 327/114/327 332/118/332 322/109/322
f 333/119/333 329/116/329 332/118/332
f 332/118/332 327/114/327 334/120/334
f 334/120/334 333/119/333 332/118/332
f 335/85/335 334/120/334 327/114/327
f 333/119/333 334/120/334 336/121/336
f 334/120/334 335/85/335 336/121/336
f 337/122/337 324/111/324 331/39/331
f 337/122/337 328/115/328 324/111/324
f 331/39/331 338/38/338 337/122/337
f 328/115/328 337/122/337 339/123/339
f 338/38/338 339/123/339 337/122/337
f 340/22/340 341/22/341 342/21/342
f 341/22/341 340/22/340 343/23/343
f 344/23/344 343/23/343 340/22/340
f 345/21/345 342/21/342 341/22/341
f 342/21/342 345/21/345 346/20/346
f 347/20/347 346/20/346 345/21/345
f 346/20/346 347/20/347 348/19/348
f 349/19/349 348/19/348 347/20/347
f 348/19/348 349/19/349 350/18/350
f 351/18/351 350/18/350 349/19/349
f 351/18/351 352/15/352 350/18/350
f 352/15/352 351/18/351 353/15/353
f 353/15/353 354/16/354 352/15/352
f 354/16/354 353/15/353 355/16/355
f 354/16/354 355/16/355 356/17/356
f 357/17/357 356/17/356 355/16/355
f 358/22/358 359/22/359 360/23/360
f 361/23/361 360/23/360 359/22/359
f 358/22/358 362/21/362 359/22/359
f 362/21/362 358/22/358 363/21/363
f 363/21/363 364/20/364 362/21/362
f 364/20/364 363/21/363 365/20/365
f 364/20/364 365/20/365 366/19/366
f 367/19/367 366/19/366 365/20/365
f 366/19/366 367/19/367 368/18/368
f 369/18/369 368/18/368 367/19/367
f 368/18/368 369/18/369 370/15/370
f 371/15/371 370/15/370 369/18/369
f 370/15/370 371/15/371 372/16/372
f 373/16/373 372/16/372 371/15/371
f 372/16/372 373/16/373 374/17/374
f 375/17/375 374/17/374 373/16/373
f 376/16/376 377/17/377 378/16/378
f 377/17/377 376/16/376 379/17/379
f 378/16/378 380/15/380 376/16/376
f 380/15/380 378/16/378 381/15/381
f 381/15/381 382/18/382 380/15/380
f 382/18/382 381/15/381 383/18/383
f 383/18/383 384/19/384 382/18/382
f 384/19/384 383/18/383 385/19/385
f 385/19/385 386/20/386 384/19/384
f 386/20/386 385/19/385 387/20/387
f 386/20/386 387/20/387 388/21/388
f 387/20/387 389/21/389 388/21/388
f 388/21/388 389/21/389 390/22/390
f 389/21/389 391/22/391 390/22/390
f 391/22/391 392/23/392 390/22/390
f 392/23/392 391/22/391 393/23/393
f 394/38/394 395/114/395 396/85/396
f 394/38/394 396/85/396 397/39/397
f 398/35/398 397/39/397 399/36/399
f 400/38/400 397/39/397 398/35/398
f 401/87/401 402/88/402 403/124/403
f 403/124/403 402/88/402 404/125/404
f 405/38/405 406/114/406 407/85/407
f 405/38/405 407/85/407 408/39/408
f 409/126/409 410/127/410 411/128/411
f 409/126/409 411/128/411 412/129/412
f 413/130/413 414/131/414 415/132/415
f 416/133/416 415/132/415 414/131/414
f 417/38/417 418/114/418 419/85/419
f 417/38/417 419/85/419 420/39/420
f 421/134/421 422/135/422 423/136/423
f 422/135/422 421/134/421 424/137/424
f 424/137/424 421/134/421 425/138/425
f 426/139/426 427/134/427 428/140/428
f 429/141/429 430/142/430 431/143/431
f 430/142/430 429/141/429 432/144/432
f 430/142/430 432/144/432 433/145/433
f 434/145/434 435/146/435 436/142/436
f 437/35/437 438/36/438 439/34/439
f 439/34/439 438/36/438 440/37/440
f 441/40/441 439/34/439 442/37/442
f 441/40/441 442/37/442 443/42/443
f 444/147/444 445/114/445 446/86/446
f 445/114/445 447/85/447 446/86/446
f 448/38/448 449/65/449 450/73/450
f 449/65/449 448/38/448 451/39/451
f 452/76/452 449/65/449 453/77/453
f 452/76/452 454/73/454 449/65/449
f 455/34/455 456/148/456 457/40/457
f 456/148/456 455/34/455 458/149/458
f 459/37/459 460/42/460 461/150/461
f 462/151/462 461/150/461 460/42/460
f 463/36/463 464/35/464 465/37/465
f 465/37/465 464/35/464 466/34/466
f 463/36/463 467/38/467 464/35/464
f 468/39/468 467/38/467 463/36/463
f 468/39/468 469/152/469 467/38/467
f 468/39/468 470/84/470 469/152/469
f 469/152/469 470/84/470 471/153/471
f 472/84/472 473/85/473 474/153/474
f 474/153/474 473/85/473 475/114/475
f 475/114/475 473/85/473 476/86/476
f 477/147/477 475/114/475 476/86/476
f 478/45/478 479/36/479 480/86/480
f 479/36/479 478/45/478 481/37/481
f 478/45/478 480/86/480 482/42/482
f 479/36/479 483/84/483 480/86/480
f 480/86/480 483/84/483 484/85/484
f 483/84/483 479/36/479 485/39/485
f 486/32/486 487/2/487 488/33/488
f 487/2/487 486/32/486 489/1/489
f 490/7/490 491/33/491 492/4/492
f 491/33/491 490/7/490 493/32/493
f 494/4/494 490/7/490 495/4/495
f 490/7/490 494/4/494 496/7/496
f 494/4/494 497/7/497 496/7/496
f 497/7/497 494/4/494 498/4/498
f 499/38/499 500/39/500 501/34/501
f 501/34/501 500/39/500 502/37/502
f 503/15/503 504/16/504 505/15/505
f 505/15/505 506/18/506 503/15/503
f 504/16/504 507/16/507 505/15/505
f 508/17/508 507/16/507 504/16/504
f 507/16/507 508/17/508 509/17/509
f 506/18/506 505/15/505 510/18/510
f 510/18/510 511/19/511 506/18/506
f 511/19/511 510/18/510 512/19/512
f 512/19/512 513/20/513 511/19/511
f 513/20/513 512/19/512 514/20/514
f 514/20/514 515/21/515 513/20/513
f 515/21/515 514/20/514 516/21/516
f 517/22/517 515/21/515 516/21/516
f 518/22/518 515/21/515 517/22/517
f 519/23/519 518/22/518 517/22/517
f 520/23/520 518/22/518 519/23/519
f 521/38/521 522/39/522 523/154/523
f 523/154/523 522/39/522 524/37/524
f 523/154/523 524/37/524 525/150/525
f 521/38/521 523/154/523 526/155/526
f 527/34/527 521/38/521 526/155/526
f 527/34/527 526/155/526 528/156/528
f 529/60/529 530/39/530 531/62/531
f 532/37/532 531/62/531 530/39/530
f 531/62/531 532/37/532 533/55/533
f 530/39/530 529/60/529 534/38/534
f 534/38/534 529/60/529 535/58/535
f 534/38/534 535/58/535 536/56/536
f 537/34/537 534/38/534 536/56/536
f 537/34/537 536/56/536 538/52/538
# Vertices: 538, normals: 538, texture coordinates: 156, faces: 402

o obj2
v 1.02885199 0.11007041 -0.13922305
v 1.02885199 0.11384413 0.15291557
v 1.02885199 0.02523513 -0.07436188
v 1.02885199 0.02736173 0.09026738
v 1.02885199 0.2847822 0.12131401
v 1.02885199 0.28176776 -0.11204752
v 0.68155402 0.02729685 0.0852448
v 0.68155402 -0.01752942 -0.06878605
v 0.68155402 0.0253 -0.0693393
v 0.68155402 -0.01553258 0.08579805
v 0.03696198 0.12851936 0.14834763
v 0.03696198 0.02523513 -0.07436188
v 0.03696198 0.02736173 0.09026738
v 0.03696198 0.11384413 0.15291557
v 0.03696198 0.12485875 -0.13503571
v 0.03696198 0.11007041 -0.13922305
v 0.03976499 -0.06732766 0.05554554
v 0.03976499 -0.04267932 -0.06846117
v 0.03976499 -0.06852577 -0.03720572
v 0.03976499 -0.04068248 0.08612293
v 0.03976499 0.0253 -0.0693393
v 0.03976499 0.02729685 0.0852448
v -0.18154001 0.2847822 0.12131401
v 1.02885199 0.2847822 0.12131401
v 0.70332199 0.28382823 0.04746218
v 0.73360902 0.28366619 0.03491823
v 0.74615502 0.28327498 0.00463375
v 0.67290801 0.28366226 0.03461425
v 1.02885199 0.28176776 -0.11204752
v 0.73988199 0.28307939 -0.01050898
v 0.73360902 0.28288379 -0.02565172
v 0.70332199 0.28272176 -0.03819567
v -0.02012501 0.28366226 0.03461425
v -0.05053801 0.28382823 0.04746218
v -0.08082601 0.28366619 0.03491823
v -0.09337101 0.28327498 0.00463375
v -0.18154001 0.28176776 -0.11204752
v 0.67290801 0.2828877 -0.02534775
v -0.08082601 0.28288379 -0.02565172
v -0.02012501 0.2828877 -0.02534775
v -0.05053801 0.28272176 -0.03819567
v 0.27012199 -0.11992048 -0.03654183
v 0.29926598 -0.19701406 -0.03554597
v 0.27012199 -0.11872237 0.05620943
v 0.29926598 -0.19581594 0.05720529
v 0.23929998 -0.08041657 0.05571461
v 0.23929998 -0.08161468 -0.03703665
v 0.19350299 -0.06732766 0.05554554
v 0.19350299 -0.06852577 -0.03720572
v 0.03976499 -0.06732766 0.05554554
v 0.03976499 -0.06852577 -0.03720572
v 0.30029601 -0.11872237 0.05620943
v 0.30029601 -0.11992048 -0.03654183
v 0.33924198 -0.07533421 -0.03711778
v 0.29926598 -0.19581594 0.05720529
v 0.29926598 -0.19701406 -0.03554597
v 0.33924198 -0.07413609 0.05563349
v 0.51537198 -0.07413609 0.05563349
v 0.51537198 -0.07533421 -0.03711778
v 0.51537198 -0.04267932 -0.06846117
v 0.51537198 -0.04068248 0.08612293
v 0.54134601 -0.02181207 -0.06873073
v 0.54134601 -0.01981522 0.08585338
v 0.576401 -0.00896314 -0.0688967
v 0.576401 -0.0069663 0.0856874
v 0.63272703 -0.0046805 -0.06895202
v 0.63272703 -0.00268365 0.08563208
v 0.68155402 -0.01752942 -0.06878605
v 0.68155402 -0.01553258 0.08579805
v 1.02885199 0.11384413 0.15291557
v 0.03696198 0.12851936 0.14834763
v 0.03696198 0.11384413 0.15291557
v 1.02885199 0.2847822 0.12131401
v -0.18154001 0.2847822 0.12131401
v -0.14236602 0.12851936 0.14834763
v -0.18154101 0.11384413 0.15291557
v -0.14236602 0.11384413 0.15291557
v -0.14236602 0.11007041 -0.13922305
v -0.18154101 0.11007041 -0.13922305
v -0.14236602 0.12485875 -0.13503571
v -0.18154001 0.28176776 -0.11204752
v 0.03696198 0.12485875 -0.13503571
v 1.02885199 0.28176776 -0.11204752
v 1.02885199 0.11007041 -0.13922305
v 0.03696198 0.11007041 -0.13922305
v -0.14236602 0.06233374 0.1447012
v -0.18154101 0.11384413 0.15291557
v -0.18154101 0.06233374 0.1447012
v -0.14236602 0.11384413 0.15291557
v -0.14236602 0.11007041 -0.13922305
v -0.18154001 0.0587894 -0.1296809
v -0.18154101 0.11007041 -0.13922305
v -0.14236602 0.0587894 -0.1296809
v 0.51537198 -0.04068248 0.08612293
v 0.03976499 -0.04068248 0.08612293
v 0.19350299 -0.06732766 0.05554554
v 0.03976499 -0.06732766 0.05554554
v 0.33924198 -0.07413609 0.05563349
v 0.51537198 -0.07413609 0.05563349
v 0.23929998 -0.08041657 0.05571461
v 0.30029601 -0.11872237 0.05620943
v 0.27012199 -0.11872237 0.05620943
v 0.29926598 -0.19581594 0.05720529
v 0.23929998 -0.08161468 -0.03703665
v 0.30029601 -0.11992048 -0.03654183
v 0.27012199 -0.11992048 -0.03654183
v 0.29926598 -0.19701406 -0.03554597
v 0.33924198 -0.07533421 -0.03711778
v 0.19350299 -0.06852577 -0.03720572
v 0.51537198 -0.04267932 -0.06846117
v 0.51537198 -0.07533421 -0.03711778
v 0.03976499 -0.04267932 -0.06846117
v 0.03976499 -0.06852577 -0.03720572
v 1.02885199 0.11384413 0.15291557
v 0.03696198 0.11384413 0.15291557
v 1.02885199 0.02736173 0.09026738
v 0.03696198 0.02736173 0.09026738
v 1.02885199 0.02523513 -0.07436188
v 0.03696198 0.02523513 -0.07436188
v 1.02885199 0.11007041 -0.13922305
v 0.03696198 0.11007041 -0.13922305
v 0.63272703 -0.0046805 -0.06895202
v 0.576401 -0.00896314 -0.0688967
v 0.68155402 0.0253 -0.0693393
v 0.68155402 -0.01752942 -0.06878605
v 0.03976499 0.0253 -0.0693393
v 0.54134601 -0.02181207 -0.06873073
v 0.51537198 -0.04267932 -0.06846117
v 0.03976499 -0.04267932 -0.06846117
v 0.68155402 0.02729685 0.0852448
v 0.03976499 0.02729685 0.0852448
v 0.576401 -0.0069663 0.0856874
v 0.63272703 -0.00268365 0.08563208
v 0.68155402 -0.01553258 0.08579805
v 0.54134601 -0.01981522 0.08585338
v 0.51537198 -0.04068248 0.08612293
v 0.03976499 -0.04068248 0.08612293
v 1.02885199 0.02736173 0.09026738
v 0.03696198 0.02736173 0.09026738
v 1.02885199 0.02523513 -0.07436188
v 0.03696198 0.02523513 -0.07436188
v -0.14236602 0.0587894 -0.1296809
v -0.14236602 0.06233374 0.1447012
v -0.18154001 0.0587894 -0.1296809
v -0.18154101 0.06233374 0.1447012
v 0.03976499 0.0253 -0.0693393
v 0.68155402 0.02729685 0.0852448
v 0.68155402 0.0253 -0.0693393
v 0.03976499 0.02729685 0.0852448
v -0.14236602 0.12485875 -0.13503571
v 0.03696198 0.12485875 -0.13503571
v 0.03696198 0.12851936 0.14834763
v -0.14236602 0.12851936 0.14834763
v -0.14236602 0.06233374 0.1447012
v -0.14236602 0.12851936 0.14834763
v -0.14236602 0.11384413 0.15291557
v -0.14236602 0.12485875 -0.13503571
v -0.14236602 0.0587894 -0.1296809
v -0.14236602 0.11007041 -0.13922305
vn 1 0 0
vn 1 0 0
vn 1 -0 0
vn 1 -0 0
vn 1 0 0
vn 1 -0 0
vn 1 0 0
vn 1 -0 0
vn 1 -0 0
vn 1 0 0
vn -1 0 0
vn -1 0 0
vn -1 0 0
vn -1 0 0
vn -1 0 0
vn -1 0 0
vn -1 0 0
vn -1 -0 0
vn -1 -0 0
vn -1 0 0
vn -1 -0 0
vn -1 0 0
vn -0 0.99992 -0.01292
vn -0 0.99992 -0.01292
vn -0 0.99992 -0.01292
vn 0 0.99992 -0.01292
vn 0 0.99992 -0.01292
vn -0 0.99992 -0.01291
vn 0 0.99992 -0.01292
vn 0 0.99992 -0.01292
vn 0 0.99992 -0.01292
vn -0 0.99992 -0.01292
vn 0 0.99992 -0.01292
vn 0 0.99992 -0.01292
vn -0 0.99992 -0.01292
vn -0 0.99992 -0.01292
vn -0 0.99992 -0.01292
vn -0 0.99992 -0.01291
vn -0 0.99992 -0.01292
vn 0 0.99992 -0.01292
vn 0 0.99992 -0.01292
vn -0.86809 -0.49637 0.00641
vn -0.9354 -0.35355 0.00457
vn -0.86809 -0.49637 0.00641
vn -0.9354 -0.35356 0.00457
vn -0.5529 -0.83318 0.01076
vn -0.5529 -0.83317 0.01076
vn -0.13875 -0.99024 0.01279
vn -0.13875 -0.99024 0.01279
vn 0 -0.99992 0.01292
vn 0 -0.99992 0.01292
vn 0.93389 -0.35753 0.00462
vn 0.9339 -0.35752 0.00462
vn 0.41363 -0.91037 0.01176
vn 0.99991 -0.01336 0.00017
vn 0.99991 -0.01336 0.00017
vn 0.41362 -0.91037 0.01176
vn 0.82837 -0.56013 0.00724
vn 0.82836 -0.56015 0.00724
vn 0.8272 -0.56187 0.00726
vn 0.82721 -0.56185 0.00726
vn 0.49175 -0.87066 0.01125
vn 0.49175 -0.87066 0.01125
vn 0.212 -0.97719 0.01262
vn 0.21201 -0.97719 0.01262
vn -0.0906 -0.9958 0.01286
vn -0.09059 -0.9958 0.01286
vn -0.25451 -0.96699 0.01249
vn -0.25451 -0.96699 0.01249
vn -1E-05 0.18022 0.98363
vn -7E-05 0.18021 0.98363
vn 1E-05 0.18021 0.98363
vn -3E-05 0.18022 0.98363
vn -0 0.18022 0.98363
vn -0 0.18021 0.98363
vn 0 0.18022 0.98363
vn -1E-05 0.18021 0.98363
vn -1E-05 0.15474 -0.98796
vn 1E-05 0.15475 -0.98795
vn -0 0.15474 -0.98795
vn -0 0.15475 -0.98795
vn -0 0.15474 -0.98795
vn -3E-05 0.15476 -0.98795
vn -1E-05 0.15476 -0.98795
vn 1E-05 0.15474 -0.98796
vn 0 -0.15748 0.98752
vn 0 -0.15748 0.98752
vn 0 -0.15748 0.98752
vn 0 -0.15748 0.98752
vn 0 -0.18294 -0.98312
vn 0 -0.18294 -0.98312
vn 0 -0.18294 -0.98312
vn 0 -0.18294 -0.98312
vn -0.0044 -0.60547 0.79586
vn -0.00441 -0.60547 0.79585
vn -0.00439 -0.60547 0.79586
vn -0.00439 -0.60547 0.79586
vn -0.00439 -0.60536 0.79594
vn -0.0044 -0.60546 0.79586
vn -0.0044 -0.60538 0.79592
vn -0.00435 -0.60538 0.79592
vn -0.0044 -0.60538 0.79592
vn -0.00439 -0.60538 0.79592
vn -0.00442 -0.62574 -0.78002
vn -0.00822 -0.62574 -0.77999
vn -0.00437 -0.62574 -0.78002
vn -0.00437 -0.62574 -0.78002
vn -0.0044 -0.62572 -0.78004
vn -0.0044 -0.62582 -0.77995
vn -0.0044 -0.62582 -0.77995
vn -0.0044 -0.62582 -0.77996
vn -0.00441 -0.62583 -0.77995
vn -0.00439 -0.62583 -0.77995
vn 0 -0.58665 0.80984
vn 0 -0.58665 0.80984
vn 0 -0.58665 0.80984
vn 0 -0.58665 0.80984
vn 0 -0.60737 -0.79442
vn 0 -0.60737 -0.79442
vn 0 -0.60737 -0.79442
vn 0 -0.60737 -0.79442
vn -0 -0.01292 -0.99992
vn -0 -0.01292 -0.99992
vn 0 -0.01292 -0.99992
vn 0 -0.01292 -0.99992
vn 0 -0.01292 -0.99992
vn -0 -0.01292 -0.99992
vn 0 -0.01292 -0.99992
vn 0 -0.01292 -0.99992
vn 0 0.01292 0.99992
vn -0 0.01292 0.99992
vn -0 0.01292 0.99992
vn 0 0.01292 0.99992
vn 0 0.01292 0.99992
vn -0 0.01292 0.99992
vn 0 0.01292 0.99992
vn 0 0.01292 0.99992
vn 0 -0.99992 0.01292
vn 0 -0.99992 0.01292
vn 0 -0.99992 0.01292
vn 0 -0.99992 0.01292
vn 0 -0.99992 0.01292
vn 0 -0.99992 0.01292
vn 0 -0.99992 0.01292
vn 0 -0.99992 0.01292
vn 0 0.99992 -0.01292
vn 0 0.99992 -0.01292
vn 0 0.99992 -0.01292
vn 0 0.99992 -0.01292
vn 0 -0.99992 0.01292
vn 0 -0.99992 0.01292
vn 0 -0.99992 0.01292
vn 0 -0.99992 0.01292
vn 1 0 0
vn 1 0 0
vn 1 0 0
vn 1 -0 0
vn 1 -0 0
vn 1 0 0
vt 0 0
usemtl mat0
f 539/157/539 540/157/540 541/157/541
f 541/157/541 540/157/540 542/157/542
f 539/157/539 543/157/543 540/157/540
f 543/157/543 539/157/539 544/157/544
f 545/157/545 546/157/546 547/157/547
f 546/157/546 545/157/545 548/157/548
f 549/157/549 550/157/550 551/157/551
f 551/157/551 552/157/552 549/157/549
f 553/157/553 550/157/550 549/157/549
f 550/157/550 553/157/553 554/157/554
f 555/157/555 556/157/556 557/157/557
f 558/157/558 556/157/556 555/157/555
f 558/157/558 559/157/559 556/157/556
f 559/157/559 558/157/558 560/157/560
f 561/157/561 562/157/562 563/157/563
f 562/157/562 564/157/564 563/157/563
f 564/157/564 562/157/562 565/157/565
f 566/157/566 561/157/561 563/157/563
f 567/157/567 565/157/565 562/157/562
f 565/157/565 567/157/567 568/157/568
f 568/157/568 567/157/567 569/157/569
f 570/157/570 569/157/569 567/157/567
f 571/157/571 561/157/561 566/157/566
f 561/157/561 571/157/571 572/157/572
f 572/157/572 573/157/573 561/157/561
f 574/157/574 561/157/561 573/157/573
f 567/157/567 575/157/575 570/157/570
f 561/157/561 574/157/574 575/157/575
f 570/157/570 575/157/575 576/157/576
f 577/157/577 575/157/575 574/157/574
f 576/157/576 575/157/575 578/157/578
f 579/157/579 575/157/575 577/157/577
f 578/157/578 575/157/575 579/157/579
f 580/157/580 581/157/581 582/157/582
f 581/157/581 583/157/583 582/157/582
f 580/157/580 582/157/582 584/157/584
f 584/157/584 585/157/585 580/157/580
f 585/157/585 584/157/584 586/157/586
f 586/157/586 587/157/587 585/157/585
f 587/157/587 586/157/586 588/157/588
f 589/157/589 587/157/587 588/157/588
f 590/157/590 591/157/591 592/157/592
f 591/157/591 590/157/590 593/157/593
f 594/157/594 591/157/591 593/157/593
f 592/157/592 595/157/595 590/157/590
f 592/157/592 596/157/596 595/157/595
f 592/157/592 597/157/597 596/157/596
f 598/157/598 596/157/596 597/157/597
f 598/157/598 599/157/599 596/157/596
f 600/157/600 599/157/599 598/157/598
f 599/157/599 600/157/600 601/157/601
f 602/157/602 601/157/601 600/157/600
f 601/157/601 602/157/602 603/157/603
f 604/157/604 603/157/603 602/157/602
f 603/157/603 604/157/604 605/157/605
f 606/157/606 605/157/605 604/157/604
f 605/157/605 606/157/606 607/157/607
f 608/157/608 609/157/609 610/157/610
f 609/157/609 608/157/608 611/157/611
f 611/157/611 612/157/612 609/157/609
f 609/157/609 612/157/612 613/157/613
f 614/157/614 613/157/613 612/157/612
f 613/157/613 614/157/614 615/157/615
f 616/157/616 617/157/617 618/157/618
f 619/157/619 618/157/618 617/157/617
f 620/157/620 618/157/618 619/157/619
f 619/157/619 621/157/621 620/157/620
f 622/157/622 620/157/620 621/157/621
f 620/157/620 622/157/622 623/157/623
f 624/157/624 625/157/625 626/157/626
f 625/157/625 624/157/624 627/157/627
f 628/157/628 629/157/629 630/157/630
f 629/157/629 628/157/628 631/157/631
f 632/157/632 633/157/633 634/157/634
f 635/157/635 634/157/634 633/157/633
f 634/157/634 636/157/636 632/157/632
f 636/157/636 637/157/637 632/157/632
f 636/157/636 634/157/634 638/157/638
f 638/157/638 639/157/639 636/157/636
f 639/157/639 638/157/638 640/157/640
f 640/157/640 641/157/641 639/157/639
f 642/157/642 643/157/643 644/157/644
f 643/157/643 645/157/645 644/157/644
f 643/157/643 642/157/642 646/157/646
f 647/157/647 646/157/646 642/157/642
f 647/157/647 648/157/648 646/157/646
f 646/157/646 648/157/648 649/157/649
f 648/157/648 647/157/647 650/157/650
f 650/157/650 647/157/647 651/157/651
f 652/157/652 653/157/653 654/157/654
f 655/157/655 654/157/654 653/157/653
f 656/157/656 657/157/657 658/157/658
f 659/157/659 658/157/658 657/157/657
f 660/157/660 661/157/661 662/157/662
f 660/157/660 662/157/662 663/157/663
f 664/157/664 662/157/662 661/157/661
f 664/157/664 661/157/661 665/157/665
f 666/157/666 664/157/664 665/157/665
f 664/157/664 666/157/666 667/157/667
f 668/157/668 669/157/669 670/157/670
f 670/157/670 671/157/671 668/157/668
f 671/157/671 672/157/672 668/157/668
f 670/157/670 669/157/669 673/157/673
f 669/157/669 674/157/674 673/157/673
f 674/157/674 669/157/669 675/157/675
f 676/157/676 677/157/677 678/157/678
f 679/157/679 678/157/678 677/157/677
f 680/157/680 681/157/681 682/157/682
f 682/157/682 681/157/681 683/157/683
f 684/157/684 685/157/685 686/157/686
f 685/157/685 684/157/684 687/157/687
f 688/157/688 689/157/689 690/157/690
f 688/157/688 690/157/690 691/157/691
f 692/157/692 693/157/693 694/157/694
f 693/157/693 692/157/692 695/157/695
f 692/157/692 696/157/696 695/157/695
f 695/157/695 696/157/696 697/157/697
# Vertices: 159, normals: 159, texture coordinates: 1, faces: 117

o obj3
v 0.67061001 0.33905277 0.04242346
v 0.70580399 0.33924103 0.05699924
v 0.678868 0.35642165 0.0339404
v 0.70580399 0.31867874 0.06136619
v 0.664823 0.33887228 0.02845162
v 0.676489 0.35634747 0.02819988
v 0.74099702 0.33905277 0.04242346
v 0.684618 0.3617799 0.0281207
v 0.70580399 0.35656574 0.04509647
v 0.70580399 0.36764932 0.02803689
v 0.72698897 0.3617799 0.0281207
v 0.73273897 0.35642165 0.0339404
v 0.73511797 0.35634747 0.02819988
v 0.74678499 0.33887228 0.02845162
v 0.664823 0.33887228 0.02845162
v 0.66214699 0.31118011 0.02885034
v 0.66073501 0.31825739 0.02874892
v 0.749461 0.31118011 0.02885034
v 0.75594401 0.2998744 0.00804063
v 0.65566301 0.2998744 0.00804063
v 0.66163701 0.3106468 -0.01243722
v 0.74997097 0.3106468 -0.01243722
v 0.74678499 0.33887228 0.02845162
v 0.75087303 0.31825739 0.02874892
v 0.72698897 0.3617799 0.0281207
v 0.73511797 0.35634747 0.02819988
v 0.684618 0.3617799 0.0281207
v 0.676489 0.35634747 0.02819988
v 0.70580399 0.36764932 0.02803689
v 0.66434699 0.33833894 -0.01283693
v 0.66023302 0.31772405 -0.01253964
v 0.74726099 0.33833894 -0.01283693
v 0.75137502 0.31772405 -0.01253964
v 0.72591102 0.36226547 -0.01318201
v 0.73557198 0.35581413 -0.01308967
v 0.68569601 0.36226547 -0.01318201
v 0.676036 0.35581413 -0.01308967
v 0.70459503 0.36749092 -0.01325751
v 0.70701301 0.36749092 -0.01325751
v 0.70580399 0.36758989 -0.01325879
v 0.68126702 0.2588329 -0.01627528
v 0.66771102 0.27989805 0.00829868
v 0.678868 0.27954617 -0.01894205
v 0.671103 0.25915381 0.00856664
v 0.65776199 0.23831852 0.00883578
v 0.68126702 0.25946677 0.03279362
v 0.67183298 0.23787574 -0.02544036
v 0.67183298 0.23875333 0.04249697
v 0.70580399 0.237694 -0.03951119
v 0.70580399 0.23893507 0.0565668
v 0.70580399 0.25870162 -0.02643844
v 0.70580399 0.25959805 0.04295677
v 0.73034102 0.2588329 -0.01627528
v 0.739775 0.23787574 -0.02544036
v 0.70580399 0.27940205 -0.03009812
v 0.753847 0.23831852 0.00883578
v 0.74050498 0.25915381 0.00856664
v 0.73034102 0.25946677 0.03279362
v 0.739775 0.23875333 0.04249697
v 0.74389702 0.27989805 0.00829868
v 0.70580399 0.28038609 0.04608052
v 0.73273897 0.280242 0.03492445
v 0.73273897 0.27954617 -0.01894205
v 0.755575 0.29737362 0.00807294
v 0.678868 0.280242 0.03492445
v 0.70580399 0.2980125 0.0575318
v 0.65603298 0.29737362 0.00807294
v 0.67061001 0.29782423 0.04295602
v 0.74099702 0.29782423 0.04295602
v 0.66214699 0.31118011 0.02885034
v 0.65566301 0.2998744 0.00804063
v 0.66163701 0.3106468 -0.01243722
v 0.66771102 0.31847492 0.04558851
v 0.66073501 0.31825739 0.02874892
v 0.67061001 0.29691508 -0.0274251
v 0.66771102 0.31749088 -0.03059013
v 0.66023302 0.31772405 -0.01253964
v 0.70580399 0.29672679 -0.04200089
v 0.70580399 0.31728706 -0.04636782
v 0.74099702 0.29691508 -0.0274251
v 0.67061001 0.33814362 -0.02795767
v 0.66434699 0.33833894 -0.01283693
v 0.74997097 0.3106468 -0.01243722
v 0.75594401 0.2998744 0.00804063
v 0.749461 0.31118011 0.02885034
v 0.74389702 0.31749088 -0.03059013
v 0.75137502 0.31772405 -0.01253964
v 0.74389702 0.31847492 0.04558851
v 0.75087303 0.31825739 0.02874892
v 0.74099702 0.33814362 -0.02795767
v 0.74726099 0.33833894 -0.01283693
v 0.70580399 0.33795533 -0.04253346
v 0.73273897 0.35572582 -0.0199261
v 0.73557198 0.35581413 -0.01308967
v 0.72591102 0.36226547 -0.01318201
v 0.70580399 0.3555817 -0.03108217
v 0.70701301 0.36749092 -0.01325751
v 0.678868 0.35572582 -0.0199261
v 0.676036 0.35581413 -0.01308967
v 0.68569601 0.36226547 -0.01318201
v 0.70459503 0.36749092 -0.01325751
v 0.70580399 0.36748445 -0.01375847
v 0.70580399 0.36758989 -0.01325879
vn -0.65784 0.37526 0.65302
vn 0 0.37879 0.92548
vn -0.51589 0.69047 0.50706
vn 0 0.01291 0.99992
vn -0.86804 0.34704 0.35507
vn -0.69831 0.65838 0.28089
vn 0.65782 0.37527 0.65303
vn -0.29737 0.83054 0.47092
vn 1E-05 0.69322 0.72073
vn 0 0.83856 0.54481
vn 0.29738 0.83055 0.47091
vn 0.51588 0.69048 0.50706
vn 0.6983 0.65839 0.28089
vn 0.86802 0.34705 0.35511
vn -2E-05 -0.0144 -0.9999
vn -2E-05 0.51512 -0.85712
vn -0.00023 -0.01438 -0.9999
vn 2E-05 0.51514 -0.8571
vn 0 0.99999 -0.00373
vn 0 0.99999 -0.00373
vn -1E-05 0.53108 0.84732
vn 1E-05 0.53111 0.84731
vn 2E-05 -0.0144 -0.9999
vn 0.00023 -0.01438 -0.9999
vn 2E-05 -0.01441 -0.9999
vn 0.0002 -0.01427 -0.9999
vn -2E-05 -0.01441 -0.9999
vn -0.0002 -0.01427 -0.9999
vn 0 -0.01428 -0.9999
vn -1E-05 0.01444 0.9999
vn -0.00013 0.01445 0.9999
vn 1E-05 0.01444 0.9999
vn 0.00013 0.01445 0.9999
vn 2E-05 0.01444 0.9999
vn 0.00018 0.01458 0.99989
vn -2E-05 0.01444 0.9999
vn -0.00018 0.01458 0.99989
vn 0 0.0144 0.9999
vn 0 0.01441 0.9999
vn 0 0.01441 0.9999
vn -0.69088 0.21338 -0.69076
vn -0.9226 -0.38566 0.00905
vn -0.65357 -0.39436 -0.64601
vn -0.97502 0.22212 0.00155
vn -0.84216 0.53922 -0.00412
vn -0.68801 0.2307 0.68806
vn -0.59633 0.53152 -0.60156
vn -0.59463 0.5469 0.58933
vn -0 0.52834 -0.84903
vn 0 0.55008 0.83511
vn -0 0.20947 -0.97782
vn -0 0.23464 0.97208
vn 0.69088 0.21339 -0.69076
vn 0.59633 0.53152 -0.60157
vn 1E-05 -0.39762 -0.91755
vn 0.84214 0.53924 -0.00412
vn 0.97501 0.22213 0.00155
vn 0.688 0.23071 0.68806
vn 0.59463 0.5469 0.58934
vn 0.9226 -0.38565 0.00905
vn 0 -0.37379 0.92751
vn 0.65116 -0.37703 0.65867
vn 0.65356 -0.39434 -0.64602
vn 0.93041 -0.36645 0.00693
vn -0.65116 -0.37705 0.65866
vn 0 -0.35477 0.93495
vn -0.93041 -0.36645 0.00693
vn -0.6576 -0.35728 0.66326
vn 0.65759 -0.3573 0.66326
vn -0.90923 -0.17185 0.37917
vn -0.98127 -0.19259 0.00279
vn -0.9099 -0.18524 -0.37117
vn -0.7071 0.01028 0.70704
vn -0.92382 0.00729 0.38275
vn -0.65868 -0.37536 -0.6521
vn -0.70742 -0.00907 -0.70673
vn -0.92442 -0.00494 -0.38134
vn 0 -0.3788 -0.92548
vn 0 -0.01293 -0.99992
vn 0.65884 -0.37525 -0.65201
vn -0.65783 0.35826 -0.6625
vn -0.86815 0.33743 -0.36395
vn 0.9099 -0.18518 -0.3712
vn 0.98127 -0.19261 0.00279
vn 0.90922 -0.17187 0.37918
vn 0.70743 -0.00907 -0.70673
vn 0.92446 -0.00492 -0.38126
vn 0.7071 0.01023 0.70704
vn 0.92382 0.0073 0.38275
vn 0.65782 0.35827 -0.66251
vn 0.86813 0.33743 -0.364
vn 0 0.35476 -0.93496
vn 0.51589 0.67714 -0.52473
vn 0.69847 0.65071 -0.29786
vn 0.29756 0.81812 -0.49208
vn 1E-05 0.67437 -0.73839
vn 0.20751 0.83376 -0.51165
vn -0.51592 0.67714 -0.5247
vn -0.6985 0.65072 -0.29776
vn -0.29757 0.81812 -0.49207
vn -0.20751 0.83375 -0.51166
vn -1E-05 0.90083 -0.43416
vn -0 0.97823 -0.20753
vt 0 0
usemtl mat0
f 698/158/698 699/158/699 700/158/700
f 701/158/701 699/158/699 698/158/698
f 698/158/698 700/158/700 702/158/702
f 703/158/703 702/158/702 700/158/700
f 701/158/701 704/158/704 699/158/699
f 703/158/703 700/158/700 705/158/705
f 705/158/705 700/158/700 706/158/706
f 699/158/699 706/158/706 700/158/700
f 707/158/707 705/158/705 706/158/706
f 706/158/706 708/158/708 707/158/707
f 699/158/699 709/158/709 706/158/706
f 708/158/708 706/158/706 709/158/709
f 709/158/709 699/158/699 704/158/704
f 708/158/708 709/158/709 710/158/710
f 711/158/711 709/158/709 704/158/704
f 709/158/709 711/158/711 710/158/710
f 712/158/712 713/158/713 714/158/714
f 713/158/713 712/158/712 715/158/715
f 716/158/716 713/158/713 715/158/715
f 713/158/713 716/158/716 717/158/717
f 716/158/716 718/158/718 717/158/717
f 718/158/718 716/158/716 719/158/719
f 715/158/715 712/158/712 720/158/720
f 715/158/715 720/158/720 721/158/721
f 722/158/722 720/158/720 712/158/712
f 720/158/720 722/158/722 723/158/723
f 722/158/722 712/158/712 724/158/724
f 724/158/724 712/158/712 725/158/725
f 722/158/722 724/158/724 726/158/726
f 719/158/719 727/158/727 718/158/718
f 718/158/718 727/158/727 728/158/728
f 729/158/729 727/158/727 719/158/719
f 729/158/729 719/158/719 730/158/730
f 731/158/731 727/158/727 729/158/729
f 731/158/731 729/158/729 732/158/732
f 727/158/727 731/158/731 733/158/733
f 727/158/727 733/158/733 734/158/734
f 733/158/733 731/158/731 735/158/735
f 736/158/736 735/158/735 731/158/731
f 735/158/735 736/158/736 737/158/737
f 738/158/738 739/158/739 740/158/740
f 739/158/739 738/158/738 741/158/741
f 738/158/738 742/158/742 741/158/741
f 743/158/743 739/158/739 741/158/741
f 742/158/742 743/158/743 741/158/741
f 742/158/742 738/158/738 744/158/744
f 742/158/742 745/158/745 743/158/743
f 738/158/738 746/158/746 744/158/744
f 747/158/747 743/158/743 745/158/745
f 748/158/748 746/158/746 738/158/738
f 743/158/743 747/158/747 749/158/749
f 750/158/750 746/158/746 748/158/748
f 746/158/746 750/158/750 751/158/751
f 738/158/738 752/158/752 748/158/748
f 752/158/752 750/158/750 748/158/748
f 752/158/752 738/158/738 740/158/740
f 751/158/751 750/158/750 753/158/753
f 750/158/750 754/158/754 753/158/753
f 755/158/755 753/158/753 754/158/754
f 753/158/753 755/158/755 756/158/756
f 747/158/747 756/158/756 755/158/755
f 747/158/747 755/158/755 749/158/749
f 754/158/754 757/158/757 755/158/755
f 750/158/750 757/158/757 754/158/754
f 755/158/755 758/158/758 749/158/749
f 743/158/743 749/158/749 758/158/758
f 757/158/757 759/158/759 755/158/755
f 758/158/758 755/158/755 759/158/759
f 757/158/757 750/158/750 760/158/760
f 760/158/760 750/158/750 752/158/752
f 761/158/761 759/158/759 757/158/757
f 760/158/760 761/158/761 757/158/757
f 743/158/743 758/158/758 762/158/762
f 739/158/739 743/158/743 762/158/762
f 758/158/758 759/158/759 763/158/763
f 763/158/763 762/158/762 758/158/758
f 764/158/764 739/158/739 762/158/762
f 764/158/764 740/158/740 739/158/739
f 762/158/762 763/158/763 765/158/765
f 764/158/764 762/158/762 765/158/765
f 759/158/759 766/158/766 763/158/763
f 759/158/759 761/158/761 766/158/766
f 701/158/701 765/158/765 763/158/763
f 763/158/763 766/158/766 701/158/701
f 764/158/764 765/158/765 767/158/767
f 764/158/764 767/158/767 768/158/768
f 768/158/768 769/158/769 764/158/764
f 767/158/767 765/158/765 770/158/770
f 765/158/765 701/158/701 770/158/770
f 770/158/770 771/158/771 767/158/767
f 771/158/771 770/158/770 698/158/698
f 770/158/770 701/158/701 698/158/698
f 702/158/702 771/158/771 698/158/698
f 772/158/772 764/158/764 769/158/769
f 740/158/740 764/158/764 772/158/772
f 772/158/772 769/158/769 773/158/773
f 773/158/773 769/158/769 774/158/774
f 772/158/772 775/158/775 740/158/740
f 740/158/740 775/158/775 752/158/752
f 775/158/775 760/158/760 752/158/752
f 772/158/772 776/158/776 775/158/775
f 776/158/776 772/158/772 773/158/773
f 760/158/760 775/158/775 777/158/777
f 776/158/776 777/158/777 775/158/775
f 777/158/777 761/158/761 760/158/760
f 774/158/774 778/158/778 773/158/773
f 778/158/778 776/158/776 773/158/773
f 778/158/778 774/158/774 779/158/779
f 780/158/780 761/158/761 777/158/777
f 761/158/761 780/158/780 781/158/781
f 782/158/782 761/158/761 781/158/781
f 761/158/761 782/158/782 766/158/766
f 783/158/783 780/158/780 777/158/777
f 777/158/777 776/158/776 783/158/783
f 780/158/780 783/158/783 784/158/784
f 782/158/782 785/158/785 766/158/766
f 786/158/786 785/158/785 782/158/782
f 785/158/785 701/158/701 766/158/766
f 786/158/786 704/158/704 785/158/785
f 704/158/704 701/158/701 785/158/785
f 704/158/704 786/158/786 711/158/711
f 787/158/787 784/158/784 783/158/783
f 776/158/776 787/158/787 783/158/783
f 784/158/784 787/158/787 788/158/788
f 787/158/787 776/158/776 789/158/789
f 776/158/776 778/158/778 789/158/789
f 790/158/790 788/158/788 787/158/787
f 789/158/789 790/158/790 787/158/787
f 788/158/788 790/158/790 791/158/791
f 790/158/790 792/158/792 791/158/791
f 790/158/790 793/158/793 792/158/792
f 790/158/790 789/158/789 793/158/793
f 793/158/793 794/158/794 792/158/792
f 795/158/795 789/158/789 778/158/778
f 789/158/789 795/158/795 793/158/793
f 779/158/779 795/158/795 778/158/778
f 795/158/795 779/158/779 796/158/796
f 795/158/795 796/158/796 797/158/797
f 797/158/797 793/158/793 795/158/795
f 798/158/798 793/158/793 797/158/797
f 794/158/794 793/158/793 799/158/799
f 793/158/793 798/158/798 799/158/799
f 799/158/799 800/158/800 794/158/794
f 800/158/800 799/158/799 798/158/798
# Vertices: 103, normals: 103, texture coordinates: 1, faces: 144

o obj4
v 0.70218599 -0.05004378 -0.09299109
v 0.69888902 -0.04771418 0.11777939
v 0.69329101 -0.02780863 -0.09327832
v 0.72442198 -0.05925401 -0.09287212
v 0.68999398 -0.02547903 0.11749217
v 0.72112501 -0.05692441 0.11789836
v 0.70218599 -0.00557349 -0.09356554
v 0.74665803 -0.05004378 -0.09299109
v 0.69888902 -0.00324489 0.11720496
v 0.743361 -0.04771418 0.11777939
v 0.72112501 0.00596434 0.11708599
v 0.75225502 -0.02547903 0.11749217
v 0.72442198 0.00363474 -0.09368449
v 0.75555199 -0.02780863 -0.09327832
v 0.743361 -0.00324489 0.11720496
v 0.74665803 -0.00557349 -0.09356554
v 0.75555199 -0.02780863 -0.09327832
v 0.72442198 0.00363474 -0.09368449
v 0.74665803 -0.00557349 -0.09356554
v 0.69329101 -0.02780863 -0.09327832
v 0.70218599 -0.00557349 -0.09356554
v 0.72442198 -0.05925401 -0.09287212
v 0.70218599 -0.05004378 -0.09299109
v 0.74665803 -0.05004378 -0.09299109
v 0.72112501 -0.0569264 0.11774438
v 0.75225502 -0.02548102 0.11733819
v 0.68999398 -0.02548102 0.11733819
v 0.743361 -0.04771617 0.11762541
v 0.69888902 -0.04771617 0.11762541
v 0.72112501 0.00596235 0.11693201
v 0.743361 -0.00324688 0.11705098
v 0.69888902 -0.00324688 0.11705098
v 0.06617498 -0.04513254 0.09040476
v 0.09723999 -0.01375517 0.08999944
v 0.03510898 -0.01375517 0.08999944
v 0.08836398 -0.03594231 0.09028605
v 0.04398499 -0.03594231 0.09028605
v 0.06617498 0.01762322 0.08959411
v 0.08836398 0.00843298 0.08971283
v 0.04398499 0.00843298 0.08971283
v 0.09723999 -0.01585103 -0.07225001
v 0.06617498 0.01552736 -0.07265534
v 0.08836398 0.00633712 -0.07253662
v 0.03510898 -0.01585103 -0.07225001
v 0.04398499 0.00633712 -0.07253662
v 0.06617498 -0.04722841 -0.07184469
v 0.04398499 -0.03803818 -0.07196341
v 0.08836398 -0.03803818 -0.07196341
v 0.08836398 0.00843298 0.08971283
v 0.09723999 -0.01585103 -0.07225001
v 0.08836398 0.00633712 -0.07253662
v 0.06617498 0.01552736 -0.07265534
v 0.09723999 -0.01375517 0.08999944
v 0.06617498 0.01762322 0.08959411
v 0.08836398 -0.03803818 -0.07196341
v 0.04398499 0.00633712 -0.07253662
v 0.08836398 -0.03594231 0.09028605
v 0.04398499 0.00843298 0.08971283
v 0.06617498 -0.04513254 0.09040476
v 0.03510898 -0.01375517 0.08999944
v 0.06617498 -0.04722841 -0.07184469
v 0.03510898 -0.01585103 -0.07225001
v 0.04398499 -0.03594231 0.09028605
v 0.04398499 -0.03803818 -0.07196341
vn -0.58019 -0.81447 -0.00259
vn -0.58404 -0.81172 -0.00272
vn -0.99988 0.00023 -0.01564
vn 0.00381 -0.99993 0.01111
vn -0.99988 -0.00063 -0.01563
vn -0.00381 -0.99993 0.01099
vn -0.5797 0.81457 -0.02082
vn 0.58461 -0.81105 0.02088
vn -0.5847 0.81098 -0.02089
vn 0.5797 -0.81456 0.02085
vn -0.00381 0.99993 -0.01111
vn 0.99988 -0.00024 0.01564
vn 0.00381 0.99993 -0.01099
vn 0.99988 0.00064 0.01563
vn 0.58024 0.81444 0.00258
vn 0.5841 0.81168 0.00269
vn 0 -0.01292 -0.99992
vn 0 -0.01292 -0.99992
vn 0 -0.01292 -0.99992
vn 0 -0.01292 -0.99992
vn 0 -0.01292 -0.99992
vn 0 -0.01292 -0.99992
vn 0 -0.01292 -0.99992
vn 0 -0.01292 -0.99992
vn -0 0.01292 0.99992
vn 0 0.01292 0.99992
vn -0 0.01292 0.99992
vn -0 0.01292 0.99992
vn 0 0.01292 0.99992
vn 0 0.01292 0.99992
vn 0 0.01292 0.99992
vn -0 0.01292 0.99992
vn 0 0.01292 0.99992
vn 0 0.01292 0.99992
vn 0 0.01292 0.99992
vn 0 0.01292 0.99992
vn 0 0.01292 0.99992
vn 0 0.01292 0.99992
vn 0 0.01292 0.99992
vn 0 0.01292 0.99992
vn 0 -0.01292 -0.99992
vn 0 -0.01292 -0.99992
vn 0 -0.01292 -0.99992
vn -0 -0.01292 -0.99992
vn 0 -0.01292 -0.99992
vn 0 -0.01292 -0.99992
vn -0 -0.01292 -0.99992
vn 0 -0.01292 -0.99992
vn 0.58219 0.81298 -0.0105
vn 1 -1E-05 0
vn 0.5822 0.81298 -0.0105
vn 1E-05 0.99992 -0.01292
vn 1 -1E-05 0
vn 1E-05 0.99992 -0.01292
vn 0.58218 -0.81299 0.0105
vn -0.58218 0.81299 -0.0105
vn 0.58224 -0.81295 0.0105
vn -0.58224 0.81295 -0.0105
vn 1E-05 -0.99992 0.01292
vn -1 -1E-05 0
vn 1E-05 -0.99992 0.01292
vn -1 -1E-05 0
vn -0.58231 -0.8129 0.01056
vn -0.58219 -0.81299 0.0105
vt 0 0
usemtl mat0
f 801/159/801 802/159/802 803/159/803
f 804/159/804 802/159/802 801/159/801
f 803/159/803 802/159/802 805/159/805
f 802/159/802 804/159/804 806/159/806
f 803/159/803 805/159/805 807/159/807
f 808/159/808 806/159/806 804/159/804
f 807/159/807 805/159/805 809/159/809
f 806/159/806 808/159/808 810/159/810
f 811/159/811 807/159/807 809/159/809
f 808/159/808 812/159/812 810/159/810
f 807/159/807 811/159/811 813/159/813
f 814/159/814 812/159/812 808/159/808
f 815/159/815 813/159/813 811/159/811
f 814/159/814 815/159/815 812/159/812
f 813/159/813 815/159/815 816/159/816
f 816/159/816 815/159/815 814/159/814
f 817/159/817 818/159/818 819/159/819
f 820/159/820 818/159/818 817/159/817
f 818/159/818 820/159/820 821/159/821
f 822/159/822 820/159/820 817/159/817
f 820/159/820 822/159/822 823/159/823
f 822/159/822 817/159/817 824/159/824
f 825/159/825 826/159/826 827/159/827
f 826/159/826 825/159/825 828/159/828
f 825/159/825 827/159/827 829/159/829
f 827/159/827 826/159/826 830/159/830
f 830/159/830 826/159/826 831/159/831
f 827/159/827 830/159/830 832/159/832
f 833/159/833 834/159/834 835/159/835
f 834/159/834 833/159/833 836/159/836
f 833/159/833 835/159/835 837/159/837
f 835/159/835 834/159/834 838/159/838
f 838/159/838 834/159/834 839/159/839
f 835/159/835 838/159/838 840/159/840
f 841/159/841 842/159/842 843/159/843
f 844/159/844 842/159/842 841/159/841
f 842/159/842 844/159/844 845/159/845
f 846/159/846 844/159/844 841/159/841
f 844/159/844 846/159/846 847/159/847
f 846/159/846 841/159/841 848/159/848
f 849/159/849 850/159/850 851/159/851
f 852/159/852 849/159/849 851/159/851
f 850/159/850 849/159/849 853/159/853
f 849/159/849 852/159/852 854/159/854
f 850/159/850 853/159/853 855/159/855
f 856/159/856 854/159/854 852/159/852
f 855/159/855 853/159/853 857/159/857
f 854/159/854 856/159/856 858/159/858
f 859/159/859 855/159/855 857/159/857
f 856/159/856 860/159/860 858/159/858
f 855/159/855 859/159/859 861/159/861
f 862/159/862 860/159/860 856/159/856
f 863/159/863 861/159/861 859/159/859
f 862/159/862 863/159/863 860/159/860
f 861/159/861 863/159/863 864/159/864
f 863/159/863 862/159/862 864/159/864
# Vertices: 64, normals: 64, texture coordinates: 1, faces: 56

o obj5
v -1.26742005 0.15787163 -0.0351518
v -1.18898797 0.0119312 -0.05181815
v -1.18898797 0.0135331 0.07219149
v -1.26742005 0.15899433 0.05176095
v -1.17179406 -0.05709804 -0.05092647
v -1.17179406 -0.05549614 0.07308318
v -1.19191396 -0.1091677 -0.05025386
v -1.19191396 -0.10756581 0.07375579
v -1.14656901 -0.14004312 -0.04985502
v -1.19191396 -0.10756581 0.07375579
v -1.19191396 -0.1091677 -0.05025386
v -1.14656901 -0.13844122 0.07415462
v -1.11035395 -0.18155365 -0.04931881
v -1.11035395 -0.17995174 0.07469083
v -1.09322095 -0.23390828 -0.04864252
v -1.09322095 -0.23230638 0.07536712
v -1.08976305 -0.29091251 -0.04790617
v -1.08976305 -0.2893106 0.07610348
v -1.002913 -0.43313465 -0.04606901
v -0.99962902 -0.40411404 0.07758646
v -0.99962902 -0.40571594 -0.04642319
v -1.002913 -0.43153274 0.07794064
v -1.00821698 -0.35105348 0.07690105
v -1.00821698 -0.35265538 -0.0471086
v -1.04313099 -0.31018388 0.07637311
v -1.04313099 -0.31178579 -0.04763654
v -1.08976305 -0.2893106 0.07610348
v -1.08976305 -0.29091251 -0.04790617
v 0.51383197 -0.0582908 0.05787601
v 0.51356602 -0.1115946 -0.03497824
v 0.51383197 -0.05949894 -0.03565118
v 0.51356602 -0.11038646 0.05854896
v 0.37291801 -0.0582908 0.05787601
v 0.54677099 -0.18255743 0.05948123
v 0.37291801 -0.05949894 -0.03565118
v 0.54677099 -0.18376558 -0.03404597
v 0.32072598 -0.07399573 -0.03546392
v 0.58115399 -0.23087764 -0.0334374
v 0.32072598 -0.07278759 0.05806327
v 0.58115399 -0.2296695 0.0600898
v 0.29206496 -0.11360243 -0.0349523
v 0.62306899 -0.30625835 -0.03246367
v 0.29206496 -0.1123943 0.05857489
v 0.29146099 -0.19645151 -0.0338821
v 0.29146099 -0.19524337 0.0596451
v 0.62306899 -0.30505019 0.06106353
v 0.61884803 -0.38385561 0.0620815
v 0.61884803 -0.38506377 -0.03144569
v 0.57344502 -0.43396643 0.06272881
v 0.57344502 -0.43517458 -0.03079839
v 0.519476 -0.46694368 0.06315479
v 0.519476 -0.46815184 -0.0303724
v 0.44916701 -0.47757503 -0.03025068
v 0.44916701 -0.47636688 0.06327651
v -0.31665999 0.15763204 -0.05370025
v -1.26742005 0.15787163 -0.0351518
v -1.26742005 0.15899433 0.05176095
v -0.31665999 0.15923394 0.0703094
v 1.74013698 -0.5810973 -0.08480209
v 1.53453803 -0.49543843 -0.08590859
v 1.79153502 -0.54683417 -0.08524469
v 1.81435096 -0.18942298 -0.08986155
v 1.773754 -0.13159581 -0.09060854
v 1.22666597 0.0325335 -0.09272868
v 1.13214099 -0.21587777 -0.08951982
v 1.15976501 0.00239801 -0.0923394
v 1.06553304 0.02814895 -0.0885617
v 0.95416701 -0.16035341 -0.09023706
v 0.78283501 -0.13465455 -0.09056903
v 0.66846299 0.02814895 -0.0885617
v 0.68431902 -0.05328034 -0.09162018
v 0.66846299 0.03069677 0.10867584
v 0.78283501 -0.13200057 0.11488684
v 1.06553304 0.03069677 0.10867584
v 0.68431902 -0.05062636 0.11383568
v 0.95416701 -0.15769942 0.1152188
v 1.13214099 -0.21322379 0.11593604
v 1.15976501 0.00505199 0.11311646
v 1.22666597 0.03518748 0.11272718
v 1.53453803 -0.49278444 0.11954727
v 1.773754 -0.12894182 0.11484732
v 1.81435096 -0.18676899 0.11559431
v 1.79153502 -0.54418021 0.12021118
v 1.74013698 -0.57844335 0.12065377
v 1.53453803 -0.49543843 -0.08590859
v 1.74013698 -0.5810973 -0.08480209
v 1.74013698 -0.57844335 0.12065377
v 1.79153502 -0.54418021 0.12021118
v 1.53453803 -0.49278444 0.11954727
v 1.79153502 -0.54683417 -0.08524469
v 1.13214099 -0.21322379 0.11593604
v 1.81435096 -0.18676899 0.11559431
v 1.13214099 -0.21587777 -0.08951982
v 1.81435096 -0.18942298 -0.08986155
v 0.95416701 -0.16035341 -0.09023706
v 1.773754 -0.13159581 -0.09060854
v 0.95416701 -0.15769942 0.1152188
v 1.773754 -0.12894182 0.11484732
v 0.78283501 -0.13200057 0.11488684
v 1.22666597 0.0325335 -0.09272868
v 0.78283501 -0.13465455 -0.09056903
v 1.22666597 0.03518748 0.11272718
v 0.68431902 -0.05328034 -0.09162018
v 1.15976501 0.00239801 -0.0923394
v 0.68431902 -0.05062636 0.11383568
v 0.66846299 0.02814895 -0.0885617
v 0.66846299 0.03069677 0.10867584
v 1.15976501 0.00505199 0.11311646
v 1.06553304 0.02814895 -0.0885617
v 1.06553304 0.03069677 0.10867584
v 0.66846299 0.02814895 -0.0885617
v 0.66846299 0.03069677 0.10867584
v -1.00821698 -0.35105348 0.07690105
v -0.84052902 -0.18344146 0.07473591
v -1.04313099 -0.31018388 0.07637311
v -1.09322095 -0.23230638 0.07536712
v -1.08976305 -0.2893106 0.07610348
v -0.97694701 -0.04452606 0.07294147
v -1.11035395 -0.17995174 0.07469083
v -0.77463502 -0.26948225 0.07584735
v -1.14656901 -0.13844122 0.07415462
v -0.83847499 -0.44262981 0.07808398
v -0.75699103 -0.31678134 0.07645833
v -0.99962902 -0.40411404 0.07758646
v -0.78065801 -0.40611085 0.07761225
v -0.75888902 -0.36989489 0.07714443
v -0.94769102 -0.4620162 0.07833441
v -1.002913 -0.43153274 0.07794064
v -1.00968504 0.00527278 0.07229819
v -1.17179406 -0.05549614 0.07308318
v -1.19191396 -0.10756581 0.07375579
v -1.18898797 0.0135331 0.07219149
v -1.26742005 0.15899433 0.05176095
v -0.93231702 0.01772075 0.0721374
v -0.31665999 0.15923394 0.0703094
v -0.56288302 -0.08900635 0.07351604
v -0.316594 0.01158126 0.0722167
v -0.36601901 -0.08900635 0.07351604
v -0.316594 -0.03958447 0.07287764
v -0.97694701 -0.04612796 -0.05106818
v -1.09322095 -0.23390828 -0.04864252
v -1.11035395 -0.18155365 -0.04931881
v -1.14656901 -0.14004312 -0.04985502
v -0.84052902 -0.18504336 -0.04927373
v -1.00968504 0.00367089 -0.05171145
v -1.04313099 -0.31178579 -0.04763654
v -1.08976305 -0.29091251 -0.04790617
v -1.00821698 -0.35265538 -0.0471086
v -0.77463502 -0.27108416 -0.0481623
v -1.17179406 -0.05709804 -0.05092647
v -1.19191396 -0.1091677 -0.05025386
v -1.18898797 0.0119312 -0.05181815
v -1.26742005 0.15787163 -0.0351518
v -0.93231702 0.01611885 -0.05187225
v -0.31665999 0.15763204 -0.05370025
v -0.56288302 -0.09060825 -0.0504936
v -0.316594 0.00997936 -0.05179294
v -0.36601901 -0.09060825 -0.0504936
v -0.316594 -0.04118637 -0.05113201
v -0.83847499 -0.44423172 -0.04592566
v -0.99962902 -0.40571594 -0.04642319
v -0.75699103 -0.31838325 -0.04755131
v -0.94769102 -0.4636181 -0.04567524
v -1.002913 -0.43313465 -0.04606901
v -0.78065801 -0.40771276 -0.0463974
v -0.75888902 -0.3714968 -0.04686522
v 0.46544397 -0.42746425 -0.03089799
v 0.57344502 -0.43517458 -0.03079839
v 0.519476 -0.46815184 -0.0303724
v 0.44916701 -0.47757503 -0.03025068
v 0.44745499 -0.39448598 -0.03132398
v 0.61884803 -0.38506377 -0.03144569
v 0.62306899 -0.30625835 -0.03246367
v 0.58115399 -0.23087764 -0.0334374
v 0.398624 -0.29683512 -0.03258539
v 0.40719098 -0.36536139 -0.0317002
v 0.54677099 -0.18376558 -0.03404597
v 0.37035501 -0.24030085 -0.03331567
v 0.51356602 -0.1115946 -0.03497824
v 0.37291801 -0.05949894 -0.03565118
v 0.51383197 -0.05949894 -0.03565118
v 0.32323897 -0.20260999 -0.03380255
v 0.29206496 -0.11360243 -0.0349523
v 0.32072598 -0.07399573 -0.03546392
v 0.29146099 -0.19645151 -0.0338821
v 0.37291801 -0.0582908 0.05787601
v 0.51356602 -0.11038646 0.05854896
v 0.51383197 -0.0582908 0.05787601
v 0.37035501 -0.23909271 0.06021152
v 0.54677099 -0.18255743 0.05948123
v 0.398624 -0.29562697 0.0609418
v 0.32323897 -0.20140184 0.05972465
v 0.58115399 -0.2296695 0.0600898
v 0.29206496 -0.1123943 0.05857489
v 0.29146099 -0.19524337 0.0596451
v 0.32072598 -0.07278759 0.05806327
v 0.44745499 -0.39327782 0.06220321
v 0.40719098 -0.36415324 0.06182699
v 0.62306899 -0.30505019 0.06106353
v 0.61884803 -0.38385561 0.0620815
v 0.57344502 -0.43396643 0.06272881
v 0.46544397 -0.42625609 0.06262921
v 0.519476 -0.46694368 0.06315479
v 0.44916701 -0.47636688 0.06327651
v 0.32323897 -0.20260999 -0.03380255
v 0.32323897 -0.20140184 0.05972465
v 0.29146099 -0.19645151 -0.0338821
v 0.29146099 -0.19524337 0.0596451
v 0.37035501 -0.24030085 -0.03331567
v 0.37035501 -0.23909271 0.06021152
v 0.398624 -0.29683512 -0.03258539
v 0.398624 -0.29562697 0.0609418
v 0.40719098 -0.36536139 -0.0317002
v 0.40719098 -0.36415324 0.06182699
v -0.31665999 0.15763204 -0.05370025
v -0.31665999 0.15923394 0.0703094
v -0.316594 0.00997936 -0.05179294
v -0.316594 0.01158126 0.0722167
v -0.316594 -0.04118637 -0.05113201
v -0.316594 -0.03958447 0.07287764
v -0.36601901 -0.08900635 0.07351604
v -0.36601901 -0.09060825 -0.0504936
v -0.56288302 -0.09060825 -0.0504936
v -0.56288302 -0.08900635 0.07351604
v -0.93231702 0.01611885 -0.05187225
v -0.93231702 0.01772075 0.0721374
v -1.00968504 0.00367089 -0.05171145
v -1.00968504 0.00527278 0.07229819
v 0.44916701 -0.47757503 -0.03025068
v 0.46544397 -0.42625609 0.06262921
v 0.46544397 -0.42746425 -0.03089799
v 0.44916701 -0.47636688 0.06327651
v 0.44745499 -0.39327782 0.06220321
v 0.44745499 -0.39448598 -0.03132398
v 0.40719098 -0.36415324 0.06182699
v 0.40719098 -0.36536139 -0.0317002
v -0.97694701 -0.04452606 0.07294147
v -0.97694701 -0.04612796 -0.05106818
v -1.00968504 0.00367089 -0.05171145
v -1.00968504 0.00527278 0.07229819
v -0.84052902 -0.18344146 0.07473591
v -0.84052902 -0.18504336 -0.04927373
v -0.77463502 -0.26948225 0.07584735
v -0.77463502 -0.27108416 -0.0481623
v -0.75699103 -0.31678134 0.07645833
v -0.75699103 -0.31838325 -0.04755131
v -0.75888902 -0.36989489 0.07714443
v -0.75888902 -0.3714968 -0.04686522
v -0.78065801 -0.40611085 0.07761225
v -0.78065801 -0.40771276 -0.0463974
v -0.83847499 -0.44423172 -0.04592566
v -0.83847499 -0.44262981 0.07808398
v -0.94769102 -0.4636181 -0.04567524
v -0.94769102 -0.4620162 0.07833441
v -1.002913 -0.43153274 0.07794064
v -1.002913 -0.43313465 -0.04606901
vn -0.88054 -0.47393 0.00612
vn -0.93437 -0.35628 0.0046
vn -0.93437 -0.35628 0.0046
vn -0.88054 -0.47393 0.00612
vn -0.99806 0.06226 -0.0008
vn -0.99806 0.06225 -0.0008
vn -0.9328 0.36038 -0.00466
vn -0.9328 0.36037 -0.00466
vn -0.66362 -0.74801 0.00966
vn -0.56285 -0.82649 0.01068
vn -0.56285 -0.82649 0.01068
vn -0.66362 -0.74801 0.00966
vn -0.86941 -0.49404 0.00638
vn -0.86941 -0.49405 0.00638
vn -0.9823 -0.18728 0.00242
vn -0.9823 -0.18728 0.00242
vn -0.99817 -0.06054 0.00078
vn -0.99817 -0.06054 0.00078
vn -0.9929 0.11891 -0.00154
vn -0.99979 -0.02063 0.00027
vn -0.99979 -0.02062 0.00027
vn -0.99291 0.1189 -0.00154
vn -0.90742 -0.42019 0.00543
vn -0.90742 -0.42018 0.00543
vn -0.5991 -0.80061 0.01034
vn -0.59911 -0.8006 0.01034
vn -0.40858 -0.91265 0.01179
vn -0.40858 -0.91264 0.01179
vn 0.7089 0.70525 -0.00911
vn 0.96801 0.25089 -0.00324
vn 0.70891 0.70525 -0.00911
vn 0.96801 0.25089 -0.00327
vn -0.13506 0.99075 -0.0128
vn 0.87162 0.49014 -0.00633
vn -0.13506 0.99075 -0.0128
vn 0.8716 0.49018 -0.00633
vn -0.57097 0.8209 -0.0106
vn 0.8716 0.49017 -0.00631
vn -0.57096 0.82091 -0.0106
vn 0.87162 0.49015 -0.00633
vn -0.95023 0.31153 -0.00402
vn 0.97381 0.22735 -0.00294
vn -0.95023 0.31152 -0.00402
vn -0.99997 0.00729 -9E-05
vn -0.99997 0.00729 -9E-05
vn 0.97381 0.22735 -0.00294
vn 0.92307 -0.38459 0.00497
vn 0.92307 -0.3846 0.00497
vn 0.63778 -0.77015 0.00995
vn 0.63778 -0.77016 0.00995
vn 0.33432 -0.94238 0.01217
vn 0.33432 -0.94238 0.01217
vn 0.13285 -0.99105 0.0128
vn 0.13285 -0.99105 0.0128
vn -0 0.99992 -0.01292
vn -0 0.99992 -0.01292
vn -0 0.99992 -0.01292
vn -0 0.99992 -0.01292
vn -0.0003 -0.0076 -0.99997
vn -0.0003 -0.0076 -0.99997
vn -0.0003 -0.0076 -0.99997
vn -0.0003 -0.0076 -0.99997
vn -0.0003 -0.0076 -0.99997
vn -0.0003 -0.0076 -0.99997
vn -0.00033 -0.00761 -0.99997
vn -0.00029 -0.00762 -0.99997
vn -0.00031 -0.00761 -0.99997
vn -0.00029 -0.0076 -0.99997
vn -0.0003 -0.00761 -0.99997
vn -0.00029 -0.0076 -0.99997
vn -0.00031 -0.00762 -0.99997
vn -0.0003 0.01822 0.99983
vn -0.0003 0.01822 0.99983
vn -0.00031 0.01822 0.99983
vn -0.00029 0.01823 0.99983
vn -0.0003 0.01823 0.99983
vn -0.00033 0.01822 0.99983
vn -0.00029 0.01822 0.99983
vn -0.0003 0.01823 0.99983
vn -0.0003 0.01823 0.99983
vn -0.0003 0.01823 0.99983
vn -0.0003 0.01823 0.99983
vn -0.0003 0.01823 0.99983
vn -0.0003 0.01823 0.99983
vn -0.4803 -0.87703 0.01133
vn 0.09645 -0.99526 0.01286
vn 0.09645 -0.99526 0.01286
vn 0.8662 -0.49966 0.00645
vn -0.48031 -0.87703 0.01133
vn 0.86619 -0.49967 0.00645
vn -0.4393 -0.89826 0.0116
vn 0.96266 0.2707 -0.0035
vn -0.43931 -0.89826 0.0116
vn 0.96265 0.27071 -0.0035
vn -0.22376 -0.97456 0.01259
vn 0.58518 0.81083 -0.01047
vn -0.22376 -0.97456 0.01259
vn 0.5852 0.81082 -0.01047
vn -0.40745 -0.91315 0.0118
vn -0.06585 0.99775 -0.01289
vn -0.40746 -0.91315 0.0118
vn -0.06583 0.99775 -0.01289
vn -0.85661 -0.51591 0.00666
vn -0.08326 0.99644 -0.01287
vn -0.85661 -0.51592 0.00666
vn -0.98154 -0.19122 0.00247
vn -0.98154 -0.19122 0.00247
vn -0.08328 0.99644 -0.01287
vn 0.13449 0.99083 -0.0128
vn 0.13449 0.99083 -0.0128
vn 0 0.99992 -0.01292
vn 0 0.99992 -0.01292
vn -0.0046 0.04072 0.99916
vn -0.0046 0.04071 0.99916
vn -0.0046 0.04071 0.99916
vn -0.0046 0.04072 0.99916
vn -0.0046 0.04071 0.99916
vn -0.0046 0.04072 0.99916
vn -0.0046 0.04071 0.99916
vn -0.0046 0.04072 0.99916
vn -0.0046 0.04072 0.99916
vn -0.0046 0.04071 0.99916
vn -0.0046 0.04072 0.99916
vn -0.0046 0.04072 0.99916
vn -0.0046 0.04071 0.99916
vn -0.0046 0.04072 0.99916
vn -0.0046 0.04072 0.99916
vn -0.0046 0.04071 0.99916
vn -0.0046 0.0407 0.99916
vn -0.0046 0.04071 0.99916
vn -0.0046 0.04072 0.99916
vn -0.0046 0.04073 0.99916
vn -0.0046 0.0407 0.99916
vn -0.0046 0.0407 0.99916
vn -0.0046 0.04072 0.99916
vn -0.0046 0.04071 0.99916
vn -0.0046 0.04071 0.99916
vn -0.0046 0.04071 0.99916
vn -0.0046 0.04072 0.99916
vn -0.0046 0.01489 -0.99988
vn -0.0046 0.01489 -0.99988
vn -0.0046 0.01489 -0.99988
vn -0.0046 0.01489 -0.99988
vn -0.0046 0.01489 -0.99988
vn -0.0046 0.01487 -0.99988
vn -0.0046 0.01489 -0.99988
vn -0.0046 0.01489 -0.99988
vn -0.0046 0.01489 -0.99988
vn -0.0046 0.01489 -0.99988
vn -0.0046 0.01489 -0.99988
vn -0.0046 0.01489 -0.99988
vn -0.00459 0.01491 -0.99988
vn -0.0046 0.01487 -0.99988
vn -0.00459 0.01487 -0.99988
vn -0.0046 0.0149 -0.99988
vn -0.0046 0.01489 -0.99988
vn -0.00461 0.01489 -0.99988
vn -0.0046 0.01489 -0.99988
vn -0.0046 0.01489 -0.99988
vn -0.0046 0.01489 -0.99988
vn -0.0045 0.01486 -0.99988
vn -0.0046 0.01489 -0.99988
vn -0.0046 0.01489 -0.99988
vn -0.0046 0.01489 -0.99988
vn -0.0046 0.01489 -0.99988
vn -0.0046 0.01489 -0.99988
vn 0 -0.01292 -0.99992
vn 0 -0.01292 -0.99992
vn 0 -0.01292 -0.99992
vn 0 -0.01292 -0.99992
vn -0 -0.01292 -0.99992
vn 0 -0.01292 -0.99992
vn 0 -0.01292 -0.99992
vn 0 -0.01292 -0.99992
vn -0 -0.01292 -0.99992
vn 0 -0.01292 -0.99992
vn 0 -0.01292 -0.99992
vn -0 -0.01292 -0.99992
vn 0 -0.01292 -0.99992
vn 0 -0.01292 -0.99992
vn 0 -0.01292 -0.99992
vn -0 -0.01292 -0.99992
vn 0 -0.01292 -0.99992
vn -0 -0.01292 -0.99992
vn -0 -0.01292 -0.99992
vn 0 0.01292 0.99992
vn 0 0.01292 0.99992
vn 0 0.01292 0.99992
vn -0 0.01292 0.99992
vn 0 0.01292 0.99992
vn -0 0.01292 0.99992
vn -0 0.01292 0.99992
vn 0 0.01292 0.99992
vn 0 0.01292 0.99992
vn -0 0.01292 0.99992
vn 0 0.01292 0.99992
vn -0 0.01292 0.99992
vn 0 0.01292 0.99992
vn -0 0.01292 0.99992
vn -0 0.01292 0.99992
vn 0 0.01292 0.99992
vn 0 0.01292 0.99992
vn 0 0.01292 0.99992
vn 0 0.01292 0.99992
vn -0.41968 -0.90759 0.01172
vn -0.41969 -0.90759 0.01172
vn -0.19027 -0.98165 0.01268
vn -0.19027 -0.98165 0.01268
vn -0.77767 -0.62862 0.00812
vn -0.77767 -0.62862 0.00812
vn -0.95709 -0.28976 0.00374
vn -0.95709 -0.28976 0.00374
vn -0.99228 -0.12403 0.0016
vn -0.99228 -0.12403 0.0016
vn 1 0.00045 -1E-05
vn 1 0.00045 -1E-05
vn 1 0.00022 -0
vn 1 0.00022 -0
vn 0.92388 -0.38265 0.00494
vn 0.92388 -0.38265 0.00494
vn 0.38268 -0.9238 0.01193
vn 0.38269 -0.9238 0.01193
vn -0.14017 -0.99005 0.01279
vn -0.14016 -0.99005 0.01279
vn -0.06082 -0.99807 0.01289
vn -0.06082 -0.99807 0.01289
vn 0.15886 -0.98722 0.01275
vn 0.15886 -0.98722 0.01275
vn -0.95109 0.30888 -0.00399
vn -0.99571 -0.09251 0.00119
vn -0.99571 -0.09249 0.00119
vn -0.95109 0.30888 -0.00399
vn -0.75052 -0.66079 0.00854
vn -0.75053 -0.66078 0.00854
vn -0.58612 -0.81016 0.01047
vn -0.58612 -0.81016 0.01047
vn 0.77826 0.62789 -0.00811
vn 0.77826 0.62789 -0.00811
vn 0.83563 0.54925 -0.0071
vn 0.83563 0.54925 -0.00709
vn 0.75515 0.65549 -0.00847
vn 0.75516 0.65549 -0.00847
vn 0.87504 0.48401 -0.00625
vn 0.87504 0.48401 -0.00625
vn 0.98712 0.15994 -0.00207
vn 0.98712 0.15995 -0.00207
vn 0.95868 -0.28445 0.00367
vn 0.95869 -0.28444 0.00367
vn 0.71491 -0.69916 0.00903
vn 0.71491 -0.69915 0.00903
vn 0.36119 -0.93242 0.01204
vn 0.36118 -0.93242 0.01204
vn -0.16361 -0.98644 0.01274
vn -0.16363 -0.98644 0.01274
vn -0.4833 -0.87538 0.01131
vn -0.4833 -0.87538 0.01131
vt 0 0
usemtl mat0
f 865/160/865 866/160/866 867/160/867
f 865/160/865 867/160/867 868/160/868
f 867/160/867 866/160/866 869/160/869
f 869/160/869 870/160/870 867/160/867
f 871/160/871 870/160/870 869/160/869
f 870/160/870 871/160/871 872/160/872
f 873/160/873 874/160/874 875/160/875
f 874/160/874 873/160/873 876/160/876
f 876/160/876 873/160/873 877/160/877
f 877/160/877 878/160/878 876/160/876
f 878/160/878 877/160/877 879/160/879
f 879/160/879 880/160/880 878/160/878
f 881/160/881 880/160/880 879/160/879
f 880/160/880 881/160/881 882/160/882
f 883/160/883 884/160/884 885/160/885
f 884/160/884 883/160/883 886/160/886
f 885/160/885 884/160/884 887/160/887
f 887/160/887 888/160/888 885/160/885
f 888/160/888 887/160/887 889/160/889
f 889/160/889 890/160/890 888/160/888
f 891/160/891 890/160/890 889/160/889
f 890/160/890 891/160/891 892/160/892
f 893/160/893 894/160/894 895/160/895
f 894/160/894 893/160/893 896/160/896
f 895/160/895 897/160/897 893/160/893
f 898/160/898 894/160/894 896/160/896
f 895/160/895 899/160/899 897/160/897
f 894/160/894 898/160/898 900/160/900
f 901/160/901 897/160/897 899/160/899
f 898/160/898 902/160/902 900/160/900
f 897/160/897 901/160/901 903/160/903
f 902/160/902 898/160/898 904/160/904
f 905/160/905 903/160/903 901/160/901
f 904/160/904 906/160/906 902/160/902
f 903/160/903 905/160/905 907/160/907
f 908/160/908 907/160/907 905/160/905
f 907/160/907 908/160/908 909/160/909
f 906/160/906 904/160/904 910/160/910
f 906/160/906 910/160/910 911/160/911
f 912/160/912 906/160/906 911/160/911
f 912/160/912 911/160/911 913/160/913
f 913/160/913 914/160/914 912/160/912
f 914/160/914 913/160/913 915/160/915
f 915/160/915 916/160/916 914/160/914
f 917/160/917 916/160/916 915/160/915
f 917/160/917 915/160/915 918/160/918
f 919/160/919 920/160/920 921/160/921
f 919/160/919 921/160/921 922/160/922
f 923/160/923 924/160/924 925/160/925
f 924/160/924 926/160/926 925/160/925
f 924/160/924 927/160/927 926/160/926
f 927/160/927 924/160/924 928/160/928
f 928/160/928 924/160/924 929/160/929
f 928/160/928 929/160/929 930/160/930
f 930/160/930 929/160/929 931/160/931
f 932/160/932 931/160/931 929/160/929
f 933/160/933 931/160/931 932/160/932
f 931/160/931 933/160/933 934/160/934
f 934/160/934 933/160/933 935/160/935
f 936/160/936 937/160/937 938/160/938
f 937/160/937 936/160/936 939/160/939
f 938/160/938 937/160/937 940/160/940
f 941/160/941 938/160/938 940/160/940
f 938/160/938 941/160/941 942/160/942
f 941/160/941 943/160/943 942/160/942
f 944/160/944 943/160/943 941/160/941
f 943/160/943 944/160/944 945/160/945
f 945/160/945 944/160/944 946/160/946
f 944/160/944 947/160/947 946/160/946
f 947/160/947 944/160/944 948/160/948
f 949/160/949 950/160/950 951/160/951
f 950/160/950 952/160/952 951/160/951
f 949/160/949 951/160/951 953/160/953
f 954/160/954 952/160/952 950/160/950
f 953/160/953 955/160/955 949/160/949
f 954/160/954 956/160/956 952/160/952
f 957/160/957 949/160/949 955/160/955
f 954/160/954 958/160/958 956/160/956
f 959/160/959 957/160/957 955/160/955
f 956/160/956 958/160/958 960/160/960
f 959/160/959 955/160/955 961/160/961
f 960/160/960 962/160/962 956/160/956
f 959/160/959 961/160/961 963/160/963
f 964/160/964 962/160/962 960/160/960
f 965/160/965 959/160/959 963/160/963
f 962/160/962 964/160/964 966/160/966
f 965/160/965 963/160/963 967/160/967
f 968/160/968 966/160/966 964/160/964
f 967/160/967 963/160/963 969/160/969
f 967/160/967 969/160/969 970/160/970
f 970/160/970 969/160/969 971/160/971
f 966/160/966 968/160/968 972/160/972
f 973/160/973 972/160/972 968/160/968
f 972/160/972 973/160/973 974/160/974
f 975/160/975 974/160/974 973/160/973
f 974/160/974 975/160/975 976/160/976
f 977/160/977 978/160/978 979/160/979
f 978/160/978 980/160/980 979/160/979
f 980/160/980 981/160/981 979/160/979
f 980/160/980 978/160/978 982/160/982
f 980/160/980 982/160/982 983/160/983
f 978/160/978 977/160/977 984/160/984
f 982/160/982 985/160/985 983/160/983
f 986/160/986 984/160/984 977/160/977
f 984/160/984 986/160/986 987/160/987
f 988/160/988 986/160/986 977/160/977
f 989/160/989 987/160/987 986/160/986
f 987/160/987 989/160/989 990/160/990
f 986/160/986 988/160/988 991/160/991
f 991/160/991 988/160/988 992/160/992
f 993/160/993 985/160/985 982/160/982
f 985/160/985 993/160/993 994/160/994
f 994/160/994 995/160/995 985/160/985
f 994/160/994 993/160/993 996/160/996
f 996/160/996 993/160/993 997/160/997
f 998/160/998 997/160/997 993/160/993
f 997/160/997 998/160/998 999/160/999
f 1000/160/1000 999/160/999 998/160/998
f 1000/160/1000 1001/160/1001 999/160/999
f 1002/160/1002 1001/160/1001 1000/160/1000
f 1001/160/1001 1002/160/1002 1003/160/1003
f 1004/160/1004 1005/160/1005 1006/160/1006
f 1007/160/1007 1004/160/1004 1006/160/1006
f 1005/160/1005 1004/160/1004 1008/160/1008
f 1004/160/1004 1007/160/1007 1009/160/1009
f 1005/160/1005 1008/160/1008 1010/160/1010
f 1005/160/1005 1010/160/1010 1011/160/1011
f 1008/160/1008 1012/160/1012 1010/160/1010
f 1012/160/1012 1008/160/1008 1013/160/1013
f 1007/160/1007 1014/160/1014 1009/160/1009
f 1014/160/1014 1007/160/1007 1015/160/1015
f 1016/160/1016 1009/160/1009 1014/160/1014
f 1017/160/1017 1009/160/1009 1016/160/1016
f 1017/160/1017 1018/160/1018 1009/160/1009
f 1018/160/1018 1017/160/1017 1019/160/1019
f 1019/160/1019 1020/160/1020 1018/160/1018
f 1021/160/1021 1020/160/1020 1019/160/1019
f 1020/160/1020 1021/160/1021 1022/160/1022
f 1022/160/1022 1021/160/1021 1023/160/1023
f 1024/160/1024 1012/160/1012 1013/160/1013
f 1012/160/1012 1024/160/1024 1025/160/1025
f 1024/160/1024 1013/160/1013 1026/160/1026
f 1027/160/1027 1025/160/1025 1024/160/1024
f 1025/160/1025 1027/160/1027 1028/160/1028
f 1026/160/1026 1029/160/1029 1024/160/1024
f 1029/160/1029 1026/160/1026 1030/160/1030
f 1031/160/1031 1032/160/1032 1033/160/1033
f 1033/160/1033 1034/160/1034 1031/160/1031
f 1032/160/1032 1031/160/1031 1035/160/1035
f 1035/160/1035 1036/160/1036 1032/160/1032
f 1035/160/1035 1037/160/1037 1036/160/1036
f 1037/160/1037 1035/160/1035 1038/160/1038
f 1039/160/1039 1038/160/1038 1035/160/1035
f 1039/160/1039 1035/160/1035 1040/160/1040
f 1038/160/1038 1039/160/1039 1041/160/1041
f 1042/160/1042 1041/160/1041 1039/160/1039
f 1041/160/1041 1042/160/1042 1043/160/1043
f 1042/160/1042 1044/160/1044 1043/160/1043
f 1044/160/1044 1045/160/1045 1043/160/1043
f 1044/160/1044 1042/160/1042 1046/160/1046
f 1047/160/1047 1044/160/1044 1046/160/1046
f 1044/160/1044 1047/160/1047 1048/160/1048
f 1047/160/1047 1046/160/1046 1049/160/1049
f 1050/160/1050 1051/160/1051 1052/160/1052
f 1050/160/1050 1053/160/1053 1051/160/1051
f 1053/160/1053 1054/160/1054 1051/160/1051
f 1054/160/1054 1053/160/1053 1055/160/1055
f 1053/160/1053 1050/160/1050 1056/160/1056
f 1055/160/1055 1057/160/1057 1054/160/1054
f 1058/160/1058 1056/160/1056 1050/160/1050
f 1056/160/1056 1058/160/1058 1059/160/1059
f 1058/160/1058 1050/160/1050 1060/160/1060
f 1061/160/1061 1057/160/1057 1055/160/1055
f 1061/160/1061 1055/160/1055 1062/160/1062
f 1057/160/1057 1061/160/1061 1063/160/1063
f 1063/160/1063 1061/160/1061 1064/160/1064
f 1064/160/1064 1061/160/1061 1065/160/1065
f 1066/160/1066 1065/160/1065 1061/160/1061
f 1065/160/1065 1066/160/1066 1067/160/1067
f 1068/160/1068 1067/160/1067 1066/160/1066
f 1069/160/1069 1070/160/1070 1071/160/1071
f 1071/160/1071 1070/160/1070 1072/160/1072
f 1073/160/1073 1070/160/1070 1069/160/1069
f 1070/160/1070 1073/160/1073 1074/160/1074
f 1075/160/1075 1074/160/1074 1073/160/1073
f 1074/160/1074 1075/160/1075 1076/160/1076
f 1077/160/1077 1076/160/1076 1075/160/1075
f 1076/160/1076 1077/160/1077 1078/160/1078
f 1079/160/1079 1080/160/1080 1081/160/1081
f 1081/160/1081 1080/160/1080 1082/160/1082
f 1081/160/1081 1082/160/1082 1083/160/1083
f 1083/160/1083 1082/160/1082 1084/160/1084
f 1085/160/1085 1083/160/1083 1084/160/1084
f 1083/160/1083 1085/160/1085 1086/160/1086
f 1087/160/1087 1086/160/1086 1085/160/1085
f 1087/160/1087 1085/160/1085 1088/160/1088
f 1089/160/1089 1087/160/1087 1088/160/1088
f 1089/160/1089 1088/160/1088 1090/160/1090
f 1091/160/1091 1089/160/1089 1090/160/1090
f 1091/160/1091 1090/160/1090 1092/160/1092
f 1093/160/1093 1094/160/1094 1095/160/1095
f 1094/160/1094 1093/160/1093 1096/160/1096
f 1097/160/1097 1095/160/1095 1094/160/1094
f 1095/160/1095 1097/160/1097 1098/160/1098
f 1099/160/1099 1098/160/1098 1097/160/1097
f 1098/160/1098 1099/160/1099 1100/160/1100
f 1101/160/1101 1102/160/1102 1103/160/1103
f 1103/160/1103 1104/160/1104 1101/160/1101
f 1102/160/1102 1101/160/1101 1105/160/1105
f 1106/160/1106 1102/160/1102 1105/160/1105
f 1106/160/1106 1105/160/1105 1107/160/1107
f 1108/160/1108 1106/160/1106 1107/160/1107
f 1108/160/1108 1107/160/1107 1109/160/1109
f 1109/160/1109 1110/160/1110 1108/160/1108
f 1111/160/1111 1110/160/1110 1109/160/1109
f 1110/160/1110 1111/160/1111 1112/160/1112
f 1113/160/1113 1112/160/1112 1111/160/1111
f 1112/160/1112 1113/160/1113 1114/160/1114
f 1114/160/1114 1113/160/1113 1115/160/1115
f 1115/160/1115 1113/160/1113 1116/160/1116
f 1117/160/1117 1115/160/1115 1116/160/1116
f 1117/160/1117 1116/160/1116 1118/160/1118
f 1119/160/1119 1117/160/1117 1118/160/1118
f 1117/160/1117 1119/160/1119 1120/160/1120
# Vertices: 256, normals: 256, texture coordinates: 1, faces: 224

o obj6
v -1.70805895 0.15952173 -0.0446029
v -1.67767501 0.17098361 -0.01325433
v -1.67766094 0.17262873 -0.01818899
v -1.71680903 0.14764148 -0.02154452
v -1.67763996 0.17496288 -0.02099137
v -1.70460796 0.17595381 -0.05352288
v -1.708058 0.16092309 0.06388205
v -1.67767501 0.1715714 0.03224888
v -1.71680903 0.14845121 0.04114025
v -1.67766094 0.17334342 0.0371384
v -1.67763996 0.17574918 0.03987955
v -1.70460796 0.1775801 0.07237561
v -1.67769599 0.16881824 0.00952854
v -1.71692896 0.14395529 0.00984971
v -1.71680903 0.14845121 0.04114025
v -1.67767501 0.1715714 0.03224888
v -1.67767501 0.17098361 -0.01325433
v -1.71680903 0.14764148 -0.02154452
v -1.67769599 0.16881824 0.00952854
v -1.71692896 0.14395529 0.00984971
v -1.67809403 0.12260652 0.01012548
v -1.71680903 0.14845121 0.04114025
v -1.71692896 0.14395529 0.00984971
v -1.67805898 0.12711632 0.04447309
v -1.71680903 0.14764148 -0.02154452
v -1.67809403 0.12260652 0.01012548
v -1.71692896 0.14395529 0.00984971
v -1.67805898 0.12622762 -0.02432516
v -1.62371802 0.1535373 -0.03924515
v -1.59612 0.16414706 -0.0117749
v -1.59609604 0.16524684 -0.01545941
v -1.63075602 0.14415489 -0.01945531
v -1.59606504 0.16670486 -0.01740841
v -1.620754 0.16680628 -0.04666216
v -1.62371802 0.15480226 0.05868068
v -1.59612 0.16469891 0.03094653
v -1.63075602 0.1449118 0.0391398
v -1.59609604 0.1658935 0.03460041
v -1.59606504 0.16740137 0.03651209
v -1.620754 0.16825841 0.06575346
v -1.597018 0.12151232 0.01013962
v -1.63075602 0.1449118 0.0391398
v -1.63089204 0.14116383 0.00988577
v -1.59694302 0.1254974 0.04396796
v -1.63075602 0.14415489 -0.01945531
v -1.597018 0.12151232 0.01013962
v -1.63089204 0.14116383 0.00988577
v -1.59694302 0.12462227 -0.02377938
v -1.59616005 0.16247807 0.00961044
v -1.63089204 0.14116383 0.00988577
v -1.63075602 0.1449118 0.0391398
v -1.59612 0.16469891 0.03094653
v -1.59612 0.16414706 -0.0117749
v -1.63075602 0.14415489 -0.01945531
v -1.59616005 0.16247807 0.00961044
v -1.63089204 0.14116383 0.00988577
v -1.70460796 0.17595381 -0.05352288
v -1.67763996 0.17496288 -0.02099137
v -1.67744601 0.19724292 -0.04836943
v -1.70460796 0.1775801 0.07237561
v -1.67744601 0.19872898 0.06667396
v -1.67763996 0.17574918 0.03987955
v -1.62371802 0.15480226 0.05868068
v -1.59605098 0.16875601 0.09021607
v -1.620754 0.16825841 0.06575346
v -1.59656405 0.14407714 0.07842086
v -1.63075602 0.1449118 0.0391398
v -1.59694302 0.1254974 0.04396796
v -1.59605098 0.16667183 -0.07112946
v -1.62371802 0.1535373 -0.03924515
v -1.620754 0.16680628 -0.04666216
v -1.59656405 0.14230587 -0.0587007
v -1.63075602 0.14415489 -0.01945531
v -1.59694302 0.12462227 -0.02377938
v -1.50761104 0.17430292 0.00945769
v -1.55173397 0.14654136 0.0098163
v -1.551651 0.15142174 0.05178677
v -1.50761104 0.17716433 0.03714704
v -1.50761104 0.17644814 -0.01829633
v -1.551651 0.15033598 -0.03226622
v -1.50761104 0.17430292 0.00945769
v -1.55173397 0.14654136 0.0098163
v -1.708058 0.16092309 0.06388205
v -1.67763305 0.17732786 0.09474773
v -1.70460796 0.1775801 0.07237561
v -1.677876 0.14885278 0.08186145
v -1.71680903 0.14845121 0.04114025
v -1.67805898 0.12711632 0.04447309
v -1.67763305 0.17512375 -0.07588103
v -1.70805895 0.15952173 -0.0446029
v -1.70460796 0.17595381 -0.05352288
v -1.677876 0.14699104 -0.06226352
v -1.71680903 0.14764148 -0.02154452
v -1.67805898 0.12622762 -0.02432516
v -1.50761104 0.12157423 0.01013882
v -1.551651 0.15142174 0.05178677
v -1.55173397 0.14654136 0.0098163
v -1.50761104 0.12678976 0.06035464
v -1.551651 0.15033598 -0.03226622
v -1.50761104 0.12157423 0.01013882
v -1.55173397 0.14654136 0.0098163
v -1.50761104 0.12549092 -0.04019397
v -1.50761104 0.17794402 -0.01685353
v -1.542853 0.16262691 -0.04621114
v -1.50761104 0.17644814 -0.01829633
v -1.551651 0.15033598 -0.03226622
v -1.542853 0.16406877 0.06540955
v -1.50761104 0.17862244 0.03566609
v -1.50761104 0.17716433 0.03714704
v -1.551651 0.15142174 0.05178677
v -1.620754 0.16680628 -0.04666216
v -1.59606504 0.16670486 -0.01740841
v -1.59565496 0.18590215 -0.04494366
v -1.620754 0.16825841 0.06575346
v -1.59565496 0.18730348 0.06354128
v -1.59606504 0.16740137 0.03651209
v -1.59605098 0.16875601 0.09021607
v -1.59565496 0.18730348 0.06354128
v -1.620754 0.16825841 0.06575346
v -1.59605098 0.16667183 -0.07112946
v -1.620754 0.16680628 -0.04666216
v -1.59565496 0.18590215 -0.04494366
v -1.41198301 0.11800826 0.01018488
v -1.447312 0.14234203 0.03872995
v -1.44737804 0.13832296 0.00992246
v -1.41198301 0.12222107 0.04219013
v -1.447312 0.14159657 -0.01897923
v -1.41198301 0.11800826 0.01018488
v -1.44737804 0.13832296 0.00992246
v -1.41198301 0.12139295 -0.02191751
v -1.41198301 0.16025694 0.00963913
v -1.44737804 0.13832296 0.00992246
v -1.447312 0.14234203 0.03872995
v -1.41198301 0.1631033 0.03275229
v -1.41198301 0.16250531 -0.01353984
v -1.447312 0.14159657 -0.01897923
v -1.41198301 0.16025694 0.00963913
v -1.44737804 0.13832296 0.00992246
v -1.53939795 0.17985299 -0.04634865
v -1.50761104 0.17794402 -0.01685353
v -1.50761104 0.17986333 -0.01604826
v -1.542853 0.16262691 -0.04621114
v -1.53939795 0.18129265 0.06510206
v -1.50761104 0.17862244 0.03566609
v -1.542853 0.16406877 0.06540955
v -1.50761104 0.18052031 0.0348115
v -0.97713703 0.11571106 -0.07150026
v -0.980928 0.11399206 0.01017675
v -0.98804897 0.16574852 -0.06692018
v -0.99306899 0.16963959 0.00945793
v -0.980928 0.11399206 0.01017675
v -0.98804897 0.16759512 0.07603288
v -0.99306899 0.16963959 0.00945793
v -0.97713703 0.11769266 0.08190393
v -1.43929398 0.15253961 -0.04176347
v -1.41198301 0.16250531 -0.01353984
v -1.41198301 0.16444781 -0.02006748
v -1.447312 0.14159657 -0.01897923
v -1.43929398 0.15386994 0.06122393
v -1.41198301 0.1631033 0.03275229
v -1.447312 0.14234203 0.03872995
v -1.41198301 0.16521376 0.03922857
v -1.41198301 0.16444781 -0.02006748
v -1.43629396 0.16749159 -0.04813913
v -1.43929398 0.15253961 -0.04176347
v -1.41198301 0.16739947 -0.02254381
v -1.41198301 0.16521376 0.03922857
v -1.43629396 0.16898163 0.06721124
v -1.41198301 0.16822839 0.04162684
v -1.43929398 0.15386994 0.06122393
v -1.551651 0.15142174 0.05178677
v -1.50761104 0.15051219 0.08978768
v -1.542853 0.16406877 0.06540955
v -1.50761104 0.12678976 0.06035464
v -1.50761104 0.14844516 -0.07022997
v -1.551651 0.15033598 -0.03226622
v -1.542853 0.16262691 -0.04621114
v -1.50761104 0.12549092 -0.04019397
v -1.67763305 0.17732786 0.09474773
v -1.67744601 0.19872898 0.06667396
v -1.70460796 0.1775801 0.07237561
v -1.67763305 0.17512375 -0.07588103
v -1.70460796 0.17595381 -0.05352288
v -1.67744601 0.19724292 -0.04836943
v -1.43929398 0.15386994 0.06122393
v -1.41198301 0.16980474 0.08944747
v -1.43629396 0.16898163 0.06721124
v -1.41198301 0.14305134 0.08004323
v -1.35022604 0.1588746 -0.04155328
v -1.31781101 0.17175286 -0.01164413
v -1.31781304 0.17296109 -0.01541405
v -1.35816896 0.14784631 -0.02020706
v -1.31781495 0.17452618 -0.01736943
v -1.347103 0.17442811 -0.04953085
v -1.41198301 0.16774006 -0.0703882
v -1.43929398 0.15253961 -0.04176347
v -1.43629396 0.16749159 -0.04813913
v -1.41198301 0.14123851 -0.06029605
v -1.35022604 0.16019741 0.06085017
v -1.31781101 0.17229877 0.03061834
v -1.35816896 0.1486214 0.03979594
v -1.31781304 0.17360398 0.0343558
v -1.31781495 0.17521909 0.0362711
v -1.347103 0.17595178 0.06842332
v -1.31780803 0.16979039 0.00951598
v -1.35824394 0.14428033 0.00984551
v -1.35816896 0.1486214 0.03979594
v -1.31781101 0.17229877 0.03061834
v -1.31781101 0.17175286 -0.01164413
v -1.35816896 0.14784631 -0.02020706
v -1.31780803 0.16979039 0.00951598
v -1.35824394 0.14428033 0.00984551
v -1.41198301 0.14305134 0.08004323
v -1.447312 0.14234203 0.03872995
v -1.41198301 0.12222107 0.04219013
v -1.43929398 0.15386994 0.06122393
v -1.542853 0.16406877 0.06540955
v -1.50761104 0.18208972 0.09043787
v -1.53939795 0.18129265 0.06510206
v -1.50761104 0.15051219 0.08978768
v -1.41198301 0.14123851 -0.06029605
v -1.447312 0.14159657 -0.01897923
v -1.43929398 0.15253961 -0.04176347
v -1.41198301 0.12139295 -0.02191751
v -1.50761104 0.17999536 -0.0716966
v -1.542853 0.16262691 -0.04621114
v -1.53939795 0.17985299 -0.04634865
v -1.50761104 0.14844516 -0.07022997
v -1.43629396 0.16749159 -0.04813913
v -1.41198301 0.16739947 -0.02254381
v -1.41198301 0.18849224 -0.04047075
v -1.43629396 0.16898163 0.06721124
v -1.41198301 0.18977721 0.05900395
v -1.41198301 0.16822839 0.04162684
v -1.317747 0.12142778 0.01014071
v -1.35816896 0.1486214 0.03979594
v -1.35824394 0.14428033 0.00984551
v -1.317752 0.12605222 0.0452039
v -1.35816896 0.14784631 -0.02020706
v -1.317747 0.12142778 0.01014071
v -1.35824394 0.14428033 0.00984551
v -1.317752 0.12514497 -0.02503024
v -1.53939795 0.17985299 -0.04634865
v -1.50761104 0.17986333 -0.01604826
v -1.50761104 0.204676 -0.04349304
v -1.53939795 0.18129265 0.06510206
v -1.50761104 0.20603362 0.06160619
v -1.50761104 0.18052031 0.0348115
v -0.97646099 0.16561632 -0.14154771
v -0.97713703 0.11571106 -0.07150026
v -0.98804897 0.16574852 -0.06692018
v -0.95824701 0.12802154 -0.17731708
v -0.89733398 0.17146578 -0.1911864
v -0.93409097 0.19049409 -0.14772755
v -0.97713703 0.11769266 0.08190393
v -0.97646099 0.16939005 0.15063891
v -0.98804897 0.16759512 0.07603288
v -0.95824701 0.13273235 0.18736649
v -0.89733398 0.17652035 0.20010895
v -0.93409097 0.19441974 0.15617409
v -1.50761104 0.18208972 0.09043787
v -1.50761104 0.20603362 0.06160619
v -1.53939795 0.18129265 0.06510206
v -1.50761104 0.17999536 -0.0716966
v -1.53939795 0.17985299 -0.04634865
v -1.50761104 0.204676 -0.04349304
v -1.35022604 0.16019741 0.06085017
v -1.31781495 0.17672241 0.09521659
v -1.347103 0.17595178 0.06842332
v -1.31777894 0.14775634 0.08248567
v -1.31781602 0.17450641 -0.07633409
v -1.35022604 0.1588746 -0.04155328
v -1.347103 0.17442811 -0.04953085
v -1.31777894 0.14587885 -0.0628592
v -1.31777894 0.14775634 0.08248567
v -1.35816896 0.1486214 0.03979594
v -1.317752 0.12605222 0.0452039
v -1.35022604 0.16019741 0.06085017
v -1.31777894 0.14587885 -0.0628592
v -1.35816896 0.14784631 -0.02020706
v -1.35022604 0.1588746 -0.04155328
v -1.317752 0.12514497 -0.02503024
v -1.347103 0.17442811 -0.04953085
v -1.31781495 0.17452618 -0.01736943
v -1.31784403 0.19714156 -0.0433077
v -1.347103 0.17595178 0.06842332
v -1.31784403 0.19849694 0.06161654
v -1.31781495 0.17521909 0.0362711
v -1.41198301 0.16980474 0.08944747
v -1.41198301 0.18977721 0.05900395
v -1.43629396 0.16898163 0.06721124
v -1.41198301 0.16774006 -0.0703882
v -1.43629396 0.16749159 -0.04813913
v -1.41198301 0.18849224 -0.04047075
v -1.31781495 0.17672241 0.09521659
v -1.31784403 0.19849694 0.06161654
v -1.347103 0.17595178 0.06842332
v -1.31781602 0.17450641 -0.07633409
v -1.347103 0.17442811 -0.04953085
v -1.31784403 0.19714156 -0.0433077
v -0.743891 0.30215755 0.00463786
v -0.67439002 0.35035527 0.07601327
v -0.674299 0.3540296 0.0039678
v -0.73689002 0.30341843 0.07200919
v -0.67439002 0.34860802 -0.05924744
v -0.743891 0.30215755 0.00463786
v -0.674299 0.3540296 0.0039678
v -0.73689002 0.30179027 -0.05403329
v -0.72888702 0.2974382 -0.11461113
v -0.67439002 0.34860802 -0.05924744
v -0.67468601 0.32467321 -0.14692861
v -0.73689002 0.30179027 -0.05403329
v -0.67511898 0.27438203 -0.15801293
v -0.72335601 0.27477974 -0.11948287
v -0.67439002 0.35035527 0.07601327
v -0.72888702 0.30052546 0.12438693
v -0.67468601 0.32858619 0.15599212
v -0.73689002 0.30341843 0.07200919
v -0.67511898 0.27863592 0.17129856
v -0.72335601 0.27803823 0.13277107
v -0.767012 0.07698648 0.09409273
v -0.83061999 0.12379238 0.16669023
v -0.83995998 0.11683206 0.08755653
v -0.76735801 0.0991974 0.20877442
v -0.76786298 0.16579619 0.2232444
v -0.82416397 0.16523761 0.17290241
v -0.767012 0.07470361 -0.08263352
v -0.83061999 0.11975861 -0.14558071
v -0.76735801 0.09408475 -0.18701756
v -0.83995998 0.11470471 -0.07712974
v -0.76786298 0.16023813 -0.20702869
v -0.82416397 0.16098011 -0.15668809
v 0.74853301 0.30166483 0.00479624
v 0.68567997 0.34871832 0.00418843
v 0.685597 0.34537795 0.06968404
v 0.74204302 0.30266416 0.06653248
v 0.74204302 0.30117142 -0.04902688
v 0.685597 0.34378958 -0.05327971
v 0.74853301 0.30166483 0.00479624
v 0.68567997 0.34871832 0.00418843
v 0.68493497 0.27631193 -0.14306763
v 0.73417801 0.2968283 -0.10490344
v 0.72859299 0.27562049 -0.10952389
v 0.68532801 0.32203099 -0.13298932
v 0.685597 0.34378958 -0.05327971
v 0.74204302 0.30117142 -0.04902688
v 0.68493497 0.28017911 0.1563074
v 0.73417801 0.29966846 0.11496721
v 0.68532801 0.32558823 0.14239269
v 0.72859198 0.27862144 0.12279373
v 0.685597 0.34537795 0.06968404
v 0.74204302 0.30266416 0.06653248
v -0.767012 0.07470361 -0.08263352
v -0.76690602 0.07173344 0.01147369
v -0.83995998 0.11470471 -0.07712974
v -0.84813201 0.1161973 0.01089933
v -0.76690602 0.07173344 0.01147369
v -0.83995998 0.11683206 0.08755653
v -0.84813201 0.1161973 0.01089933
v -0.767012 0.07698648 0.09409273
v -0.56338698 0.30021891 0.00491593
v -0.50441098 0.34111765 0.06548171
v -0.50433397 0.34423566 0.00434734
v -0.557446 0.30128905 0.06208487
v -0.50441098 0.33963501 -0.04929471
v -0.56338698 0.30021891 0.00491593
v -0.50433397 0.34423566 0.00434734
v -0.557446 0.29990745 -0.0448702
v -0.83995998 0.11683206 0.08755653
v -0.76780498 0.14999515 0.10871494
v -0.76772898 0.16014376 0.07273785
v -0.83061999 0.12379238 0.16669023
v -0.76780498 0.14999515 0.10871494
v -0.82416397 0.16523761 0.17290241
v -0.76784801 0.16246141 0.10502561
v -0.82416397 0.16523761 0.17290241
v -0.76786298 0.16579619 0.2232444
v -0.76825202 0.21027097 0.1652531
v -0.82416397 0.16098011 -0.15668809
v -0.76825202 0.20630041 -0.14212525
v -0.76786298 0.16023813 -0.20702869
v -0.83995998 0.11470471 -0.07712974
v -0.84813201 0.1161973 0.01089933
v -0.76772898 0.15838476 -0.06343378
v -0.76773101 0.16775736 0.0102333
v -0.76780498 0.14745016 -0.08830262
v -0.83995998 0.11470471 -0.07712974
v -0.76772898 0.15838476 -0.06343378
v -0.83061999 0.11975861 -0.14558071
v -0.76780498 0.14745016 -0.08830262
v -0.82416397 0.16098011 -0.15668809
v -0.76784801 0.15995817 -0.08876122
v -0.76825202 0.20630041 -0.14212525
v -0.82416397 0.16098011 -0.15668809
v -0.84813201 0.1161973 0.01089933
v -0.76772898 0.16014376 0.07273785
v -0.76773101 0.16775736 0.0102333
v -0.83995998 0.11683206 0.08755653
v -0.63146299 0.1069025 0.18916726
v -0.677966 0.11270913 0.14220533
v -0.63124198 0.08725448 0.1515719
v -0.671983 0.12263111 0.1603137
v -0.671983 0.12005994 -0.14391747
v -0.63146299 0.10359129 -0.17235413
v -0.677966 0.10934449 -0.11826593
v -0.63124102 0.08365639 -0.12697184
v -0.63146299 0.1069025 0.18916726
v -0.63178599 0.15088618 0.19590071
v -0.671983 0.12263111 0.1603137
v -0.66784799 0.15051012 0.16227174
v -0.631787 0.14603843 -0.17938399
v -0.671983 0.12005994 -0.14391747
v -0.66784799 0.14653118 -0.14575455
v -0.63146299 0.10359129 -0.17235413
v -0.55065501 0.29621452 -0.09627379
v -0.50441098 0.33963501 -0.04929471
v -0.50466198 0.31932458 -0.12369659
v -0.557446 0.29990745 -0.0448702
v -0.50502902 0.27664962 -0.13310415
v -0.54596198 0.27698624 -0.10040777
v -0.50502902 0.27664962 -0.13310415
v -0.50531203 0.24356022 -0.10937878
v 0.57433498 0.30031475 0.00491469
v 0.51566601 0.34423566 0.00434734
v 0.515589 0.34111765 0.06548171
v 0.56827599 0.3012473 0.06254245
v 0.56827599 0.29985392 -0.04532455
v 0.515589 0.33963501 -0.04929471
v 0.57433498 0.30031475 0.00491469
v 0.51566601 0.34423566 0.00434734
v -0.50441098 0.34111765 0.06548171
v -0.55065501 0.29883426 0.10653128
v -0.50466198 0.32264498 0.13334998
v -0.557446 0.30128905 0.06208487
v -0.50502998 0.28025934 0.14633852
v -0.54596198 0.27975127 0.11364536
v -0.50531203 0.24650037 0.11823022
v -0.50502998 0.28025934 0.14633852
v -0.63124102 0.08365639 -0.12697184
v -0.63117403 0.07709985 0.0093912
v -0.677966 0.10934449 -0.11826593
v -0.6832 0.10558055 0.00902331
v -0.63117403 0.07709985 0.0093912
v -0.677966 0.11270913 0.14220533
v -0.6832 0.10558055 0.00902331
v -0.63124198 0.08725448 0.1515719
v 0.51497102 0.27664962 -0.13310415
v 0.56093502 0.2958006 -0.09748154
v 0.555722 0.27600437 -0.10179221
v 0.515338 0.31932455 -0.12369858
v 0.515589 0.33963501 -0.04929471
v 0.56827599 0.29985392 -0.04532455
v 0.51497102 0.28025934 0.14633852
v 0.56093502 0.29845166 0.10774933
v 0.515338 0.32264498 0.13334998
v 0.555722 0.27880552 0.11505469
v 0.515589 0.34111765 0.06548171
v 0.56827599 0.3012473 0.06254245
v -0.66784799 0.14653118 -0.14575455
v -0.63203597 0.1754584 -0.14428306
v -0.631787 0.14603843 -0.17938399
v -0.66784799 0.15051012 0.16227174
v -0.63178599 0.15088618 0.19590071
v -0.63203597 0.17938967 0.16005355
v -0.49500602 0.07170433 -0.06798755
v -0.548123 0.11845254 -0.14532882
v -0.49529499 0.09698091 -0.18240458
v -0.555924 0.10510899 -0.06338964
v -0.49571604 0.15232229 -0.19156817
v -0.54273301 0.15296485 -0.14772481
v -0.49500602 0.07361073 0.07959513
v -0.548123 0.12234113 0.15570304
v -0.555924 0.10688548 0.07413587
v -0.49529403 0.10183436 0.19332108
v -0.49571604 0.15745984 0.20615163
v -0.54273301 0.15696967 0.16230533
v -0.76784801 0.16246141 0.10502561
v -0.82416397 0.16523761 0.17290241
v -0.76825202 0.21027097 0.1652531
v -0.39758503 0.30156183 0.00479757
v -0.33440304 0.34537795 0.06968404
v -0.33432001 0.34871832 0.00418843
v -0.39122099 0.30270848 0.06604487
v -0.33440304 0.34378958 -0.05327971
v -0.39758503 0.30156183 0.00479757
v -0.33432001 0.34871832 0.00418843
v -0.39122003 0.30122831 -0.04854057
v -0.49500602 0.07170433 -0.06798755
v -0.49491704 0.06187635 0.01069595
v -0.555924 0.10510899 -0.06338964
v -0.56274801 0.09900765 0.0102163
v -0.49491704 0.06187635 0.01069595
v -0.555924 0.10688548 0.07413587
v -0.56274801 0.09900765 0.0102163
v -0.49500602 0.07361073 0.07959513
v -0.38394499 0.29727191 -0.10360906
v -0.33440304 0.34378958 -0.05327971
v -0.33467203 0.32203099 -0.13298932
v -0.39122003 0.30122831 -0.04854057
v -0.33506501 0.27631193 -0.14306763
v -0.37891704 0.27667269 -0.10804036
v -0.677966 0.10934449 -0.11826593
v -0.6832 0.10558055 0.00902331
v -0.63169998 0.13748063 -0.0972316
v -0.63170201 0.13860534 0.00859671
v -0.6832 0.10558055 0.00902331
v -0.63169998 0.14029257 0.12045224
v -0.63170201 0.13860534 0.00859671
v -0.677966 0.11270913 0.14220533
v -0.33440304 0.34537795 0.06968404
v -0.38394499 0.30007851 0.11366181
v -0.33467203 0.32558766 0.14239272
v -0.39122099 0.30270848 0.06604487
v -0.33506501 0.28017852 0.1563074
v -0.37891704 0.27963501 0.1212835
v -0.743891 0.30215755 0.00463786
v -0.67500597 0.24840257 0.00533224
v -0.67500401 0.25839394 0.06167889
v -0.73689002 0.30341843 0.07200919
v -0.73689002 0.30179027 -0.05403329
v -0.67500401 0.25704768 -0.04254141
v -0.743891 0.30215755 0.00463786
v -0.67500597 0.24840257 0.00533224
v -0.54273301 0.15696967 0.16230533
v -0.49571604 0.15745984 0.20615163
v -0.496041 0.19462587 0.15973172
v -0.54273301 0.15296485 -0.14772481
v -0.496041 0.19070354 -0.14391193
v -0.49571604 0.15232229 -0.19156817
v -0.63174999 0.1378307 -0.10460973
v -0.677966 0.10934449 -0.11826593
v -0.63169998 0.13748063 -0.0972316
v -0.671983 0.12005994 -0.14391747
v 0.41483897 0.30227068 0.0046364
v 0.34569997 0.3540296 0.0039678
v 0.34560901 0.35035527 0.07601327
v 0.40769899 0.30337003 0.07254687
v 0.4077 0.30172798 -0.05456953
v 0.34560996 0.34860802 -0.05924744
v 0.41483897 0.30227068 0.0046364
v 0.34569997 0.3540296 0.0039678
v -0.671983 0.12263111 0.1603137
v -0.63174999 0.1393812 0.12056103
v -0.677966 0.11270913 0.14220533
v -0.73689002 0.30341843 0.07200919
v -0.67506999 0.27031296 0.08066452
v -0.72888702 0.30052546 0.12438693
v -0.67500401 0.25839394 0.06167889
v -0.67506999 0.27031296 0.08066452
v -0.72335601 0.27803823 0.13277107
v -0.67506999 0.26836517 -0.07012289
v -0.73689002 0.30179027 -0.05403329
v -0.72888702 0.2974382 -0.11461113
v -0.67500401 0.25704768 -0.04254141
v -0.72335601 0.27477974 -0.11948287
v -0.67510599 0.27753881 -0.06754117
v 0.344881 0.27438203 -0.15801293
v 0.39904797 0.29695064 -0.11603395
v 0.39290398 0.27362198 -0.12111505
v 0.34531397 0.32467321 -0.14692861
v 0.34560996 0.34860802 -0.05924744
v 0.4077 0.30172798 -0.05456953
v 0.34487998 0.27863592 0.17129856
v 0.39904797 0.30007485 0.12582389
v 0.34531397 0.32858619 0.15599212
v 0.39290398 0.27692303 0.13443363
v 0.34560901 0.35035527 0.07601327
v 0.40769899 0.30337003 0.07254687
v -0.402915 0.11808033 -0.14270681
v -0.34733504 0.09552421 -0.17911047
v -0.41112202 0.10334849 -0.1101628
v -0.347031 0.06816373 -0.11815602
v -0.34777904 0.15368861 -0.19333196
v -0.402915 0.11808033 -0.14270681
v -0.39724404 0.1543397 -0.14910468
v -0.34733504 0.09552421 -0.17911047
v -0.34733504 0.10029218 0.18999872
v -0.41112202 0.10633291 0.12087291
v -0.347031 0.07136635 0.12977231
v -0.402915 0.12190047 0.15302551
v -0.34733504 0.10029218 0.18999872
v -0.34777904 0.15887038 0.20781055
v -0.402915 0.12190047 0.15302551
v -0.39724404 0.15837884 0.16358224
v 0.74853301 0.30166483 0.00479624
v 0.68503898 0.26177651 0.05665378
v 0.68503702 0.2526938 0.00542883
v 0.74204302 0.30266416 0.06653248
v 0.74853301 0.30166483 0.00479624
v 0.68503898 0.26055261 -0.03809431
v 0.74204302 0.30117142 -0.04902688
v 0.68503702 0.2526938 0.00542883
v -0.671983 0.12005994 -0.14391747
v -0.63177699 0.14572909 -0.1136775
v -0.66784799 0.14653118 -0.14575455
v -0.63174999 0.1378307 -0.10460973
v -0.63177699 0.14887972 0.13022515
v -0.671983 0.12263111 0.1603137
v -0.66784799 0.15051012 0.16227174
v -0.63174999 0.1393812 0.12056103
v -0.49560601 0.14206477 0.00966011
v -0.555924 0.10688548 0.07413587
v -0.49560404 0.14305395 0.06176168
v -0.56274801 0.09900765 0.0102163
v -0.555924 0.10688548 0.07413587
v -0.49566799 0.14417909 0.10387566
v -0.548123 0.12234113 0.15570304
v -0.49566799 0.14417909 0.10387566
v -0.54273301 0.15696967 0.16230533
v -0.49570304 0.15462036 0.10318374
v -0.49566799 0.14162195 -0.09408382
v -0.555924 0.10510899 -0.06338964
v -0.49560404 0.14158504 -0.05195383
v -0.548123 0.11845254 -0.14532882
v -0.49566799 0.14162195 -0.09408382
v -0.54273301 0.15296485 -0.14772481
v -0.49570304 0.15214349 -0.08856126
v -0.67510599 0.27945468 0.08077445
v -0.67545199 0.23852631 0.11291378
v -0.72335601 0.27803823 0.13277107
v -0.347031 0.06816373 -0.11815602
v -0.34693801 0.05842269 0.01095458
v -0.41112202 0.10334849 -0.1101628
v -0.41830099 0.09748758 0.01044996
v -0.34693801 0.05842269 0.01095458
v -0.41112202 0.10633291 0.12087291
v -0.41830099 0.09748758 0.01044996
v -0.347031 0.07136635 0.12977231
v -0.72335601 0.27477974 -0.11948287
v -0.67511898 0.27438203 -0.15801293
v -0.67545199 0.23571405 -0.10479505
v 0.73417801 0.29966846 0.11496721
v 0.68497998 0.27261281 0.07391325
v 0.74204302 0.30266416 0.06653248
v 0.68503898 0.26177651 0.05665378
v 0.68497998 0.27261281 0.07391325
v 0.72859198 0.27862144 0.12279373
v 0.68497998 0.27084211 -0.06316531
v 0.73417801 0.2968283 -0.10490344
v 0.74204302 0.30117142 -0.04902688
v 0.68503898 0.26055261 -0.03809431
v 0.68494701 0.27918148 -0.06081883
v 0.72859299 0.27562049 -0.10952389
v 0.68493497 0.27631193 -0.14306763
v 0.72859299 0.27562049 -0.10952389
v 0.684632 0.24097937 -0.10857338
v -0.555924 0.10510899 -0.06338964
v -0.56274801 0.09900765 0.0102163
v -0.49560404 0.14158504 -0.05195383
v -0.49560601 0.14206477 0.00966011
v -0.23389101 0.30215755 0.00463786
v -0.16439101 0.35035527 0.07601327
v -0.16429901 0.3540296 0.0039678
v -0.22689001 0.30341843 0.07200919
v -0.16439001 0.34860802 -0.05924744
v -0.23389101 0.30215755 0.00463786
v -0.16429901 0.3540296 0.0039678
v -0.22689001 0.30179027 -0.05403329
v -0.39724404 0.15837884 0.16358224
v -0.34777904 0.15887038 0.20781055
v -0.34812099 0.19799629 0.16091129
v -0.67510599 0.27753881 -0.06754117
v -0.72335601 0.27477974 -0.11948287
v -0.67545199 0.23571405 -0.10479505
v -0.39724404 0.1543397 -0.14910468
v -0.34812099 0.19404151 -0.14524516
v -0.34777904 0.15368861 -0.19333196
v -0.72335601 0.27803823 0.13277107
v -0.67545199 0.23852631 0.11291378
v -0.67511898 0.27863592 0.17129856
v 0.68493497 0.28017911 0.1563074
v 0.684632 0.24389473 0.11711679
v 0.72859198 0.27862144 0.12279373
v -0.21888702 0.2974382 -0.11461113
v -0.16439001 0.34860802 -0.05924744
v -0.16468601 0.32467321 -0.14692861
v -0.22689001 0.30179027 -0.05403329
v -0.16511902 0.27438203 -0.15801293
v -0.21335602 0.27477974 -0.11948287
v -0.16439101 0.35035527 0.07601327
v -0.21888702 0.30052546 0.12438693
v -0.16468601 0.32858619 0.15599212
v -0.22689001 0.30341843 0.07200919
v -0.16511902 0.27863592 0.17129856
v -0.21335702 0.27803823 0.13277107
v -0.56338698 0.30021891 0.00491593
v -0.504933 0.25460428 0.00550515
v -0.50493199 0.26308265 0.05331863
v -0.557446 0.30128905 0.06208487
v -0.557446 0.29990745 -0.0448702
v -0.50493199 0.26194024 -0.03511999
v -0.56338698 0.30021891 0.00491593
v -0.504933 0.25460428 0.00550515
v -0.49570304 0.15214349 -0.08856126
v -0.496041 0.19070354 -0.14391193
v -0.54273301 0.15296485 -0.14772481
v -0.63177699 0.14572909 -0.1136775
v -0.63203597 0.1754584 -0.14428306
v -0.66784799 0.14653118 -0.14575455
v -0.63177699 0.14887972 0.13022515
v -0.66784799 0.15051012 0.16227174
v -0.63203597 0.17938967 0.16005355
v -0.49570304 0.15462036 0.10318374
v -0.54273301 0.15696967 0.16230533
v -0.496041 0.19462587 0.15973172
v 0.23853299 0.30166483 0.00479624
v 0.17567998 0.34871832 0.00418843
v 0.17559698 0.34537795 0.06968404
v 0.23204298 0.30266416 0.06653248
v 0.23204298 0.30117142 -0.04902688
v 0.17559698 0.34378958 -0.05327971
v 0.23853299 0.30166483 0.00479624
v 0.17567998 0.34871832 0.00418843
v -0.557446 0.30128905 0.06208487
v -0.504987 0.27319738 0.06943133
v -0.55065501 0.29883426 0.10653128
v -0.50493199 0.26308265 0.05331863
v -0.504987 0.27319738 0.06943133
v -0.54596198 0.27975127 0.11364536
v 0.51497102 0.27664962 -0.13310415
v 0.555722 0.27600437 -0.10179221
v 0.51468801 0.24358866 -0.10717896
v -0.93409097 0.19441974 0.15617409
v -0.89733398 0.17652035 0.20010895
v -0.85588402 0.20564555 0.1540359
v -0.504987 0.27154452 -0.058523
v -0.557446 0.29990745 -0.0448702
v -0.55065501 0.29621452 -0.09627379
v -0.50493199 0.26194024 -0.03511999
v -0.54596198 0.27698624 -0.10040777
v -0.505018 0.27932873 -0.05633235
v -0.09063402 -0.00295601 0.01174644
v -0.16432402 0.03788272 0.14906839
v -0.17367102 0.03485872 0.01125797
v -0.08123101 7.232E-05 0.14159516
v -0.09063402 -0.00295601 0.01174644
v -0.16432402 0.03432197 -0.12658459
v -0.08123101 -0.00328275 -0.11813518
v -0.17367102 0.03485872 0.01125797
v 0.72859198 0.27862144 0.12279373
v 0.684632 0.24389473 0.11711679
v 0.68494701 0.28092316 0.07401292
v 0.17493498 0.27631193 -0.14306763
v 0.22417799 0.2968283 -0.10490344
v 0.21859299 0.27562049 -0.10952389
v 0.17532898 0.32203099 -0.13298932
v 0.17559698 0.34378958 -0.05327971
v 0.23204298 0.30117142 -0.04902688
v 0.17493398 0.28017852 0.1563074
v 0.22417799 0.29966846 0.11496721
v 0.17532799 0.32558766 0.14239272
v 0.21859199 0.27862144 0.12279373
v 0.17559698 0.34537795 0.06968404
v 0.23204298 0.30266416 0.06653248
v 0.51497102 0.28025934 0.14633852
v 0.51468801 0.24647197 0.11603141
v 0.555722 0.27880552 0.11505469
v 0.72859299 0.27562049 -0.10952389
v 0.68494701 0.27918148 -0.06081883
v 0.684632 0.24097937 -0.10857338
v 0.00318999 0.05747798 0.23157719
v -0.04105901 0.01494521 0.17634293
v 0.01282899 0.02495568 0.1719853
v -0.09154802 0.04638706 0.22221667
v 0.00318999 0.05747798 0.23157719
v 0.07271598 0.06301019 0.13571471
v -0.08123101 7.232E-05 0.14159516
v -0.16432402 0.03788272 0.14906839
v -0.04105901 0.01494521 0.17634293
v -0.41112202 0.10334849 -0.1101628
v -0.41830099 0.09748758 0.01044996
v -0.34766102 0.14182103 -0.0906561
v -0.34766299 0.14278668 0.0098648
v -0.41830099 0.09748758 0.01044996
v -0.34766102 0.14428873 0.10037895
v -0.34766299 0.14278668 0.0098648
v -0.41112202 0.10633291 0.12087291
v 0.00318999 0.05178064 -0.20957002
v -0.04105901 0.01068822 -0.15325555
v -0.09154902 0.04093403 -0.19992611
v 0.01282999 0.0208073 -0.14915791
v 0.00318999 0.05178064 -0.20957002
v 0.07271699 0.059786 -0.11388344
v -0.08123101 -0.00328275 -0.11813518
v -0.04105901 0.01068822 -0.15325555
v -0.16432402 0.03432197 -0.12658459
v 0.57433498 0.30031475 0.00491469
v 0.51506799 0.26308265 0.05331863
v 0.51506603 0.25460428 0.00550515
v 0.56827599 0.3012473 0.06254245
v 0.57433498 0.30031475 0.00491469
v 0.51506799 0.26194024 -0.03511999
v 0.56827599 0.29985392 -0.04532455
v 0.51506603 0.25460428 0.00550515
v -0.93409097 0.19049409 -0.14772755
v -0.855883 0.2018526 -0.13959157
v -0.89733398 0.17146578 -0.1911864
v -0.34772801 0.14240964 -0.09238185
v -0.41112202 0.10334849 -0.1101628
v -0.34766102 0.14182103 -0.0906561
v -0.402915 0.11808033 -0.14270681
v -0.34772801 0.14240964 -0.09238185
v -0.39724404 0.1543397 -0.14910468
v -0.34776604 0.15344223 -0.08942612
v -0.37891704 0.27667269 -0.10804036
v -0.33506501 0.27631193 -0.14306763
v -0.33536804 0.24100024 -0.1069105
v -0.41112202 0.10633291 0.12087291
v -0.34772801 0.14492172 0.10208892
v -0.34766102 0.14428873 0.10037895
v -0.402915 0.12190047 0.15302551
v -0.39724404 0.15837884 0.16358224
v -0.34776604 0.15594015 0.10394775
v -0.39724404 0.15837884 0.16358224
v -0.34812099 0.19799629 0.16091129
v 0.56093502 0.29845166 0.10774933
v 0.51501298 0.27319738 0.06943133
v 0.56827599 0.3012473 0.06254245
v 0.51506799 0.26308265 0.05331863
v 0.51501298 0.27319738 0.06943133
v 0.555722 0.27880552 0.11505469
v 0.51468801 0.24647197 0.11603141
v 0.51498199 0.28095451 0.06952414
v -0.98804897 0.16759512 0.07603288
v -0.91050297 0.16584525 0.10065254
v -0.90066499 0.17228653 0.06359525
v -0.97646099 0.16939005 0.15063891
v -0.91050297 0.16584525 0.10065254
v -0.93409097 0.19441974 0.15617409
v -0.89898998 0.17400685 0.09748586
v -0.05338702 0.30021891 0.00491593
v 0.00558899 0.34111765 0.06548171
v 0.00566598 0.34423566 0.00434734
v -0.04744602 0.30128905 0.06208487
v 0.00558899 0.33963501 -0.04929471
v -0.05338702 0.30021891 0.00491593
v 0.00566598 0.34423566 0.00434734
v -0.04744602 0.29990745 -0.0448702
v -0.98804897 0.16574852 -0.06692018
v -0.91050297 0.16336328 -0.09148743
v -0.97646099 0.16561632 -0.14154771
v -0.90066499 0.17075962 -0.05460888
v -0.93409097 0.19049409 -0.14772755
v -0.91050297 0.16336328 -0.09148743
v -0.89898998 0.17160396 -0.08853162
v 0.51501298 0.27154452 -0.058523
v 0.56093502 0.2958006 -0.09748154
v 0.56827599 0.29985392 -0.04532455
v 0.51506799 0.26194024 -0.03511999
v 0.51498199 0.27932873 -0.05633235
v 0.555722 0.27600437 -0.10179221
v 0.51468801 0.24358866 -0.10717896
v -0.37891704 0.27963501 0.1212835
v -0.33536804 0.24387264 0.11545394
v -0.33506501 0.28017852 0.1563074
v -0.34776604 0.15344223 -0.08942612
v -0.34812099 0.19404151 -0.14524516
v -0.39724404 0.1543397 -0.14910468
v -0.89898998 0.17160396 -0.08853162
v -0.855883 0.2018526 -0.13959157
v -0.93409097 0.19049409 -0.14772755
v -0.505018 0.28095451 0.06952414
v -0.50531203 0.24650037 0.11823022
v -0.54596198 0.27975127 0.11364536
v -0.39758503 0.30156183 0.00479757
v -0.33496302 0.2526938 0.00542883
v -0.334961 0.26177651 0.05665378
v -0.39122099 0.30270848 0.06604487
v -0.39122003 0.30122831 -0.04854057
v -0.334961 0.26055261 -0.03809431
v -0.39758503 0.30156183 0.00479757
v -0.33496302 0.2526938 0.00542883
v -0.04065501 0.29621452 -0.09627379
v 0.00558899 0.33963501 -0.04929471
v 0.00533799 0.31932455 -0.12369858
v -0.04744602 0.29990745 -0.0448702
v 0.00497098 0.27664962 -0.13310415
v -0.03596202 0.27698624 -0.10040777
v 0.00497098 0.27664962 -0.13310415
v 0.00468798 0.24359882 -0.10639203
v -0.505018 0.27932873 -0.05633235
v -0.54596198 0.27698624 -0.10040777
v -0.50531203 0.24356022 -0.10937878
v 0.00558899 0.34111765 0.06548171
v -0.04065501 0.29883426 0.10653128
v 0.00533799 0.32264498 0.13334998
v -0.04744602 0.30128905 0.06208487
v 0.00497098 0.28025934 0.14633852
v -0.03596202 0.27975127 0.11364536
v 0.00468798 0.24646178 0.11524247
v 0.00497098 0.28025934 0.14633852
v -0.39122099 0.30270848 0.06604487
v -0.33502001 0.27261281 0.07391325
v -0.38394499 0.30007851 0.11366181
v -0.334961 0.26177651 0.05665378
v -0.33502001 0.27261281 0.07391325
v -0.37891704 0.27963501 0.1212835
v -0.33502001 0.27084211 -0.06316531
v -0.39122003 0.30122831 -0.04854057
v -0.38394499 0.29727191 -0.10360906
v -0.334961 0.26055261 -0.03809431
v -0.37891704 0.27667269 -0.10804036
v -0.33505303 0.27918148 -0.06081883
v 0.06433499 0.30031475 0.00491469
v 0.00566598 0.34423566 0.00434734
v 0.00558899 0.34111765 0.06548171
v 0.05827599 0.3012473 0.06254245
v 0.05827599 0.29985392 -0.04532455
v 0.00558899 0.33963501 -0.04929471
v 0.06433499 0.30031475 0.00491469
v 0.00566598 0.34423566 0.00434734
v -0.89898998 0.17400685 0.09748586
v -0.93409097 0.19441974 0.15617409
v -0.85588402 0.20564555 0.1540359
v 0.344881 0.27438203 -0.15801293
v 0.39290398 0.27362198 -0.12111505
v 0.34454799 0.23568276 -0.10721685
v 0.00497098 0.28025934 0.14633852
v 0.05093499 0.29845166 0.10774933
v 0.00533799 0.32264498 0.13334998
v 0.04572199 0.27880609 0.11505468
v 0.00558899 0.34111765 0.06548171
v 0.05827599 0.3012473 0.06254245
v 0.00497098 0.27664962 -0.13310415
v 0.05093499 0.2958006 -0.09748154
v 0.04572199 0.27600437 -0.10179221
v 0.00533799 0.31932455 -0.12369858
v 0.00558899 0.33963501 -0.04929471
v 0.05827599 0.29985392 -0.04532455
v 0.34487998 0.27863592 0.17129856
v 0.34454799 0.23855698 0.11533459
v 0.39290398 0.27692303 0.13443363
v 0.41483897 0.30227068 0.0046364
v 0.34499598 0.25839394 0.06167889
v 0.34499401 0.24840257 0.00533224
v 0.40769899 0.30337003 0.07254687
v 0.41483897 0.30227068 0.0046364
v 0.34499598 0.25704768 -0.04254141
v 0.4077 0.30172798 -0.05456953
v 0.34499401 0.24840257 0.00533224
v -0.98804897 0.16574852 -0.06692018
v -0.99306899 0.16963959 0.00945793
v -0.90066499 0.17075962 -0.05460888
v -0.892901 0.17709717 0.00936159
v -0.99306899 0.16963959 0.00945793
v -0.90066499 0.17228653 0.06359525
v -0.892901 0.17709717 0.00936159
v -0.98804897 0.16759512 0.07603288
v 0.39904797 0.30007485 0.12582389
v 0.34492999 0.27031296 0.08066452
v 0.40769899 0.30337003 0.07254687
v 0.34499598 0.25839394 0.06167889
v 0.34492999 0.27031296 0.08066452
v 0.39290398 0.27692303 0.13443363
v -0.33505303 0.28092316 0.07401292
v -0.33536804 0.24387264 0.11545394
v -0.37891704 0.27963501 0.1212835
v 0.34492999 0.26836517 -0.07012289
v 0.39904797 0.29695064 -0.11603395
v 0.4077 0.30172798 -0.05456953
v 0.34499598 0.25704768 -0.04254141
v 0.34489399 0.27753881 -0.06754117
v 0.39290398 0.27362198 -0.12111505
v -0.21335602 0.27477974 -0.11948287
v -0.16511902 0.27438203 -0.15801293
v -0.16545202 0.23572651 -0.10378413
v -0.16432402 0.03788272 0.14906839
v -0.09154802 0.04638706 0.22221667
v -0.11742401 0.08642019 0.14192989
v -0.06227402 0.0851763 0.17326954
v -0.06227402 0.08097465 -0.15199831
v -0.09154902 0.04093403 -0.19992611
v -0.11742401 0.08302766 -0.12070022
v -0.16432402 0.03432197 -0.12658459
v -0.33505303 0.27918148 -0.06081883
v -0.37891704 0.27667269 -0.10804036
v -0.33536804 0.24100024 -0.1069105
v 0.39290398 0.27692303 0.13443363
v 0.34454799 0.23855698 0.11533459
v 0.34489399 0.27945468 0.08077445
v 0.17493498 0.27631193 -0.14306763
v 0.21859299 0.27562049 -0.10952389
v 0.17463198 0.2409896 -0.10778145
v 0.11241399 0.30156183 0.00479757
v 0.17559698 0.34537795 0.06968404
v 0.17567998 0.34871832 0.00418843
v 0.11877999 0.30270848 0.06604487
v 0.17559698 0.34378958 -0.05327971
v 0.11241399 0.30156183 0.00479757
v 0.17567998 0.34871832 0.00418843
v 0.11877999 0.30122831 -0.04854057
v -0.21335702 0.27803823 0.13277107
v -0.16545202 0.23851267 0.11190287
v -0.16511902 0.27863592 0.17129856
v 0.17559698 0.34537795 0.06968404
v 0.12605499 0.30007851 0.11366181
v 0.17532799 0.32558766 0.14239272
v 0.11877999 0.30270848 0.06604487
v 0.17493398 0.28017852 0.1563074
v 0.13108298 0.27963501 0.1212835
v 0.39290398 0.27362198 -0.12111505
v 0.34489399 0.27753881 -0.06754117
v 0.34454799 0.23568276 -0.10721685
v 0.17493398 0.28017852 0.1563074
v 0.17463198 0.24388391 0.11632586
v 0.21859199 0.27862144 0.12279373
v -0.17367102 0.03485872 0.01125797
v -0.11742401 0.08642019 0.14192989
v -0.11687701 0.08745524 0.01057855
v -0.16432402 0.03788272 0.14906839
v -0.16432402 0.03432197 -0.12658459
v -0.17367102 0.03485872 0.01125797
v -0.11742401 0.08302766 -0.12070022
v -0.11687701 0.08745524 0.01057855
v -0.08123101 -0.00328275 -0.11813518
v -0.04105901 0.01068822 -0.15325555
v -0.01845402 0.05027503 -0.09644014
v -0.00958402 0.05116545 -0.08475766
v -0.04105901 0.01068822 -0.15325555
v 0.01282999 0.0208073 -0.14915791
v -0.00281201 0.05183136 -0.05915714
v 0.07271699 0.059786 -0.11388344
v -0.01845402 0.05305183 0.11852392
v -0.04105901 0.01494521 0.17634293
v -0.08123101 7.232E-05 0.14159516
v -0.00958402 0.05364018 0.10682235
v -0.04105901 0.01494521 0.17634293
v 0.01282899 0.02495568 0.1719853
v -0.00281201 0.05364459 0.08121215
v 0.07271598 0.06301019 0.13571471
v -0.23389101 0.30215755 0.00463786
v -0.16500601 0.24840257 0.00533224
v -0.16500401 0.25839394 0.06167889
v -0.22689001 0.30341843 0.07200919
v -0.22689001 0.30179027 -0.05403329
v -0.16500401 0.25704768 -0.04254141
v -0.23389101 0.30215755 0.00463786
v -0.16500601 0.24840257 0.00533224
v -0.09063402 -0.00295601 0.01174644
v -0.01845402 0.05305183 0.11852392
v -0.08123101 7.232E-05 0.14159516
v -0.02255001 0.05097938 0.01104973
v -0.01845402 0.05027503 -0.09644014
v -0.09063402 -0.00295601 0.01174644
v -0.08123101 -0.00328275 -0.11813518
v -0.02255001 0.05097938 0.01104973
v 0.12605499 0.29727191 -0.10360906
v 0.17559698 0.34378958 -0.05327971
v 0.17532898 0.32203099 -0.13298932
v 0.11877999 0.30122831 -0.04854057
v 0.17493498 0.27631193 -0.14306763
v 0.13108298 0.27667269 -0.10804036
v 0.17493498 0.27631193 -0.14306763
v 0.17463198 0.2409896 -0.10778145
v -0.09516101 0.30227068 0.0046364
v -0.16429901 0.3540296 0.0039678
v -0.16439101 0.35035527 0.07601327
v -0.10230002 0.30337003 0.07254687
v -0.10230002 0.30172798 -0.05456953
v -0.16439001 0.34860802 -0.05924744
v -0.09516101 0.30227068 0.0046364
v -0.16429901 0.3540296 0.0039678
v -0.16511902 0.27863592 0.17129856
v -0.11095201 0.30007485 0.12582389
v -0.16468601 0.32858619 0.15599212
v -0.11709601 0.27692303 0.13443363
v -0.16439101 0.35035527 0.07601327
v -0.10230002 0.30337003 0.07254687
v -0.22689001 0.30341843 0.07200919
v -0.16507001 0.27031296 0.08066452
v -0.21888702 0.30052546 0.12438693
v -0.16500401 0.25839394 0.06167889
v -0.16507001 0.27031296 0.08066452
v -0.21335702 0.27803823 0.13277107
v -0.16511902 0.27438203 -0.15801293
v -0.11095201 0.29695064 -0.11603395
v -0.11709601 0.27362198 -0.12111505
v -0.16468601 0.32467321 -0.14692861
v -0.16439001 0.34860802 -0.05924744
v -0.10230002 0.30172798 -0.05456953
v -0.16507001 0.26836517 -0.07012289
v -0.22689001 0.30179027 -0.05403329
v -0.21888702 0.2974382 -0.11461113
v -0.16500401 0.25704768 -0.04254141
v -0.21335602 0.27477974 -0.11948287
v -0.16510601 0.27753881 -0.06754117
v 0.00318999 0.05747798 0.23157719
v -0.06227402 0.0851763 0.17326954
v -0.09154802 0.04638706 0.22221667
v -0.00720801 0.08739361 0.16566128
v -0.00720702 0.08338776 -0.14444885
v 0.00318999 0.05178064 -0.20957002
v -0.06227402 0.08097465 -0.15199831
v -0.09154902 0.04093403 -0.19992611
v -0.16510601 0.27945468 0.08077445
v -0.16545202 0.23851267 0.11190287
v -0.21335702 0.27803823 0.13277107
v -0.89284497 0.11823948 -0.06691554
v -0.980928 0.11399206 0.01017675
v -0.97713703 0.11571106 -0.07150026
v -0.88720602 0.11664242 0.01014252
v -0.980928 0.11399206 0.01017675
v -0.89284497 0.12010181 0.07725544
v -0.97713703 0.11769266 0.08190393
v -0.88720602 0.11664242 0.01014252
v -0.16510601 0.27753881 -0.06754117
v -0.21335602 0.27477974 -0.11948287
v -0.16545202 0.23572651 -0.10378413
v 0.00497098 0.27664962 -0.13310415
v 0.04572199 0.27600437 -0.10179221
v 0.00468798 0.24359882 -0.10639203
v 0.23853299 0.30166483 0.00479624
v 0.17503898 0.26177651 0.05665378
v 0.17503698 0.2526938 0.00542883
v 0.23204298 0.30266416 0.06653248
v 0.23853299 0.30166483 0.00479624
v 0.17503999 0.26055261 -0.03809431
v 0.23204298 0.30117142 -0.04902688
v 0.17503698 0.2526938 0.00542883
v 0.00497098 0.28025934 0.14633852
v 0.00468798 0.24646178 0.11524247
v 0.04572199 0.27880609 0.11505468
v 0.22417799 0.29966846 0.11496721
v 0.17497998 0.27261281 0.07391325
v 0.23204298 0.30266416 0.06653248
v 0.17503898 0.26177651 0.05665378
v 0.17497998 0.27261281 0.07391325
v 0.21859199 0.27862144 0.12279373
v 0.17497998 0.27084211 -0.06316531
v 0.22417799 0.2968283 -0.10490344
v 0.23204298 0.30117142 -0.04902688
v 0.17503999 0.26055261 -0.03809431
v 0.17494698 0.27918148 -0.06081883
v 0.21859299 0.27562049 -0.10952389
v 0.34560901 0.35035527 0.07601327
v 0.29111296 0.30052546 0.12438693
v 0.34531397 0.32858619 0.15599212
v 0.28310996 0.30341843 0.07200919
v 0.34487998 0.27863592 0.17129856
v 0.29664296 0.27803764 0.13277109
v 0.29111296 0.2974382 -0.11461113
v 0.34560996 0.34860802 -0.05924744
v 0.34531397 0.32467321 -0.14692861
v 0.28310996 0.30179027 -0.05403329
v 0.344881 0.27438203 -0.15801293
v 0.29664397 0.27477974 -0.11948287
v 0.27610898 0.30215636 0.00463788
v 0.34560901 0.35035527 0.07601327
v 0.34569997 0.3540296 0.0039678
v 0.28310996 0.30341843 0.07200919
v 0.34560996 0.34860802 -0.05924744
v 0.27610898 0.30215636 0.00463788
v 0.34569997 0.3540296 0.0039678
v 0.28310996 0.30179027 -0.05403329
v -0.00720801 0.08739361 0.16566128
v 0.00318999 0.05747798 0.23157719
v 0.07271598 0.06301019 0.13571471
v -0.00720702 0.08338776 -0.14444885
v 0.07271699 0.059786 -0.11388344
v 0.00318999 0.05178064 -0.20957002
v 0.21859199 0.27862144 0.12279373
v 0.17463198 0.24388391 0.11632586
v 0.17494698 0.28092316 0.07401292
v 0.21859299 0.27562049 -0.10952389
v 0.17494698 0.27918148 -0.06081883
v 0.17463198 0.2409896 -0.10778145
v 0.13108298 0.27963501 0.1212835
v 0.17463198 0.24388391 0.11632586
v 0.17493398 0.28017852 0.1563074
v -0.04744602 0.29990745 -0.0448702
v 0.00506799 0.26194024 -0.03511999
v -0.05338702 0.30021891 0.00491593
v 0.00506699 0.25460428 0.00550515
v -0.05338702 0.30021891 0.00491593
v 0.00506699 0.25460428 0.00550515
v 0.00506799 0.26308265 0.05331863
v -0.04744602 0.30128905 0.06208487
v -0.34777904 0.15368861 -0.19333196
v -0.34812099 0.19404151 -0.14524516
v -0.29853404 0.15522316 -0.15100625
v -0.34777904 0.15887038 0.20781055
v -0.29853404 0.15931112 0.16546035
v -0.34812099 0.19799629 0.16091129
v -0.33506501 0.28017852 0.1563074
v -0.28582203 0.29966846 0.11496721
v -0.33467203 0.32558766 0.14239272
v -0.291408 0.27862144 0.12279373
v -0.33440304 0.34537795 0.06968404
v -0.27795702 0.30266416 0.06653248
v -0.33506501 0.27631193 -0.14306763
v -0.28582203 0.2968283 -0.10490344
v -0.29140699 0.27562049 -0.10952389
v -0.33467203 0.32203099 -0.13298932
v -0.33440304 0.34378958 -0.05327971
v -0.27795702 0.30117142 -0.04902688
v -0.27146703 0.30166483 0.00479624
v -0.33432001 0.34871832 0.00418843
v -0.33440304 0.34537795 0.06968404
v -0.27795702 0.30266416 0.06653248
v -0.27795702 0.30117142 -0.04902688
v -0.33440304 0.34378958 -0.05327971
v -0.27146703 0.30166483 0.00479624
v -0.33432001 0.34871832 0.00418843
v -0.04744602 0.30128905 0.06208487
v 0.00501299 0.27319738 0.06943133
v -0.04065501 0.29883426 0.10653128
v 0.00506799 0.26308265 0.05331863
v 0.00501299 0.27319738 0.06943133
v -0.03596202 0.27975127 0.11364536
v 0.00501299 0.27154452 -0.058523
v -0.04744602 0.29990745 -0.0448702
v -0.04065501 0.29621452 -0.09627379
v 0.00506799 0.26194024 -0.03511999
v -0.03596202 0.27698624 -0.10040777
v 0.00498199 0.27932873 -0.05633235
v -0.16511902 0.27438203 -0.15801293
v -0.11709601 0.27362198 -0.12111505
v -0.16545202 0.23572651 -0.10378413
v -0.34777904 0.15368861 -0.19333196
v -0.29223299 0.11843419 -0.14435253
v -0.34733504 0.09552421 -0.17911047
v -0.29853404 0.15522316 -0.15100625
v -0.28336203 0.10338044 -0.1111463
v -0.347031 0.06816373 -0.11815602
v -0.29223299 0.12229671 0.15466154
v -0.34777904 0.15887038 0.20781055
v -0.34733504 0.10029218 0.18999872
v -0.29853404 0.15931112 0.16546035
v -0.28336203 0.10639025 0.12185525
v -0.347031 0.07136635 0.12977231
v -0.89363098 0.12469394 -0.14263922
v -0.89733398 0.17146578 -0.1911864
v -0.85961699 0.15441978 -0.14912874
v -0.95824701 0.12802154 -0.17731708
v -0.89363098 0.12469394 -0.14263922
v -0.97713703 0.11571106 -0.07150026
v -0.89284497 0.11823948 -0.06691554
v -0.16511902 0.27863592 0.17129856
v -0.16545202 0.23851267 0.11190287
v -0.11709601 0.27692303 0.13443363
v -0.89733398 0.17652035 0.20010895
v -0.89363098 0.12851013 0.15278813
v -0.85961699 0.15839365 0.1585066
v -0.95824701 0.13273235 0.18736649
v -0.97713703 0.11769266 0.08190393
v -0.89363098 0.12851013 0.15278813
v -0.89284497 0.12010181 0.07725544
v 0.00498199 0.28095451 0.06952414
v 0.00468798 0.24646178 0.11524247
v -0.03596202 0.27975127 0.11364536
v 0.00498199 0.27932873 -0.05633235
v -0.03596202 0.27698624 -0.10040777
v 0.00468798 0.24359882 -0.10639203
v 0.06433499 0.30031475 0.00491469
v 0.00506799 0.26194024 -0.03511999
v 0.05827599 0.29985392 -0.04532455
v 0.00506699 0.25460428 0.00550515
v 0.06433499 0.30031475 0.00491469
v 0.00506799 0.26308265 0.05331863
v 0.00506699 0.25460428 0.00550515
v 0.05827599 0.3012473 0.06254245
v -0.28336203 0.10338044 -0.1111463
v -0.34693801 0.05842269 0.01095458
v -0.347031 0.06816373 -0.11815602
v -0.27604002 0.09739769 0.01045112
v -0.34693801 0.05842269 0.01095458
v -0.28336203 0.10639025 0.12185525
v -0.347031 0.07136635 0.12977231
v -0.27604002 0.09739769 0.01045112
v 0.05093499 0.29845166 0.10774933
v 0.00501299 0.27319738 0.06943133
v 0.05827599 0.3012473 0.06254245
v 0.00506799 0.26308265 0.05331863
v 0.00501299 0.27319738 0.06943133
v 0.04572199 0.27880609 0.11505468
v -0.06227402 0.08097465 -0.15199831
v -0.00958402 0.05116545 -0.08475766
v -0.00720702 0.08338776 -0.14444885
v -0.00281201 0.05183136 -0.05915714
v 0.29664397 0.27477974 -0.11948287
v 0.344881 0.27438203 -0.15801293
v 0.34454799 0.23568276 -0.10721685
v -0.00720801 0.08739361 0.16566128
v -0.00281201 0.05364459 0.08121215
v -0.00958402 0.05364018 0.10682235
v -0.06227402 0.0851763 0.17326954
v 0.00501299 0.27154452 -0.058523
v 0.05093499 0.2958006 -0.09748154
v 0.05827599 0.29985392 -0.04532455
v 0.00506799 0.26194024 -0.03511999
v 0.00498199 0.27932873 -0.05633235
v 0.04572199 0.27600437 -0.10179221
v 0.00468798 0.24359882 -0.10639203
v 0.04572199 0.27880609 0.11505468
v 0.00468798 0.24646178 0.11524247
v 0.00498199 0.28095451 0.06952414
v 0.29664296 0.27803764 0.13277109
v 0.34454799 0.23855698 0.11533459
v 0.34487998 0.27863592 0.17129856
v -0.49571604 0.15232229 -0.19156817
v -0.496041 0.19070354 -0.14391193
v -0.44890803 0.15380326 -0.1496098
v 0.456613 0.30021891 0.00491593
v 0.515589 0.34111765 0.06548171
v 0.51566601 0.34423566 0.00434734
v 0.46255398 0.30128905 0.06208487
v 0.515589 0.33963501 -0.04929471
v 0.456613 0.30021891 0.00491593
v 0.51566601 0.34423566 0.00434734
v 0.46255398 0.29990745 -0.0448702
v -0.49571604 0.15745984 0.20615163
v -0.44890803 0.15785649 0.16416803
v -0.496041 0.19462587 0.15973172
v -0.11687701 0.08745524 0.01057855
v -0.01845402 0.05305183 0.11852392
v -0.02255001 0.05097938 0.01104973
v -0.11742401 0.08642019 0.14192989
v -0.11742401 0.08302766 -0.12070022
v -0.11687701 0.08745524 0.01057855
v -0.01845402 0.05027503 -0.09644014
v -0.02255001 0.05097938 0.01104973
v -0.33506501 0.27631193 -0.14306763
v -0.29140699 0.27562049 -0.10952389
v -0.33536804 0.24100024 -0.1069105
v -0.00281201 0.05183136 -0.05915714
v 0.07271699 0.059786 -0.11388344
v -0.00720702 0.08338776 -0.14444885
v -0.33506501 0.28017852 0.1563074
v -0.33536804 0.24387264 0.11545394
v -0.291408 0.27862144 0.12279373
v -0.00281201 0.05364459 0.08121215
v -0.00720801 0.08739361 0.16566128
v 0.07271598 0.06301019 0.13571471
v -0.06227402 0.0851763 0.17326954
v -0.00958402 0.05364018 0.10682235
v -0.11742401 0.08642019 0.14192989
v 0.11877999 0.30122831 -0.04854057
v 0.17503999 0.26055261 -0.03809431
v 0.11241399 0.30156183 0.00479757
v 0.17503698 0.2526938 0.00542883
v 0.11241399 0.30156183 0.00479757
v 0.17503698 0.2526938 0.00542883
v 0.17503898 0.26177651 0.05665378
v 0.11877999 0.30270848 0.06604487
v 0.46934497 0.29621452 -0.09627379
v 0.515589 0.33963501 -0.04929471
v 0.515338 0.31932455 -0.12369858
v 0.46255398 0.29990745 -0.0448702
v 0.51497102 0.27664962 -0.13310415
v 0.474038 0.27698624 -0.10040777
v 0.51497102 0.27664962 -0.13310415
v 0.51468801 0.24358866 -0.10717896
v 0.515589 0.34111765 0.06548171
v 0.46934497 0.29883426 0.10653128
v 0.515338 0.32264498 0.13334998
v 0.46255398 0.30128905 0.06208487
v 0.51497102 0.28025934 0.14633852
v 0.474038 0.27975127 0.11364536
v 0.51468801 0.24647197 0.11603141
v 0.51497102 0.28025934 0.14633852
v -0.11742401 0.08302766 -0.12070022
v -0.01845402 0.05027503 -0.09644014
v -0.06227402 0.08097465 -0.15199831
v 0.17494698 0.28092316 0.07401292
v 0.17463198 0.24388391 0.11632586
v 0.13108298 0.27963501 0.1212835
v -0.50502998 0.28025934 0.14633852
v -0.45906502 0.29845166 0.10774933
v -0.50466198 0.32264498 0.13334998
v -0.46427804 0.27880552 0.11505469
v -0.50441098 0.34111765 0.06548171
v -0.45172399 0.3012473 0.06254245
v -0.50502902 0.27664962 -0.13310415
v -0.45906502 0.2958006 -0.09748154
v -0.46427804 0.27600437 -0.10179221
v -0.50466198 0.31932458 -0.12369659
v -0.50441098 0.33963501 -0.04929471
v -0.45172399 0.29985392 -0.04532455
v 0.11877999 0.30270848 0.06604487
v 0.17497998 0.27261281 0.07391325
v 0.12605499 0.30007851 0.11366181
v 0.17503898 0.26177651 0.05665378
v 0.17497998 0.27261281 0.07391325
v 0.13108298 0.27963501 0.1212835
v 0.17494698 0.27918148 -0.06081883
v 0.13108298 0.27667269 -0.10804036
v 0.17463198 0.2409896 -0.10778145
v 0.17497998 0.27084211 -0.06316531
v 0.11877999 0.30122831 -0.04854057
v 0.12605499 0.29727191 -0.10360906
v 0.17503999 0.26055261 -0.03809431
v 0.13108298 0.27667269 -0.10804036
v 0.17494698 0.27918148 -0.06081883
v -0.445665 0.30031475 0.00491469
v -0.50433397 0.34423566 0.00434734
v -0.50441098 0.34111765 0.06548171
v -0.45172399 0.3012473 0.06254245
v -0.45172399 0.29985392 -0.04532455
v -0.50441098 0.33963501 -0.04929471
v -0.445665 0.30031475 0.00491469
v -0.50433397 0.34423566 0.00434734
v -0.49491704 0.06187635 0.01069595
v -0.43448699 0.10693472 0.07472129
v -0.49500602 0.07361073 0.07959513
v -0.42752802 0.09892192 0.01021741
v -0.43448699 0.10514309 -0.06397614
v -0.49491704 0.06187635 0.01069595
v -0.49500602 0.07170433 -0.06798755
v -0.42752802 0.09892192 0.01021741
v -0.49571604 0.15232229 -0.19156817
v -0.44292003 0.11878695 -0.14700529
v -0.49529499 0.09698091 -0.18240458
v -0.44890803 0.15380326 -0.1496098
v -0.49500602 0.07170433 -0.06798755
v -0.43448699 0.10514309 -0.06397614
v -0.11709601 0.27692303 0.13443363
v -0.16545202 0.23851267 0.11190287
v -0.16510601 0.27945468 0.08077445
v -0.44292003 0.12271871 0.15736929
v -0.49571604 0.15745984 0.20615163
v -0.49529403 0.10183436 0.19332108
v -0.44890803 0.15785649 0.16416803
v -0.49500602 0.07361073 0.07959513
v -0.43448699 0.10693472 0.07472129
v -0.09516101 0.30227068 0.0046364
v -0.16500401 0.25704768 -0.04254141
v -0.10230002 0.30172798 -0.05456953
v -0.16500601 0.24840257 0.00533224
v -0.09516101 0.30227068 0.0046364
v -0.16500401 0.25839394 0.06167889
v -0.16500601 0.24840257 0.00533224
v -0.10230002 0.30337003 0.07254687
v -0.11709601 0.27362198 -0.12111505
v -0.16510601 0.27753881 -0.06754117
v -0.16545202 0.23572651 -0.10378413
v -0.631787 0.14603843 -0.17938399
v -0.63203597 0.1754584 -0.14428306
v -0.59588403 0.14717461 -0.14720097
v -0.63178599 0.15088618 0.19590071
v -0.59588403 0.15119067 0.16369909
v -0.63203597 0.17938967 0.16005355
v -0.50502902 0.27664962 -0.13310415
v -0.46427804 0.27600437 -0.10179221
v -0.50531203 0.24356022 -0.10937878
v -0.11095201 0.30007485 0.12582389
v -0.16507001 0.27031296 0.08066452
v -0.10230002 0.30337003 0.07254687
v -0.16500401 0.25839394 0.06167889
v -0.16507001 0.27031296 0.08066452
v -0.11709601 0.27692303 0.13443363
v -0.50502998 0.28025934 0.14633852
v -0.50531203 0.24650037 0.11823022
v -0.46427804 0.27880552 0.11505469
v -0.16507001 0.26836517 -0.07012289
v -0.11095201 0.29695064 -0.11603395
v -0.10230002 0.30172798 -0.05456953
v -0.16500401 0.25704768 -0.04254141
v -0.16510601 0.27753881 -0.06754117
v -0.11709601 0.27362198 -0.12111505
v -0.76786298 0.16023813 -0.20702869
v -0.76825202 0.20630041 -0.14212525
v -0.71181101 0.16198519 -0.15885326
v 0.685597 0.34537795 0.06968404
v 0.63605499 0.30007851 0.11366181
v 0.68532801 0.32558823 0.14239269
v 0.62878001 0.30270848 0.06604487
v 0.68493497 0.28017911 0.1563074
v 0.641083 0.27963501 0.1212835
v -0.34766102 0.14182103 -0.0906561
v -0.27604002 0.09739769 0.01045112
v -0.28336203 0.10338044 -0.1111463
v -0.34766299 0.14278668 0.0098648
v -0.27604002 0.09739769 0.01045112
v -0.34766102 0.14428873 0.10037895
v -0.28336203 0.10639025 0.12185525
v -0.34766299 0.14278668 0.0098648
v -0.76786298 0.16579619 0.2232444
v -0.71181101 0.16629827 0.17504087
v -0.76825202 0.21027097 0.1652531
v -0.59129101 0.12292092 0.16159105
v -0.63178599 0.15088618 0.19590071
v -0.63146299 0.1069025 0.18916726
v -0.59588403 0.15119067 0.16369909
v -0.58482301 0.11275487 0.14325681
v -0.63124198 0.08725448 0.1515719
v 0.62241501 0.30156183 0.00479757
v 0.685597 0.34537795 0.06968404
v 0.68567997 0.34871832 0.00418843
v 0.62878001 0.30270848 0.06604487
v 0.685597 0.34378958 -0.05327971
v 0.62241501 0.30156183 0.00479757
v 0.68567997 0.34871832 0.00418843
v 0.62878001 0.30122831 -0.04854057
v -0.631787 0.14603843 -0.17938399
v -0.59129101 0.12031665 -0.14520189
v -0.63146299 0.10359129 -0.17235413
v -0.59588403 0.14717461 -0.14720097
v -0.58482301 0.10936305 -0.11931825
v -0.63124102 0.08365639 -0.12697184
v -0.29853404 0.15931112 0.16546035
v -0.34776604 0.15594015 0.10394775
v -0.34812099 0.19799629 0.16091129
v 0.34489399 0.27945468 0.08077445
v 0.34454799 0.23855698 0.11533459
v 0.29664296 0.27803764 0.13277109
v 0.34489399 0.27753881 -0.06754117
v 0.29664397 0.27477974 -0.11948287
v 0.34454799 0.23568276 -0.10721685
v -0.67511898 0.27863592 0.17129856
v -0.62095201 0.30007485 0.12582389
v -0.67468601 0.32858619 0.15599212
v -0.627096 0.27692303 0.13443363
v -0.67439002 0.35035527 0.07601327
v -0.61230099 0.30337003 0.07254687
v 0.28310996 0.30179027 -0.05403329
v 0.34499598 0.25704768 -0.04254141
v 0.27610898 0.30215636 0.00463788
v 0.34499401 0.24840257 0.00533224
v 0.27610898 0.30215636 0.00463788
v 0.34499401 0.24840257 0.00533224
v 0.34499598 0.25839394 0.06167889
v 0.28310996 0.30341843 0.07200919
v 0.63605499 0.29727191 -0.10360906
v 0.685597 0.34378958 -0.05327971
v 0.68532801 0.32203099 -0.13298932
v 0.62878001 0.30122831 -0.04854057
v 0.68493497 0.27631193 -0.14306763
v 0.641083 0.27667269 -0.10804036
v 0.68493497 0.27631193 -0.14306763
v 0.684632 0.24097937 -0.10857338
v -0.67511898 0.27438203 -0.15801293
v -0.62095201 0.29695064 -0.11603395
v -0.627096 0.27362198 -0.12111505
v -0.67468601 0.32467321 -0.14692861
v -0.67439002 0.34860802 -0.05924744
v -0.61229998 0.30172798 -0.05456953
v -0.34766102 0.14182103 -0.0906561
v -0.28336203 0.10338044 -0.1111463
v -0.34772801 0.14240964 -0.09238185
v -0.29223299 0.11843419 -0.14435253
v -0.29853404 0.15522316 -0.15100625
v -0.34772801 0.14240964 -0.09238185
v -0.34776604 0.15344223 -0.08942612
v -0.29853404 0.15522316 -0.15100625
v -0.34812099 0.19404151 -0.14524516
v 0.641083 0.27963501 0.1212835
v 0.684632 0.24389473 0.11711679
v 0.68493497 0.28017911 0.1563074
v -0.34772801 0.14492172 0.10208892
v -0.29223299 0.12229671 0.15466154
v -0.28336203 0.10639025 0.12185525
v -0.34766102 0.14428873 0.10037895
v -0.29853404 0.15931112 0.16546035
v -0.34776604 0.15594015 0.10394775
v -0.67511898 0.27863592 0.17129856
v -0.67545199 0.23852631 0.11291378
v -0.627096 0.27692303 0.13443363
v 0.28310996 0.30341843 0.07200919
v 0.34492999 0.27031296 0.08066452
v 0.29111296 0.30052546 0.12438693
v 0.34499598 0.25839394 0.06167889
v 0.34492999 0.27031296 0.08066452
v 0.29664296 0.27803764 0.13277109
v -0.60516101 0.30227068 0.0046364
v -0.674299 0.3540296 0.0039678
v -0.67439002 0.35035527 0.07601327
v -0.61230099 0.30337003 0.07254687
v -0.61229998 0.30172798 -0.05456953
v -0.67439002 0.34860802 -0.05924744
v -0.60516101 0.30227068 0.0046364
v -0.674299 0.3540296 0.0039678
v -0.67511898 0.27438203 -0.15801293
v -0.627096 0.27362198 -0.12111505
v -0.67545199 0.23571405 -0.10479505
v 0.34492999 0.26836517 -0.07012289
v 0.28310996 0.30179027 -0.05403329
v 0.29111296 0.2974382 -0.11461113
v 0.34499598 0.25704768 -0.04254141
v 0.29664397 0.27477974 -0.11948287
v 0.34489399 0.27753881 -0.06754117
v -0.58482301 0.10936305 -0.11931825
v -0.63117403 0.07709985 0.0093912
v -0.63124102 0.08365639 -0.12697184
v -0.57948601 0.10551447 0.00902416
v -0.63117403 0.07709985 0.0093912
v -0.58482301 0.11275487 0.14325681
v -0.63124198 0.08725448 0.1515719
v -0.57948601 0.10551447 0.00902416
v -0.291408 0.27862144 0.12279373
v -0.33536804 0.24387264 0.11545394
v -0.33505303 0.28092316 0.07401292
v -0.29140699 0.27562049 -0.10952389
v -0.33505303 0.27918148 -0.06081883
v -0.33536804 0.24100024 -0.1069105
v -0.27146703 0.30166483 0.00479624
v -0.334961 0.26055261 -0.03809431
v -0.27795702 0.30117142 -0.04902688
v -0.33496302 0.2526938 0.00542883
v -0.27146703 0.30166483 0.00479624
v -0.334961 0.26177651 0.05665378
v -0.33496302 0.2526938 0.00542883
v -0.27795702 0.30266416 0.06653248
v -0.49560404 0.14158504 -0.05195383
v -0.42752802 0.09892192 0.01021741
v -0.43448699 0.10514309 -0.06397614
v -0.49560601 0.14206477 0.00966011
v -0.42752802 0.09892192 0.01021741
v -0.49560404 0.14305395 0.06176168
v -0.43448699 0.10693472 0.07472129
v -0.49560601 0.14206477 0.00966011
v -0.28582203 0.29966846 0.11496721
v -0.33502001 0.27261281 0.07391325
v -0.27795702 0.30266416 0.06653248
v -0.334961 0.26177651 0.05665378
v -0.33502001 0.27261281 0.07391325
v -0.291408 0.27862144 0.12279373
v -0.33502001 0.27084211 -0.06316531
v -0.28582203 0.2968283 -0.10490344
v -0.27795702 0.30117142 -0.04902688
v -0.334961 0.26055261 -0.03809431
v -0.33505303 0.27918148 -0.06081883
v -0.29140699 0.27562049 -0.10952389
v -0.76786298 0.16023813 -0.20702869
v -0.70463997 0.12016074 -0.14745405
v -0.76735801 0.09408475 -0.18701756
v -0.71181101 0.16198519 -0.15885326
v -0.767012 0.07470361 -0.08263352
v -0.69454199 0.11474628 -0.07783033
v 0.51498199 0.27932873 -0.05633235
v 0.474038 0.27698624 -0.10040777
v 0.51468801 0.24358866 -0.10717896
v 0.51498199 0.28095451 0.06952414
v 0.51468801 0.24647197 0.11603141
v 0.474038 0.27975127 0.11364536
v -0.70463997 0.12424276 0.16855258
v -0.76786298 0.16579619 0.2232444
v -0.76735801 0.0991974 0.20877442
v -0.71181101 0.16629827 0.17504087
v -0.767012 0.07698648 0.09409273
v -0.69454199 0.11689173 0.08825781
v -0.44292003 0.12271871 0.15736929
v -0.43448699 0.10693472 0.07472129
v -0.49566799 0.14417909 0.10387566
v -0.49560404 0.14305395 0.06176168
v -0.49566799 0.14417909 0.10387566
v -0.44890803 0.15785649 0.16416803
v -0.49570304 0.15462036 0.10318374
v -0.44890803 0.15785649 0.16416803
v -0.496041 0.19462587 0.15973172
v -0.69454199 0.11474628 -0.07783033
v -0.76690602 0.07173344 0.01147369
v -0.767012 0.07470361 -0.08263352
v -0.68620902 0.11609431 0.01090066
v -0.76690602 0.07173344 0.01147369
v -0.69454199 0.11689173 0.08825781
v -0.767012 0.07698648 0.09409273
v -0.68620902 0.11609431 0.01090066
v -0.43448699 0.10514309 -0.06397614
v -0.44292003 0.11878695 -0.14700529
v -0.49566799 0.14162195 -0.09408382
v -0.49560404 0.14158504 -0.05195383
v -0.44890803 0.15380326 -0.1496098
v -0.49566799 0.14162195 -0.09408382
v -0.49570304 0.15214349 -0.08856126
v -0.44890803 0.15380326 -0.1496098
v -0.496041 0.19070354 -0.14391193
v 0.46255398 0.29990745 -0.0448702
v 0.51506799 0.26194024 -0.03511999
v 0.456613 0.30021891 0.00491593
v 0.51506603 0.25460428 0.00550515
v 0.456613 0.30021891 0.00491593
v 0.51506603 0.25460428 0.00550515
v 0.51506799 0.26308265 0.05331863
v 0.46255398 0.30128905 0.06208487
v 0.46255398 0.30128905 0.06208487
v 0.51501298 0.27319738 0.06943133
v 0.46934497 0.29883426 0.10653128
v 0.51506799 0.26308265 0.05331863
v 0.51501298 0.27319738 0.06943133
v 0.474038 0.27975127 0.11364536
v 0.51501298 0.27154452 -0.058523
v 0.46255398 0.29990745 -0.0448702
v 0.46934497 0.29621452 -0.09627379
v 0.51506799 0.26194024 -0.03511999
v 0.474038 0.27698624 -0.10040777
v 0.51498199 0.27932873 -0.05633235
v -0.59588403 0.14717461 -0.14720097
v -0.63203597 0.1754584 -0.14428306
v -0.63177699 0.14572909 -0.1136775
v -0.59588403 0.15119067 0.16369909
v -0.63177699 0.14887972 0.13022515
v -0.63203597 0.17938967 0.16005355
v -0.63169998 0.13748063 -0.0972316
v -0.57948601 0.10551447 0.00902416
v -0.58482301 0.10936305 -0.11931825
v -0.63170201 0.13860534 0.00859671
v -0.57948601 0.10551447 0.00902416
v -0.63169998 0.14029257 0.12045224
v -0.58482301 0.11275487 0.14325681
v -0.63170201 0.13860534 0.00859671
v -0.445665 0.30031475 0.00491469
v -0.50493199 0.26194024 -0.03511999
v -0.45172399 0.29985392 -0.04532455
v -0.504933 0.25460428 0.00550515
v -0.445665 0.30031475 0.00491469
v -0.50493199 0.26308265 0.05331863
v -0.504933 0.25460428 0.00550515
v -0.45172399 0.3012473 0.06254245
v -0.504987 0.27154452 -0.058523
v -0.45906502 0.2958006 -0.09748154
v -0.45172399 0.29985392 -0.04532455
v -0.50493199 0.26194024 -0.03511999
v -0.505018 0.27932873 -0.05633235
v -0.46427804 0.27600437 -0.10179221
v -0.50531203 0.24356022 -0.10937878
v -0.45906502 0.29845166 0.10774933
v -0.504987 0.27319738 0.06943133
v -0.45172399 0.3012473 0.06254245
v -0.50493199 0.26308265 0.05331863
v -0.504987 0.27319738 0.06943133
v -0.46427804 0.27880552 0.11505469
v -0.50531203 0.24650037 0.11823022
v -0.505018 0.28095451 0.06952414
v 0.68494701 0.27918148 -0.06081883
v 0.641083 0.27667269 -0.10804036
v 0.684632 0.24097937 -0.10857338
v 0.68494701 0.28092316 0.07401292
v 0.684632 0.24389473 0.11711679
v 0.641083 0.27963501 0.1212835
v -0.68620902 0.11609431 0.01090066
v -0.76772898 0.16014376 0.07273785
v -0.69454199 0.11689173 0.08825781
v -0.76773101 0.16775736 0.0102333
v -0.76772898 0.15838476 -0.06343378
v -0.68620902 0.11609431 0.01090066
v -0.69454199 0.11474628 -0.07783033
v -0.76773101 0.16775736 0.0102333
v -0.89733398 0.17652035 0.20010895
v -0.85961699 0.15839365 0.1585066
v -0.85588402 0.20564555 0.1540359
v -0.63174999 0.1393812 0.12056103
v -0.59129101 0.12292092 0.16159105
v -0.58482301 0.11275487 0.14325681
v -0.63177699 0.14887972 0.13022515
v -0.59588403 0.15119067 0.16369909
v -0.63169998 0.13748063 -0.0972316
v -0.58482301 0.10936305 -0.11931825
v -0.63174999 0.1378307 -0.10460973
v -0.59129101 0.12031665 -0.14520189
v -0.63177699 0.14572909 -0.1136775
v -0.59588403 0.14717461 -0.14720097
v -0.89733398 0.17146578 -0.1911864
v -0.855883 0.2018526 -0.13959157
v -0.85961699 0.15441978 -0.14912874
v 0.62878001 0.30122831 -0.04854057
v 0.68503898 0.26055261 -0.03809431
v 0.62241501 0.30156183 0.00479757
v 0.68503702 0.2526938 0.00542883
v 0.62241501 0.30156183 0.00479757
v 0.68503702 0.2526938 0.00542883
v 0.68503898 0.26177651 0.05665378
v 0.62878001 0.30270848 0.06604487
v -0.627096 0.27362198 -0.12111505
v -0.67510599 0.27753881 -0.06754117
v -0.67545199 0.23571405 -0.10479505
v -0.627096 0.27692303 0.13443363
v -0.67545199 0.23852631 0.11291378
v -0.67510599 0.27945468 0.08077445
v 0.62878001 0.30270848 0.06604487
v 0.68497998 0.27261281 0.07391325
v 0.63605499 0.30007851 0.11366181
v 0.68503898 0.26177651 0.05665378
v 0.68497998 0.27261281 0.07391325
v 0.641083 0.27963501 0.1212835
v 0.68497998 0.27084211 -0.06316531
v 0.62878001 0.30122831 -0.04854057
v 0.63605499 0.29727191 -0.10360906
v 0.68503898 0.26055261 -0.03809431
v 0.641083 0.27667269 -0.10804036
v 0.68494701 0.27918148 -0.06081883
v -0.71181101 0.16198519 -0.15885326
v -0.76825202 0.20630041 -0.14212525
v -0.76784801 0.15995817 -0.08876122
v -0.70463997 0.12424276 0.16855258
v -0.69454199 0.11689173 0.08825781
v -0.76780498 0.14999515 0.10871494
v -0.76772898 0.16014376 0.07273785
v -0.76780498 0.14999515 0.10871494
v -0.71181101 0.16629827 0.17504087
v -0.76784801 0.16246141 0.10502561
v -0.71181101 0.16629827 0.17504087
v -0.76825202 0.21027097 0.1652531
v -0.60516101 0.30227068 0.0046364
v -0.67500401 0.25704768 -0.04254141
v -0.61229998 0.30172798 -0.05456953
v -0.67500597 0.24840257 0.00533224
v -0.60516101 0.30227068 0.0046364
v -0.67500401 0.25839394 0.06167889
v -0.67500597 0.24840257 0.00533224
v -0.61230099 0.30337003 0.07254687
v -0.69454199 0.11474628 -0.07783033
v -0.70463997 0.12016074 -0.14745405
v -0.76780498 0.14745016 -0.08830262
v -0.76772898 0.15838476 -0.06343378
v -0.71181101 0.16198519 -0.15885326
v -0.76780498 0.14745016 -0.08830262
v -0.76784801 0.15995817 -0.08876122
v -0.62095201 0.30007485 0.12582389
v -0.67506999 0.27031296 0.08066452
v -0.61230099 0.30337003 0.07254687
v -0.67500401 0.25839394 0.06167889
v -0.67506999 0.27031296 0.08066452
v -0.627096 0.27692303 0.13443363
v -0.67506999 0.26836517 -0.07012289
v -0.62095201 0.29695064 -0.11603395
v -0.61229998 0.30172798 -0.05456953
v -0.67500401 0.25704768 -0.04254141
v -0.67510599 0.27753881 -0.06754117
v -0.627096 0.27362198 -0.12111505
v -1.28852701 0.17597798 0.06842297
v -1.31784403 0.19849694 0.06161654
v -1.31781495 0.17672241 0.09521659
v -1.28852701 0.1744543 -0.04953118
v -1.31781602 0.17450641 -0.07633409
v -1.31784403 0.19714156 -0.0433077
v -0.85961699 0.15441978 -0.14912874
v -0.855883 0.2018526 -0.13959157
v -0.89898998 0.17160396 -0.08853162
v -0.91050297 0.16336328 -0.09148743
v -0.85961699 0.15441978 -0.14912874
v -0.89363098 0.12469394 -0.14263922
v -0.85961699 0.15839365 0.1585066
v -0.89898998 0.17400685 0.09748586
v -0.85588402 0.20564555 0.1540359
v -0.85961699 0.15839365 0.1585066
v -0.91050297 0.16584525 0.10065254
v -0.89363098 0.12851013 0.15278813
v -1.38767099 0.16898163 0.06721124
v -1.41198301 0.18977721 0.05900395
v -1.41198301 0.16980474 0.08944747
v -1.38767099 0.16749159 -0.04813913
v -1.41198301 0.16774006 -0.0703882
v -1.41198301 0.18849224 -0.04047075
v -1.31777894 0.14775634 0.08248567
v -1.317752 0.12605222 0.0452039
v -1.27739298 0.14865711 0.03979547
v -1.28536499 0.16022657 0.06084979
v -1.31781495 0.17672241 0.09521659
v -1.28852701 0.17597798 0.06842297
v -1.317752 0.12514497 -0.02503024
v -1.31777894 0.14587885 -0.0628592
v -1.27739298 0.14788203 -0.02020752
v -1.28536499 0.15890378 -0.04155366
v -1.31781602 0.17450641 -0.07633409
v -1.28852701 0.1744543 -0.04953118
v -1.50761104 0.15051219 0.08978768
v -1.47236896 0.16406877 0.06540955
v -1.50761104 0.18208972 0.09043787
v -1.475824 0.18129265 0.06510206
v -1.50761104 0.20603362 0.06160619
v -1.50761104 0.18208972 0.09043787
v -1.50761104 0.17999536 -0.0716966
v -1.47236896 0.16262691 -0.04621114
v -1.50761104 0.14844516 -0.07022997
v -1.475824 0.17985299 -0.04634865
v -1.50761104 0.17999536 -0.0716966
v -1.50761104 0.204676 -0.04349304
v -1.41198301 0.14305134 0.08004323
v -1.41198301 0.12222107 0.04219013
v -1.37665296 0.14234203 0.03872995
v -1.38467205 0.15386994 0.06122393
v -1.41198301 0.14305134 0.08004323
v -1.38467205 0.15386994 0.06122393
v -1.41198301 0.16980474 0.08944747
v -1.38767099 0.16898163 0.06721124
v -1.41198301 0.12139295 -0.02191751
v -1.41198301 0.14123851 -0.06029605
v -1.37665296 0.14159657 -0.01897923
v -1.38467205 0.15253961 -0.04176347
v -1.41198301 0.16774006 -0.0703882
v -1.38467205 0.15253961 -0.04176347
v -1.41198301 0.14123851 -0.06029605
v -1.38767099 0.16749159 -0.04813913
v -1.47236896 0.16406877 0.06540955
v -1.50761104 0.15051219 0.08978768
v -1.46357095 0.15142174 0.05178677
v -1.50761104 0.12678976 0.06035464
v -1.50761104 0.14844516 -0.07022997
v -1.46357095 0.15033598 -0.03226622
v -1.50761104 0.12549092 -0.04019397
v -1.47236896 0.16262691 -0.04621114
v -1.317747 0.12142778 0.01014071
v -1.27730894 0.14431664 0.00984504
v -1.27739298 0.14865711 0.03979547
v -1.317752 0.12605222 0.0452039
v -1.317752 0.12514497 -0.02503024
v -1.27739298 0.14788203 -0.02020752
v -1.317747 0.12142778 0.01014071
v -1.27730894 0.14431664 0.00984504
v -1.65053797 0.17707011 0.07138312
v -1.67744601 0.19872898 0.06667396
v -1.67763305 0.17732786 0.09474773
v -1.65053797 0.17546961 -0.05251755
v -1.67763305 0.17512375 -0.07588103
v -1.67744601 0.19724292 -0.04836943
v -0.89284497 0.11823948 -0.06691554
v -0.89363098 0.12469394 -0.14263922
v -0.91050297 0.16336328 -0.09148743
v -0.90066499 0.17075962 -0.05460888
v -0.89363098 0.12851013 0.15278813
v -0.89284497 0.12010181 0.07725544
v -0.91050297 0.16584525 0.10065254
v -0.90066499 0.17228653 0.06359525
v -0.88720602 0.11664242 0.01014252
v -0.90066499 0.17228653 0.06359525
v -0.892901 0.17709717 0.00936159
v -0.90066499 0.17075962 -0.05460888
v -0.88720602 0.11664242 0.01014252
v -0.89284497 0.11823948 -0.06691554
v -0.892901 0.17709717 0.00936159
v -1.41198301 0.11800826 0.01018488
v -1.37658703 0.13832296 0.00992246
v -1.37665296 0.14234203 0.03872995
v -1.41198301 0.12222107 0.04219013
v -1.41198301 0.12139295 -0.02191751
v -1.37665296 0.14159657 -0.01897923
v -1.41198301 0.11800826 0.01018488
v -1.37658703 0.13832296 0.00992246
v -1.57136297 0.16789229 0.06575819
v -1.59565496 0.18730348 0.06354128
v -1.59605098 0.16875601 0.09021607
v -1.31780803 0.16979039 0.00951598
v -1.27739298 0.14788203 -0.02020752
v -1.31781101 0.17175286 -0.01164413
v -1.27730894 0.14431664 0.00984504
v -1.57136297 0.16644016 -0.04665743
v -1.59605098 0.16667183 -0.07112946
v -1.59565496 0.18590215 -0.04494366
v -1.31780803 0.16979039 0.00951598
v -1.27739298 0.14865711 0.03979547
v -1.27730894 0.14431664 0.00984504
v -1.31781101 0.17229877 0.03061834
v -1.28536499 0.15890378 -0.04155366
v -1.31781304 0.17296109 -0.01541405
v -1.31781101 0.17175286 -0.01164413
v -1.27739298 0.14788203 -0.02020752
v -1.31781495 0.17452618 -0.01736943
v -1.28852701 0.1744543 -0.04953118
v -1.31784403 0.19714156 -0.0433077
v -1.50761104 0.17986333 -0.01604826
v -1.475824 0.17985299 -0.04634865
v -1.50761104 0.204676 -0.04349304
v -1.27739298 0.14865711 0.03979547
v -1.31781101 0.17229877 0.03061834
v -1.28536499 0.16022657 0.06084979
v -1.31781304 0.17360398 0.0343558
v -1.31781495 0.17521909 0.0362711
v -1.28852701 0.17597798 0.06842297
v -1.31784403 0.19849694 0.06161654
v -1.50761104 0.18052031 0.0348115
v -1.50761104 0.20603362 0.06160619
v -1.475824 0.18129265 0.06510206
v -1.59656405 0.14407714 0.07842086
v -1.59694302 0.1254974 0.04396796
v -1.56232595 0.14440459 0.03914635
v -1.568959 0.15439627 0.05868592
v -1.59694302 0.12462227 -0.02377938
v -1.59656405 0.14230587 -0.0587007
v -1.56232595 0.14364767 -0.01944876
v -1.568959 0.15313131 -0.03923991
v -1.677876 0.14885278 0.08186145
v -1.67805898 0.12711632 0.04447309
v -1.63905203 0.14841922 0.04073763
v -1.64743197 0.16070752 0.06305077
v -1.677876 0.14885278 0.08186145
v -1.64743197 0.16070752 0.06305077
v -1.67763305 0.17732786 0.09474773
v -1.65053797 0.17707011 0.07138312
v -1.67805898 0.12622762 -0.02432516
v -1.677876 0.14699104 -0.06226352
v -1.63905203 0.14761986 -0.02114321
v -1.64743197 0.15932772 -0.04376532
v -1.41198301 0.16250531 -0.01353984
v -1.37665296 0.14159657 -0.01897923
v -1.38467205 0.15253961 -0.04176347
v -1.41198301 0.16444781 -0.02006748
v -1.67763305 0.17512375 -0.07588103
v -1.64743197 0.15932772 -0.04376532
v -1.677876 0.14699104 -0.06226352
v -1.65053797 0.17546961 -0.05251755
v -1.37665296 0.14234203 0.03872995
v -1.41198301 0.1631033 0.03275229
v -1.38467205 0.15386994 0.06122393
v -1.41198301 0.16521376 0.03922857
v -1.38467205 0.15253961 -0.04176347
v -1.38767099 0.16749159 -0.04813913
v -1.41198301 0.16444781 -0.02006748
v -1.41198301 0.16739947 -0.02254381
v -1.38767099 0.16749159 -0.04813913
v -1.41198301 0.18849224 -0.04047075
v -1.38767099 0.16898163 0.06721124
v -1.41198301 0.16521376 0.03922857
v -1.41198301 0.16822839 0.04162684
v -1.38467205 0.15386994 0.06122393
v -1.41198301 0.18977721 0.05900395
v -1.38767099 0.16898163 0.06721124
v -1.50761104 0.12157423 0.01013882
v -1.46348703 0.14654136 0.0098163
v -1.46357095 0.15142174 0.05178677
v -1.50761104 0.12678976 0.06035464
v -1.50761104 0.12549092 -0.04019397
v -1.46357095 0.15033598 -0.03226622
v -1.50761104 0.12157423 0.01013882
v -1.46348703 0.14654136 0.0098163
v -1.41198301 0.16025694 0.00963913
v -1.37665296 0.14234203 0.03872995
v -1.37658703 0.13832296 0.00992246
v -1.41198301 0.1631033 0.03275229
v -1.41198301 0.16025694 0.00963913
v -1.37665296 0.14159657 -0.01897923
v -1.41198301 0.16250531 -0.01353984
v -1.37658703 0.13832296 0.00992246
v -1.59656405 0.14407714 0.07842086
v -1.568959 0.15439627 0.05868592
v -1.59605098 0.16875601 0.09021607
v -1.57136297 0.16789229 0.06575819
v -1.59605098 0.16667183 -0.07112946
v -1.568959 0.15313131 -0.03923991
v -1.59656405 0.14230587 -0.0587007
v -1.57136297 0.16644016 -0.04665743
v -1.50761104 0.17794402 -0.01685353
v -1.47236896 0.16262691 -0.04621114
v -1.475824 0.17985299 -0.04634865
v -1.50761104 0.17986333 -0.01604826
v -1.475824 0.18129265 0.06510206
v -1.50761104 0.17862244 0.03566609
v -1.50761104 0.18052031 0.0348115
v -1.47236896 0.16406877 0.06540955
v -1.597018 0.12151232 0.01013962
v -1.56233203 0.14065543 0.00989233
v -1.56232595 0.14440459 0.03914635
v -1.59694302 0.1254974 0.04396796
v -1.59694302 0.12462227 -0.02377938
v -1.56232595 0.14364767 -0.01944876
v -1.597018 0.12151232 0.01013962
v -1.56233203 0.14065543 0.00989233
v -1.50761104 0.17430292 0.00945769
v -1.46357095 0.15033598 -0.03226622
v -1.50761104 0.17644814 -0.01829633
v -1.46348703 0.14654136 0.0098163
v -1.50761104 0.17430292 0.00945769
v -1.46357095 0.15142174 0.05178677
v -1.46348703 0.14654136 0.0098163
v -1.50761104 0.17716433 0.03714704
v -1.47236896 0.16262691 -0.04621114
v -1.50761104 0.17794402 -0.01685353
v -1.50761104 0.17644814 -0.01829633
v -1.46357095 0.15033598 -0.03226622
v -1.46357095 0.15142174 0.05178677
v -1.50761104 0.17716433 0.03714704
v -1.47236896 0.16406877 0.06540955
v -1.50761104 0.17862244 0.03566609
v -1.59606504 0.16670486 -0.01740841
v -1.57136297 0.16644016 -0.04665743
v -1.59565496 0.18590215 -0.04494366
v -1.59606504 0.16740137 0.03651209
v -1.59565496 0.18730348 0.06354128
v -1.57136297 0.16789229 0.06575819
v -1.67809403 0.12260652 0.01012548
v -1.63900399 0.1440047 0.00984907
v -1.63905203 0.14841922 0.04073763
v -1.67805898 0.12711632 0.04447309
v -1.67805898 0.12622762 -0.02432516
v -1.63905203 0.14761986 -0.02114321
v -1.67809403 0.12260652 0.01012548
v -1.63900399 0.1440047 0.00984907
v -1.67763996 0.17496288 -0.02099137
v -1.65053797 0.17546961 -0.05251755
v -1.67744601 0.19724292 -0.04836943
v -1.67763996 0.17574918 0.03987955
v -1.67744601 0.19872898 0.06667396
v -1.65053797 0.17707011 0.07138312
v -1.59616005 0.16247807 0.00961044
v -1.56232595 0.14440459 0.03914635
v -1.56233203 0.14065543 0.00989233
v -1.59612 0.16469891 0.03094653
v -1.59616005 0.16247807 0.00961044
v -1.56232595 0.14364767 -0.01944876
v -1.59612 0.16414706 -0.0117749
v -1.56233203 0.14065543 0.00989233
v -1.568959 0.15313131 -0.03923991
v -1.59609604 0.16524684 -0.01545941
v -1.59612 0.16414706 -0.0117749
v -1.56232595 0.14364767 -0.01944876
v -1.59606504 0.16670486 -0.01740841
v -1.57136297 0.16644016 -0.04665743
v -1.56232595 0.14440459 0.03914635
v -1.59612 0.16469891 0.03094653
v -1.568959 0.15439627 0.05868592
v -1.59609604 0.1658935 0.03460041
v -1.59606504 0.16740137 0.03651209
v -1.57136297 0.16789229 0.06575819
v -1.67769599 0.16881824 0.00952854
v -1.63905203 0.14761986 -0.02114321
v -1.67767501 0.17098361 -0.01325433
v -1.63900399 0.1440047 0.00984907
v -1.67769599 0.16881824 0.00952854
v -1.63905203 0.14841922 0.04073763
v -1.63900399 0.1440047 0.00984907
v -1.67767501 0.1715714 0.03224888
v -1.67767501 0.17098361 -0.01325433
v -1.63905203 0.14761986 -0.02114321
v -1.64743197 0.15932772 -0.04376532
v -1.67766094 0.17262873 -0.01818899
v -1.67763996 0.17496288 -0.02099137
v -1.65053797 0.17546961 -0.05251755
v -1.63905203 0.14841922 0.04073763
v -1.67767501 0.1715714 0.03224888
v -1.64743197 0.16070752 0.06305077
v -1.67766094 0.17334342 0.0371384
v -1.67763996 0.17574918 0.03987955
v -1.65053797 0.17707011 0.07138312
vn -0.63019 0.65774 0.41261
vn -0.55181 0.82326 0.13323
vn -0.60481 0.70645 0.36761
vn -0.5478 0.82817 0.11854
vn -0.63961 0.55271 0.53425
vn -0.65372 0.52281 0.5471
vn -0.63022 0.64688 -0.42938
vn -0.55184 0.81953 -0.15443
vn -0.54781 0.82483 -0.13989
vn -0.60483 0.69668 -0.38577
vn -0.63962 0.5387 -0.54835
vn -0.65373 0.50846 -0.56045
vn -0.53901 0.842 0.02262
vn -0.54069 0.84077 0.02755
vn -0.5274 0.83057 -0.17891
vn -0.52755 0.82365 -0.20808
vn -0.52756 0.82874 0.18673
vn -0.52739 0.83492 0.1574
vn -0.539 0.84113 -0.04436
vn -0.54069 0.83978 -0.04925
vn -0.48806 -0.87225 -0.03115
vn -0.49042 -0.79015 0.36763
vn -0.49003 -0.871 -0.03504
vn -0.49105 -0.81417 0.30983
vn -0.49042 -0.79938 -0.3471
vn -0.48807 -0.87115 0.05366
vn -0.49001 -0.86982 0.05752
vn -0.49105 -0.8219 -0.2887
vn -0.62289 0.66971 0.40436
vn -0.53734 0.83504 0.11818
vn -0.59117 0.72388 0.35568
vn -0.53512 0.83811 0.10596
vn -0.62187 0.58679 0.51861
vn -0.63996 0.55552 0.5309
vn -0.62288 0.65905 -0.42151
vn -0.53733 0.83172 -0.13971
vn -0.53513 0.83508 -0.12758
vn -0.59116 0.71445 -0.37428
vn -0.62184 0.57322 -0.5336
vn -0.63991 0.54173 -0.54502
vn -0.50717 -0.86149 -0.02472
vn -0.52134 -0.78554 0.33336
vn -0.50869 -0.8605 -0.02792
vn -0.51989 -0.80283 0.29184
vn -0.52135 -0.79389 -0.31295
vn -0.50717 -0.86057 0.04696
vn -0.50868 -0.85949 0.05013
vn -0.51988 -0.81011 -0.27101
vn -0.5244 0.85127 0.01877
vn -0.52549 0.85046 0.02425
vn -0.51563 0.84002 -0.16881
vn -0.5169 0.83377 -0.194
vn -0.5169 0.83851 0.17241
vn -0.51563 0.8441 0.14706
vn -0.5244 0.8505 -0.04075
vn -0.5255 0.84954 -0.04621
vn -0.63156 0.56941 0.52622
vn -0.63449 0.5557 0.53723
vn -0.58912 0.62878 0.50752
vn -0.63156 0.55563 -0.54075
vn -0.58912 0.61547 -0.52358
vn -0.63448 0.54165 -0.5514
vn -0.62612 -0.53367 0.56848
vn -0.68247 0.02391 0.73053
vn -0.68246 0.00474 0.7309
vn -0.61641 -0.49936 0.60883
vn -0.54707 -0.79698 0.25601
vn -0.54101 -0.81552 0.20551
vn -0.6825 0.00504 -0.73087
vn -0.62613 -0.54817 -0.55451
vn -0.68245 -0.01414 -0.7308
vn -0.6164 -0.51493 -0.59573
vn -0.54707 -0.80332 -0.23534
vn -0.54103 -0.82054 -0.18438
vn -0.53554 0.84433 0.01743
vn -0.53611 0.84391 0.02013
vn -0.54499 0.80507 -0.23421
vn -0.55268 0.77082 -0.31683
vn -0.55268 0.77875 0.29681
vn -0.54499 0.81085 0.21333
vn -0.53553 0.8436 -0.03923
vn -0.53612 0.8431 -0.04192
vn -0.57679 -0.53942 0.61346
vn -0.61612 0.00927 0.7876
vn -0.61539 -0.00404 0.78821
vn -0.56173 -0.52356 0.64058
vn -0.52208 -0.80396 0.28477
vn -0.518 -0.82787 0.21519
vn -0.6161 -0.01106 -0.78759
vn -0.57678 -0.55512 -0.59931
vn -0.61539 -0.02437 -0.78785
vn -0.56171 -0.53994 -0.62685
vn -0.52206 -0.81104 -0.26392
vn -0.51799 -0.83315 -0.19377
vn -0.49831 -0.86675 -0.02079
vn -0.52694 -0.7386 0.42048
vn -0.50013 -0.86561 -0.0244
vn -0.52569 -0.77428 0.35233
vn -0.52695 -0.74921 -0.40125
vn -0.49832 -0.86592 0.04318
vn -0.50012 -0.86469 0.04675
vn -0.52568 -0.78313 -0.33221
vn -0.6516 -0.00053 0.75856
vn -0.60833 0.60109 0.51829
vn -0.67728 0.50564 0.53443
vn -0.57942 0.80195 0.1454
vn -0.60832 0.58751 -0.53365
vn -0.65159 -0.0201 -0.7583
vn -0.6773 0.49168 -0.54728
vn -0.57943 0.79793 -0.16606
vn -0.61289 0.60786 0.50485
vn -0.6171 0.59041 0.5202
vn -0.55451 0.6865 0.47036
vn -0.61283 0.59472 -0.52034
vn -0.55452 0.67411 -0.48795
vn -0.61711 0.57676 -0.53528
vn -0.62881 0.39058 0.67234
vn -0.49926 0.71484 0.48963
vn -0.66602 0.33709 0.66542
vn -0.62882 0.37307 -0.68221
vn -0.66602 0.31982 -0.6739
vn -0.49927 0.70194 -0.50794
vn -0.50284 -0.86389 -0.02905
vn -0.50847 -0.78807 0.34699
vn -0.50412 -0.86306 -0.03157
vn -0.50847 -0.80929 0.29412
vn -0.5085 -0.79676 -0.32651
vn -0.50285 -0.86285 0.05135
vn -0.50411 -0.86196 0.05385
vn -0.50849 -0.81662 -0.27307
vn -0.53141 0.84678 0.02394
vn -0.53267 0.84588 0.0275
vn -0.51806 0.83713 -0.17557
vn -0.51707 0.83111 -0.20466
vn -0.51707 0.83612 0.18313
vn -0.51806 0.84139 0.15388
vn -0.5314 0.84588 -0.0458
vn -0.53267 0.84488 -0.04934
vn -0.65515 0.2639 0.70791
vn -0.69128 0.07596 0.71858
vn -0.66754 0.11597 0.73548
vn -0.69179 0.43461 0.57666
vn -0.65516 0.24553 -0.71448
vn -0.69128 0.05733 -0.72031
vn -0.6918 0.41957 -0.58769
vn -0.66755 0.09689 -0.73823
vn -0.96962 -0.2166 -0.11371
vn -0.97754 -0.21062 0.00672
vn -0.97007 -0.21562 -0.11167
vn -0.97729 -0.21179 0.0073
vn -0.97759 -0.21044 0.00636
vn -0.96969 -0.21233 0.12092
vn -0.97728 -0.21189 0.00546
vn -0.96923 -0.21317 0.12306
vn -0.56484 0.71857 0.40573
vn -0.53772 0.83235 0.13437
vn -0.57617 0.69175 0.43532
vn -0.53782 0.83518 0.11502
vn -0.56489 0.70782 -0.42413
vn -0.53771 0.8286 -0.15585
vn -0.53781 0.83193 -0.13656
vn -0.57617 0.68028 -0.45305
vn -0.67041 0.61769 0.41111
vn -0.65487 0.43792 0.61593
vn -0.66954 0.63082 0.39216
vn -0.64102 0.46764 0.6086
vn -0.67041 0.60687 -0.42692
vn -0.65487 0.42186 -0.62704
vn -0.64104 0.45176 -0.62047
vn -0.6696 0.62043 -0.40829
vn -0.58483 -0.72833 0.3571
vn -0.57442 -0.45318 0.68166
vn -0.59473 -0.30154 0.74523
vn -0.55648 -0.79147 0.25281
vn -0.57443 -0.47064 -0.66972
vn -0.58482 -0.73731 -0.33817
vn -0.59475 -0.32073 -0.73716
vn -0.55652 -0.7977 -0.23229
vn -0.56609 0.38112 0.73095
vn -0.44264 0.71454 0.54176
vn -0.60016 0.34276 0.72272
vn -0.56609 0.36212 -0.74055
vn -0.60015 0.32398 -0.73134
vn -0.44264 0.70031 -0.56004
vn -0.62839 -0.41565 0.65754
vn -0.65315 0.0787 0.75313
vn -0.65262 0.08324 0.7531
vn -0.61174 -0.46915 0.63692
vn -0.62089 0.65838 0.42548
vn -0.54811 0.82523 0.13631
vn -0.59439 0.70549 0.38598
vn -0.54579 0.82937 0.11946
vn -0.62044 0.55125 0.55783
vn -0.64466 0.50356 0.57519
vn -0.65314 0.05922 -0.75492
vn -0.62841 -0.43249 -0.64658
vn -0.65262 0.06375 -0.755
vn -0.61174 -0.48544 -0.6246
vn -0.62089 0.64715 -0.44238
vn -0.54811 0.82143 -0.15758
vn -0.54579 0.826 -0.14084
vn -0.59437 0.6953 -0.4041
vn -0.6204 0.53673 -0.57186
vn -0.64466 0.48852 -0.58801
vn -0.53689 0.84335 0.02243
vn -0.53889 0.8419 0.02838
vn -0.5244 0.83198 -0.18114
vn -0.5242 0.82499 -0.21118
vn -0.5242 0.83017 0.1898
vn -0.5244 0.83638 0.15959
vn -0.53689 0.84249 -0.0442
vn -0.5389 0.84088 -0.05012
vn -0.57503 -0.58352 0.57345
vn -0.53636 -0.80008 0.26867
vn -0.53222 -0.82104 0.20647
vn -0.58603 -0.53643 0.6073
vn -0.60651 -0.13695 0.78319
vn -0.5853 0.2286 0.77792
vn -0.58371 0.26317 0.76813
vn -0.59206 -0.25203 0.76547
vn -0.57504 -0.59814 -0.55817
vn -0.53636 -0.80675 -0.24791
vn -0.58603 -0.55194 -0.59324
vn -0.53222 -0.8261 -0.18519
vn -0.58529 0.20841 -0.78358
vn -0.60651 -0.15715 -0.77939
vn -0.58371 0.24325 -0.77467
vn -0.59204 -0.27171 -0.75872
vn -0.64408 0.47146 0.60241
vn -0.64203 0.46925 0.6063
vn -0.62459 0.50575 0.59507
vn -0.64407 0.45576 -0.61437
vn -0.62458 0.49023 -0.60792
vn -0.64202 0.45345 -0.61821
vn -0.49776 -0.8668 -0.02996
vn -0.50675 -0.78488 0.35659
vn -0.49965 -0.86556 -0.03405
vn -0.50597 -0.80582 0.30766
vn -0.50676 -0.79383 -0.33619
vn -0.49776 -0.86573 0.05234
vn -0.49964 -0.86439 0.0564
vn -0.50596 -0.8135 -0.28674
vn -0.62459 0.42771 0.65342
vn -0.60273 0.44857 0.65993
vn -0.53877 0.62492 0.56498
vn -0.62459 0.41069 -0.66424
vn -0.53877 0.61012 -0.58094
vn -0.60272 0.43137 -0.6713
vn -0.8874 0.06745 -0.45604
vn -0.97081 -0.21635 -0.10358
vn -0.97037 -0.21445 -0.11131
vn -0.7551 0.26082 -0.60149
vn -0.30146 0.69994 -0.64746
vn -0.29744 0.7134 -0.6345
vn -0.97041 -0.21335 0.11307
vn -0.88751 0.07917 0.45393
vn -0.96996 -0.21114 0.12084
vn -0.7551 0.27627 0.59456
vn -0.31675 0.70583 0.63362
vn -0.31997 0.71295 0.62396
vn -0.53167 0.46254 0.7095
vn -0.46727 0.68015 0.56485
vn -0.55561 0.44011 0.70541
vn -0.53166 0.44406 -0.72121
vn -0.55561 0.42175 -0.71654
vn -0.46727 0.66534 -0.58223
vn -0.61444 -0.44656 0.65042
vn -0.654 0.03825 0.75553
vn -0.65328 0.02733 0.75662
vn -0.59942 -0.49303 0.63057
vn -0.65404 0.01871 -0.75622
vn -0.61445 -0.46322 -0.63866
vn -0.65328 0.00779 -0.75708
vn -0.59942 -0.50917 -0.61761
vn -0.56685 -0.58856 0.57644
vn -0.53617 -0.79652 0.27942
vn -0.52969 -0.81945 0.21894
vn -0.57811 -0.54505 0.60721
vn -0.56685 -0.60325 -0.56105
vn -0.5362 -0.80346 -0.25875
vn -0.57811 -0.56056 -0.59293
vn -0.52969 -0.82482 -0.19771
vn -0.62503 0.55036 0.55357
vn -0.62375 0.5429 0.56232
vn -0.5868 0.61 0.53251
vn -0.62503 0.53589 -0.5676
vn -0.58679 0.59605 -0.5481
vn -0.62374 0.5282 -0.57615
vn -0.59451 0.42253 0.68413
vn -0.46832 0.73877 0.48467
vn -0.62301 0.39228 0.67674
vn -0.5945 0.40472 -0.69482
vn -0.62298 0.37468 -0.68667
vn -0.4683 0.72601 -0.50359
vn -0.59809 0.40751 0.69009
vn -0.46127 0.7444 0.48281
vn -0.63253 0.36311 0.68414
vn -0.59809 0.38955 -0.70038
vn -0.63252 0.34533 -0.6933
vn -0.46126 0.73169 -0.50187
vn -0.59981 0.79949 -0.03228
vn -0.58615 0.80055 0.12471
vn -0.60079 0.79883 -0.03043
vn -0.58565 0.80021 0.12913
vn -0.5846 0.7995 -0.13798
vn -0.59991 0.80005 0.0048
vn -0.60097 0.79927 0.00251
vn -0.58419 0.79945 -0.13997
vn -0.65014 0.56152 -0.51187
vn -0.59311 0.79928 -0.09675
vn -0.65273 0.52389 -0.54725
vn -0.58516 0.80155 -0.12288
vn -0.59299 -0.13009 -0.79463
vn -0.59048 -0.17202 -0.78851
vn -0.59542 0.79981 0.07599
vn -0.638 0.59872 0.48424
vn -0.64565 0.55181 0.52786
vn -0.58743 0.80258 0.10385
vn -0.60078 -0.09165 0.79414
vn -0.59676 -0.11346 0.79435
vn -0.47903 -0.874 0.0816
vn -0.62145 -0.61522 0.48509
vn -0.47375 -0.87603 0.09017
vn -0.63177 -0.52946 0.56615
vn -0.62702 0.12301 0.76923
vn -0.6305 0.1639 0.75868
vn -0.4813 -0.87455 -0.05933
vn -0.60941 -0.64618 -0.45942
vn -0.62389 -0.55882 -0.54633
vn -0.47666 -0.87651 -0.06728
vn -0.63205 0.09012 -0.76967
vn -0.63403 0.12639 -0.76291
vn 0.60196 0.79784 -0.03319
vn 0.60301 0.79713 -0.031
vn 0.5891 0.79773 0.12877
vn 0.58843 0.79744 0.1336
vn 0.58711 0.79658 -0.14405
vn 0.58763 0.79659 -0.14191
vn 0.60208 0.79842 0.00545
vn 0.60319 0.79759 0.00273
vn 0.57914 -0.08676 -0.8106
vn 0.6472 0.55578 -0.52176
vn 0.57951 -0.11574 -0.8067
vn 0.64801 0.52078 -0.55576
vn 0.59617 0.79653 -0.10059
vn 0.58843 0.79879 -0.12523
vn 0.58621 -0.05292 0.80843
vn 0.63591 0.59253 0.49449
vn 0.64132 0.54863 0.53639
vn 0.58495 -0.05956 0.80888
vn 0.59853 0.79711 0.07991
vn 0.59076 0.79981 0.1063
vn -0.47476 -0.87344 -0.1082
vn -0.48171 -0.87578 0.03111
vn -0.47575 -0.8731 -0.10658
vn -0.48175 -0.87573 0.03188
vn -0.48175 -0.8763 -0.00307
vn -0.47356 -0.87257 0.11983
vn -0.48182 -0.87626 -0.00412
vn -0.4724 -0.8729 0.12203
vn -0.59981 0.79949 -0.03228
vn -0.58615 0.80055 0.12471
vn -0.60079 0.79883 -0.03042
vn -0.58565 0.80021 0.12913
vn -0.58461 0.7995 -0.13794
vn -0.59991 0.80005 0.0048
vn -0.60096 0.79927 0.0025
vn -0.58419 0.79945 -0.13997
vn -0.48884 0.86801 0.08712
vn -0.69554 0.6257 -0.35317
vn -0.50489 0.86317 0.00449
vn -0.71732 0.61685 -0.32395
vn -0.78448 0.48772 -0.38304
vn -0.7042 0.3164 -0.6356
vn -0.73221 0.15376 -0.6635
vn -0.59779 0.40412 0.69234
vn -0.57218 0.42234 0.70303
vn -0.48466 0.69251 0.53435
vn -0.59632 0.40264 -0.69447
vn -0.45332 0.72561 -0.51768
vn -0.57171 0.41476 -0.70791
vn -0.46479 0.8793 -0.10389
vn -0.52585 0.85035 0.01959
vn -0.47893 0.87362 -0.08606
vn -0.52428 0.85099 0.03065
vn -0.69356 0.64258 0.32567
vn -0.48595 0.86651 -0.11411
vn -0.51886 0.85482 0.00816
vn -0.70348 0.65485 0.27618
vn -0.76435 0.5849 0.2714
vn -0.70447 0.35837 0.61261
vn -0.71075 0.32905 0.62174
vn -0.61566 0.59266 0.51934
vn -0.67556 0.45791 0.57786
vn -0.52631 0.8498 -0.0288
vn -0.48057 0.87501 0.05836
vn -0.5252 0.84982 -0.04429
vn -0.46891 0.88009 0.07459
vn -0.59913 -0.54944 0.58237
vn -0.53974 -0.81502 0.21077
vn -0.52973 -0.82842 0.18196
vn -0.61128 -0.48292 0.627
vn -0.60771 -0.53037 -0.5911
vn -0.60126 -0.57968 -0.54996
vn -0.52602 -0.83426 -0.16525
vn -0.52254 -0.84003 -0.14596
vn -0.638 -0.39038 0.66375
vn -0.63848 0.15027 0.75483
vn -0.66338 -0.28852 0.69042
vn -0.64177 0.19747 0.74103
vn -0.63645 0.13932 -0.75863
vn -0.67263 -0.31667 -0.66879
vn -0.6389 0.19399 -0.74443
vn -0.64552 -0.42301 -0.63589
vn -0.65013 0.56152 -0.51188
vn -0.59311 0.79929 -0.09676
vn -0.65272 0.52391 -0.54725
vn -0.58516 0.80155 -0.12288
vn -0.60018 -0.03674 -0.79902
vn -0.6028 -0.11304 -0.78984
vn -0.57498 -0.29145 -0.7645
vn -0.54853 -0.48411 -0.68173
vn 0.60195 0.79784 -0.03318
vn 0.603 0.79714 -0.03095
vn 0.5891 0.79773 0.12878
vn 0.58843 0.79744 0.13361
vn 0.5871 0.79659 -0.14407
vn 0.58763 0.79658 -0.14192
vn 0.60208 0.79842 0.00544
vn 0.60319 0.79759 0.00273
vn -0.59543 0.79981 0.07599
vn -0.638 0.59872 0.48424
vn -0.64565 0.55182 0.52786
vn -0.58743 0.80259 0.10384
vn -0.60643 -0.00731 0.7951
vn -0.60924 -0.07717 0.78922
vn -0.51945 -0.5442 0.65881
vn -0.57231 -0.30396 0.76162
vn -0.50952 -0.82695 -0.23779
vn -0.48464 -0.87412 0.03218
vn -0.51169 -0.82026 -0.25561
vn -0.48533 -0.87372 0.03275
vn -0.48463 -0.87464 -0.0118
vn -0.51664 -0.80039 0.30408
vn -0.48526 -0.87428 -0.01256
vn -0.51411 -0.81087 0.27962
vn 0.58178 -0.05649 -0.81138
vn 0.64723 0.55575 -0.52176
vn 0.58322 -0.08049 -0.80832
vn 0.64802 0.52077 -0.55576
vn 0.59617 0.79653 -0.10058
vn 0.58843 0.79879 -0.12523
vn 0.58842 -0.02534 0.80816
vn 0.63592 0.59253 0.49449
vn 0.64132 0.54863 0.53639
vn 0.58823 -0.02413 0.80833
vn 0.59852 0.79711 0.07991
vn 0.59076 0.79982 0.1063
vn -0.60555 0.39733 -0.68952
vn -0.50872 0.65804 -0.55515
vn -0.58241 0.41083 -0.70144
vn -0.60841 0.40959 0.67976
vn -0.58475 0.42454 0.69125
vn -0.50871 0.67214 0.538
vn -0.4836 -0.86536 -0.13145
vn -0.64429 -0.56843 -0.51164
vn -0.64342 -0.49892 -0.58058
vn -0.48273 -0.86487 -0.13772
vn -0.63553 0.14521 -0.7583
vn -0.63762 0.20274 -0.7432
vn -0.48254 -0.85989 0.16654
vn -0.62698 -0.59717 0.50029
vn -0.48182 -0.85927 0.17178
vn -0.63545 -0.5128 0.57727
vn -0.64869 0.10464 0.75382
vn -0.65192 0.134 0.74635
vn -0.65427 0.44649 -0.61039
vn -0.66733 0.45114 -0.59257
vn -0.58131 0.63539 -0.50829
vn -0.59981 0.79949 -0.03229
vn -0.58615 0.80055 0.1247
vn -0.6008 0.79882 -0.03043
vn -0.58564 0.80021 0.12917
vn -0.5846 0.7995 -0.13798
vn -0.5999 0.80006 0.0048
vn -0.60096 0.79927 0.00251
vn -0.58419 0.79946 -0.13997
vn -0.47883 -0.86319 -0.1601
vn -0.48751 -0.87024 0.0708
vn -0.48032 -0.86178 -0.16316
vn -0.48818 -0.86952 0.07487
vn -0.48834 -0.87202 -0.03323
vn -0.48029 -0.85623 0.19025
vn -0.4893 -0.87142 -0.03477
vn -0.47838 -0.85756 0.18906
vn -0.65013 0.56153 -0.51187
vn -0.59311 0.79929 -0.09675
vn -0.65274 0.52389 -0.54724
vn -0.58517 0.80155 -0.12288
vn -0.59718 -0.08503 -0.79759
vn -0.59745 -0.11045 -0.79426
vn -0.5428 0.8325 0.11093
vn -0.53095 0.84729 -0.01387
vn -0.5414 0.83549 0.09403
vn -0.52901 0.84854 -0.01136
vn -0.5309 0.8474 -0.00765
vn -0.5413 0.83564 -0.09333
vn -0.529 0.84856 -0.01
vn -0.54664 0.82591 -0.13805
vn -0.59542 0.79982 0.07599
vn -0.638 0.59872 0.48424
vn -0.64565 0.55181 0.52787
vn -0.58743 0.80258 0.10385
vn -0.60411 -0.05107 0.79526
vn -0.6027 -0.05245 0.79624
vn -0.59978 -0.79987 -0.02151
vn -0.60136 -0.79818 -0.03572
vn -0.55359 -0.82375 0.12236
vn -0.53296 -0.83151 0.15664
vn -0.53883 -0.8334 -0.1229
vn -0.55656 -0.82541 -0.09457
vn -0.60006 -0.79955 0.02537
vn -0.60289 -0.79649 0.04619
vn -0.62248 0.38127 0.68348
vn -0.59563 0.40407 0.69423
vn -0.51027 0.6696 0.53968
vn -0.60201 0.40849 -0.68609
vn -0.49945 0.67306 -0.54547
vn -0.57931 0.41911 -0.6991
vn -0.61893 0.6611 0.42411
vn -0.56388 0.82441 0.04899
vn -0.54293 0.83622 0.0772
vn -0.60044 0.68996 0.40425
vn 0.60196 0.79784 -0.03319
vn 0.603 0.79714 -0.03095
vn 0.5891 0.79773 0.12878
vn 0.58843 0.79743 0.1336
vn 0.58711 0.79659 -0.14405
vn 0.58763 0.79659 -0.1419
vn 0.60208 0.79842 0.00546
vn 0.60319 0.79759 0.00274
vn -0.60338 0.67707 -0.42131
vn -0.646 0.64515 -0.408
vn -0.57237 0.81724 -0.06717
vn -0.54719 -0.8215 0.16041
vn -0.62948 -0.76832 -0.11589
vn -0.64448 -0.75572 -0.11639
vn -0.59901 -0.80017 0.03044
vn -0.61494 -0.78718 0.04696
vn -0.65715 -0.49605 -0.56753
vn -0.64428 -0.74447 0.17513
vn -0.55213 -0.82339 -0.13109
vn -0.68417 -0.70119 0.20059
vn -0.58369 -0.81096 -0.04066
vn -0.67179 -0.39963 0.62369
vn -0.66683 -0.40415 0.6261
vn 0.57407 -0.13182 -0.80813
vn 0.64722 0.55577 -0.52176
vn 0.57133 -0.17666 -0.80148
vn 0.64802 0.52077 -0.55576
vn 0.59616 0.79654 -0.10059
vn 0.58843 0.79879 -0.12524
vn 0.58213 -0.09351 0.8077
vn 0.63591 0.59253 0.49449
vn 0.64132 0.54863 0.53639
vn 0.57775 -0.11989 0.80736
vn 0.59852 0.79711 0.0799
vn 0.59076 0.79981 0.1063
vn -0.58696 -0.54687 -0.597
vn -0.57965 -0.59686 -0.55477
vn -0.52006 -0.83182 -0.19392
vn -0.5162 -0.8414 -0.15992
vn -0.62764 0.09754 -0.77237
vn -0.647 -0.36662 -0.66856
vn -0.63144 0.13592 -0.76342
vn -0.62081 -0.46134 -0.63384
vn -0.57459 -0.59628 0.56063
vn -0.51942 -0.8257 0.22007
vn -0.5157 -0.83623 0.18646
vn -0.58144 -0.55486 0.59503
vn -0.61537 -0.47885 0.62612
vn -0.63822 0.06146 0.7674
vn -0.63706 -0.40906 0.65332
vn -0.64146 0.07055 0.76391
vn 0.59467 -0.80369 -0.02133
vn 0.54738 -0.82812 0.12078
vn 0.59609 -0.8021 -0.03623
vn 0.52651 -0.83582 0.15556
vn 0.59494 -0.80337 0.02542
vn 0.55041 -0.82972 -0.09286
vn 0.53242 -0.83762 -0.12218
vn 0.59762 -0.80039 0.04711
vn -0.71541 0.53623 0.44794
vn -0.62609 0.48005 0.61446
vn -0.65233 0.3392 0.67779
vn -0.68448 0.62929 0.36807
vn -0.63142 0.45789 -0.62582
vn -0.71403 0.52584 -0.46224
vn -0.65115 0.33026 -0.68333
vn -0.68883 0.60293 -0.40247
vn -0.53207 0.84666 -0.00875
vn -0.5091 0.85829 -0.06445
vn -0.51278 0.8555 -0.07199
vn -0.5311 0.84731 0.00032
vn -0.52038 0.85282 -0.04358
vn -0.6579 0.64404 -0.39036
vn -0.70892 0.58819 -0.38919
vn -0.7807 0.46185 -0.42096
vn -0.7101 0.36383 -0.60282
vn -0.74207 0.23534 -0.62766
vn -0.6848 0.60493 0.40633
vn -0.52032 0.85375 0.01955
vn -0.5131 0.8571 0.04605
vn -0.72292 0.56416 0.39889
vn -0.79543 0.32299 0.51281
vn -0.72386 0.28448 0.62857
vn -0.7443 0.09692 0.66077
vn -0.65714 -0.51269 -0.55256
vn -0.64014 -0.47112 -0.60685
vn -0.643 -0.52608 -0.55659
vn -0.49905 -0.8301 -0.24876
vn -0.48552 -0.87291 0.04785
vn -0.50149 -0.81845 -0.28045
vn -0.48629 -0.87239 0.04954
vn -0.48567 -0.87394 -0.01892
vn -0.50113 -0.81039 0.30354
vn -0.48656 -0.87341 -0.02014
vn -0.49856 -0.8229 0.27253
vn -0.5592 -0.42097 -0.7142
vn -0.53332 -0.44025 -0.72233
vn -0.43108 -0.72868 -0.53216
vn 0.63801 -0.76135 -0.11525
vn 0.62606 -0.77041 -0.12049
vn 0.5418 -0.82537 0.15879
vn 0.59448 -0.80368 0.02623
vn 0.61158 -0.78971 0.04814
vn 0.63129 -0.55173 -0.54504
vn 0.63925 -0.74854 0.17619
vn 0.6769 -0.7096 0.19566
vn 0.54672 -0.82721 -0.12972
vn 0.57885 -0.8146 -0.03693
vn 0.64894 -0.46675 0.60084
vn 0.651 -0.46989 0.59616
vn 0.53482 -0.37515 -0.75712
vn 0.56195 -0.34457 -0.75199
vn 0.47303 -0.61754 -0.6284
vn -0.51165 0.85831 0.03894
vn -0.53259 0.84608 -0.02249
vn -0.50956 0.85917 0.0467
vn -0.52902 0.84848 -0.01474
vn -0.59981 0.79949 -0.03228
vn -0.58616 0.80054 0.1247
vn -0.60079 0.79883 -0.03044
vn -0.58565 0.80021 0.12913
vn -0.5846 0.7995 -0.13798
vn -0.59991 0.80005 0.0048
vn -0.60097 0.79927 0.00251
vn -0.58419 0.79945 -0.13997
vn -0.61986 0.34983 0.70242
vn -0.58972 0.38314 0.71094
vn -0.50342 0.66167 0.55567
vn -0.64238 -0.472 0.60379
vn -0.64889 -0.46988 0.59847
vn -0.60981 -0.52432 0.59432
vn -0.60092 0.37563 -0.70554
vn -0.49311 0.66468 -0.56129
vn -0.5748 0.39635 -0.7159
vn -0.56334 -0.40843 0.71821
vn -0.40537 -0.7524 0.5192
vn -0.538 -0.42472 0.72813
vn 0.53503 -0.37304 0.75801
vn 0.44269 -0.65968 0.60733
vn 0.5651 -0.34309 0.7503
vn -0.65014 0.56152 -0.51188
vn -0.59311 0.79928 -0.09675
vn -0.65273 0.5239 -0.54725
vn -0.58516 0.80155 -0.12288
vn -0.59262 -0.13304 -0.79442
vn -0.58989 -0.17659 -0.78794
vn -0.59542 0.79981 0.07599
vn -0.638 0.59872 0.48424
vn -0.64565 0.55181 0.52786
vn -0.58743 0.80258 0.10385
vn -0.60051 -0.09444 0.79402
vn -0.59622 -0.11791 0.79412
vn -0.59979 -0.79987 -0.02156
vn -0.60136 -0.79818 -0.03573
vn -0.55359 -0.82375 0.12235
vn -0.53296 -0.83152 0.15663
vn -0.53882 -0.8334 -0.1229
vn -0.55656 -0.82541 -0.09457
vn -0.60006 -0.79955 0.02537
vn -0.60289 -0.79649 0.0462
vn -0.667 0.44979 0.59397
vn -0.57808 0.66787 0.4688
vn -0.68353 0.4491 0.57541
vn -0.6106 0.47833 0.63116
vn -0.5183 0.61124 0.59812
vn -0.61342 0.49228 0.61755
vn -0.61002 0.46515 -0.64149
vn -0.61253 0.47932 -0.62853
vn -0.51831 0.59559 -0.6137
vn -0.65986 0.4751 -0.58212
vn -0.66563 0.49456 -0.55888
vn -0.56725 0.67071 -0.47789
vn 0.60196 0.79784 -0.03319
vn 0.60301 0.79713 -0.031
vn 0.5891 0.79773 0.12877
vn 0.58843 0.79744 0.1336
vn 0.58712 0.79658 -0.14405
vn 0.58763 0.79659 -0.14191
vn 0.60208 0.79842 0.00545
vn 0.60319 0.79759 0.00273
vn -0.54719 -0.8215 0.16041
vn -0.62947 -0.76834 -0.1159
vn -0.64447 -0.75572 -0.11639
vn -0.59902 -0.80016 0.03043
vn -0.61494 -0.78718 0.04694
vn -0.61238 -0.57594 -0.54157
vn 0.54919 -0.32294 -0.77078
vn 0.57383 -0.28653 -0.76721
vn 0.51001 -0.53348 -0.67475
vn -0.35238 0.70934 0.61046
vn -0.33892 0.7249 0.59971
vn -0.11429 0.88295 0.45534
vn -0.6443 -0.74445 0.17517
vn -0.55213 -0.82339 -0.13108
vn -0.68417 -0.7012 0.20058
vn -0.58369 -0.81096 -0.04068
vn -0.63501 -0.49049 0.59681
vn -0.63594 -0.47871 0.60532
vn -0.4126 -0.91089 -0.00581
vn -0.33392 -0.89355 0.3001
vn -0.41188 -0.91122 -0.00512
vn -0.30932 -0.87855 0.36396
vn -0.4126 -0.91044 0.02933
vn -0.33391 -0.90101 -0.27691
vn -0.30932 -0.88766 -0.34115
vn -0.41188 -0.91079 0.02865
vn 0.60645 -0.61446 -0.50463
vn 0.5651 -0.62785 -0.53523
vn 0.60954 -0.60912 -0.50737
vn 0.57878 -0.09017 -0.81048
vn 0.64721 0.55578 -0.52176
vn 0.57904 -0.11996 -0.80643
vn 0.64802 0.52077 -0.55576
vn 0.59617 0.79653 -0.10059
vn 0.58843 0.79879 -0.12524
vn 0.58597 -0.05592 0.8084
vn 0.63591 0.59253 0.4945
vn 0.64131 0.54863 0.5364
vn 0.58457 -0.06369 0.80884
vn 0.59853 0.79711 0.07991
vn 0.59076 0.79981 0.1063
vn 0.54717 -0.33051 0.769
vn 0.47909 -0.58833 0.65141
vn 0.57723 -0.29229 0.76248
vn 0.61122 -0.56422 0.55504
vn 0.60629 -0.55915 0.56547
vn 0.53327 -0.66229 0.5263
vn 0.36778 -0.76982 0.52164
vn -0.14121 -0.85165 0.50472
vn 0.36009 -0.75447 0.54873
vn -0.09027 -0.85149 0.51655
vn 0.26116 -0.7792 0.56977
vn 0.65614 -0.61271 0.44052
vn -0.39287 -0.90007 0.18851
vn -0.37131 -0.91658 0.14837
vn -0.06072 -0.84873 0.52532
vn -0.54254 0.82995 0.12972
vn -0.5316 0.84682 -0.01723
vn -0.5443 0.82591 0.14702
vn -0.52902 0.84851 -0.01277
vn -0.53167 0.84693 -0.00554
vn -0.54422 0.82172 -0.16911
vn -0.52901 0.84855 -0.01063
vn -0.54231 0.8265 -0.151
vn 0.36777 -0.78304 -0.50159
vn -0.14121 -0.86441 -0.48255
vn -0.09029 -0.86455 -0.49438
vn 0.36009 -0.76839 -0.52907
vn 0.26115 -0.79368 -0.54942
vn 0.65614 -0.62388 -0.42456
vn -0.39288 -0.90463 -0.16516
vn -0.06072 -0.86201 -0.50324
vn -0.37131 -0.92011 -0.12464
vn 0.59467 -0.80369 -0.02132
vn 0.54737 -0.82813 0.12078
vn 0.59609 -0.8021 -0.03622
vn 0.5265 -0.83582 0.15556
vn 0.59494 -0.80337 0.02542
vn 0.55041 -0.82972 -0.09286
vn 0.53241 -0.83762 -0.12219
vn 0.59762 -0.8004 0.0471
vn -0.34104 0.70401 -0.62295
vn -0.08118 0.88597 -0.45658
vn -0.33392 0.71291 -0.61665
vn -0.65175 0.58166 0.48672
vn -0.56882 0.8202 0.06101
vn -0.58251 0.81063 0.05967
vn -0.68212 0.57591 0.4506
vn -0.76898 0.29755 0.56581
vn -0.70229 0.33979 0.62556
vn -0.73132 0.17552 0.65906
vn -0.5811 -0.34133 -0.7388
vn -0.55288 -0.37742 -0.74289
vn -0.4925 -0.62057 -0.61019
vn -0.5688 0.81831 -0.0827
vn -0.68846 0.56495 -0.45481
vn -0.58247 0.80876 -0.08149
vn -0.67939 0.55766 -0.47691
vn -0.6865 0.40936 -0.60095
vn -0.69499 0.37871 -0.6112
vn -0.6463 0.51617 -0.56202
vn -0.5621 0.6637 -0.49351
vn 0.63801 -0.76135 -0.11526
vn 0.62604 -0.77043 -0.12045
vn 0.5418 -0.82537 0.15879
vn 0.59448 -0.80368 0.02622
vn 0.61159 -0.78971 0.04813
vn 0.60525 -0.60466 -0.51774
vn 0.52714 -0.68421 -0.50397
vn 0.59143 -0.63842 -0.49257
vn -0.05251 0.99663 0.06298
vn -0.28095 0.87409 -0.39628
vn -0.03613 0.99909 -0.02245
vn -0.22274 0.9364 -0.27119
vn -0.08944 0.97081 -0.22257
vn -0.27008 0.82799 -0.49142
vn -0.28408 0.79966 -0.52901
vn -0.59981 0.79949 -0.03228
vn -0.58615 0.80055 0.12471
vn -0.60079 0.79882 -0.03043
vn -0.58565 0.80021 0.12913
vn -0.5846 0.7995 -0.13798
vn -0.59991 0.80005 0.0048
vn -0.60096 0.79927 0.0025
vn -0.58419 0.79945 -0.13997
vn -0.05292 0.99533 -0.08075
vn -0.28097 0.88403 0.37356
vn -0.22272 0.9431 0.2469
vn -0.03648 0.99931 0.00651
vn -0.29261 0.82851 0.47745
vn -0.08941 0.97623 0.19744
vn -0.29827 0.80579 0.51161
vn 0.63925 -0.74854 0.1762
vn 0.67689 -0.7096 0.19567
vn 0.54672 -0.8272 -0.12971
vn 0.57885 -0.8146 -0.03692
vn 0.60148 -0.5824 0.54684
vn 0.62086 -0.53117 0.57653
vn 0.49672 -0.7114 0.49717
vn -0.58453 -0.33824 0.73751
vn -0.46347 -0.66065 0.59054
vn -0.55342 -0.3744 0.74401
vn -0.65106 0.46907 0.59674
vn -0.57255 0.6613 0.48463
vn -0.66341 0.47578 0.57752
vn -0.34236 0.80576 0.48327
vn -0.17198 0.90437 0.39057
vn -0.33896 0.80803 0.48185
vn -0.58544 -0.64298 -0.49379
vn -0.51511 -0.69828 -0.49706
vn -0.58082 -0.65143 -0.48814
vn -0.59979 -0.79987 -0.02151
vn -0.60137 -0.79817 -0.03573
vn -0.5536 -0.82375 0.12235
vn -0.53296 -0.83152 0.15663
vn -0.53882 -0.8334 -0.1229
vn -0.55653 -0.82543 -0.09456
vn -0.60006 -0.79956 0.02537
vn -0.60287 -0.7965 0.04619
vn -0.65014 0.56152 -0.51188
vn -0.59311 0.79929 -0.09676
vn -0.65273 0.52389 -0.54725
vn -0.58516 0.80155 -0.12288
vn -0.5994 -0.05208 -0.79875
vn -0.60111 -0.13566 -0.78757
vn -0.56812 -0.32063 -0.75792
vn -0.53212 -0.52944 -0.66071
vn -0.58618 -0.58383 0.56172
vn -0.58751 -0.59617 0.54719
vn -0.48644 -0.72316 0.49031
vn -0.59543 0.79981 0.07599
vn -0.638 0.59872 0.48424
vn -0.64565 0.55181 0.52787
vn -0.58743 0.80258 0.10384
vn -0.60587 -0.02118 0.79528
vn -0.60755 -0.09976 0.78799
vn -0.50258 -0.58308 0.63831
vn -0.56628 -0.32804 0.75612
vn -0.54719 -0.8215 0.16042
vn -0.62949 -0.76832 -0.11588
vn -0.64448 -0.75571 -0.11639
vn -0.59901 -0.80016 0.03045
vn -0.61493 -0.78718 0.04698
vn -0.63429 -0.53849 -0.55471
vn -0.6443 -0.74445 0.17516
vn -0.55213 -0.82339 -0.13109
vn -0.68418 -0.70119 0.20058
vn -0.5837 -0.81095 -0.04065
vn -0.6531 -0.44836 0.61028
vn -0.64961 -0.44741 0.61468
vn 0.60195 0.79784 -0.03318
vn 0.603 0.79714 -0.03095
vn 0.5891 0.79773 0.12878
vn 0.58843 0.79744 0.13361
vn 0.5871 0.79659 -0.14407
vn 0.58763 0.79659 -0.14192
vn 0.60208 0.79842 0.00544
vn 0.60319 0.79759 0.00273
vn -0.33922 0.79488 -0.50309
vn -0.32819 0.8028 -0.4978
vn -0.14095 0.90588 -0.39938
vn 0.51469 -0.43847 -0.73677
vn 0.53982 -0.424 -0.7272
vn 0.41156 -0.72626 -0.55061
vn 0.58821 -0.02902 0.80819
vn 0.63592 0.59253 0.49449
vn 0.64132 0.54863 0.53639
vn 0.58783 -0.02853 0.80848
vn 0.59852 0.79711 0.07991
vn 0.59076 0.79982 0.1063
vn 0.58155 -0.06044 -0.81126
vn 0.64723 0.55576 -0.52176
vn 0.58281 -0.08487 -0.80817
vn 0.64802 0.52077 -0.55576
vn 0.59616 0.79654 -0.10058
vn 0.58843 0.79879 -0.12524
vn 0.5192 -0.42345 0.74237
vn 0.38461 -0.75156 0.53595
vn 0.5437 -0.41261 0.73085
vn 0.59466 -0.80369 -0.02132
vn 0.54738 -0.82812 0.12077
vn 0.5961 -0.8021 -0.03622
vn 0.5265 -0.83582 0.15556
vn 0.59494 -0.80337 0.02542
vn 0.55041 -0.82971 -0.09286
vn 0.53242 -0.83762 -0.12218
vn 0.59762 -0.80039 0.04709
vn -0.00895 0.99679 -0.0796
vn -0.06261 0.99751 0.03239
vn -0.01385 0.99771 -0.06625
vn -0.05312 0.99756 0.04528
vn -0.06381 0.99683 -0.04754
vn -0.01312 0.99904 0.04184
vn -0.05324 0.99641 -0.06587
vn -0.00917 0.9983 0.0576
vn 0.63801 -0.76135 -0.11526
vn 0.62604 -0.77043 -0.12047
vn 0.5418 -0.82537 0.1588
vn 0.59444 -0.80371 0.02621
vn 0.61159 -0.78971 0.04814
vn 0.65481 -0.51085 -0.55701
vn -0.61334 -0.59616 -0.51809
vn -0.57326 -0.60867 -0.54854
vn -0.61064 -0.60103 -0.51564
vn 0.63923 -0.74856 0.17618
vn 0.67689 -0.7096 0.19567
vn 0.54672 -0.82721 -0.12972
vn 0.57885 -0.8146 -0.03694
vn 0.66636 -0.42679 0.6114
vn 0.67092 -0.42336 0.60879
vn -0.5576 -0.42605 -0.71244
vn -0.53206 -0.44376 -0.7211
vn -0.42675 -0.73518 -0.52668
vn -0.63803 0.74293 0.2024
vn -0.23654 0.8093 0.53767
vn -0.65017 0.72425 0.22967
vn -0.23232 0.82212 0.51976
vn -0.23228 0.80841 -0.54085
vn -0.23654 0.79514 -0.55839
vn -0.65017 0.71807 -0.2483
vn -0.63803 0.73746 -0.22152
vn -0.60874 -0.54242 0.57897
vn -0.61535 -0.54517 0.56933
vn -0.54242 -0.64514 0.53813
vn 0.63912 -0.5464 -0.54127
vn 0.63205 -0.50329 -0.58925
vn 0.65053 -0.5355 -0.53856
vn 0.53317 -0.38058 -0.75557
vn 0.5605 -0.3508 -0.75019
vn 0.4687 -0.62632 -0.62293
vn -0.59981 0.79949 -0.03228
vn -0.58615 0.80055 0.12471
vn -0.6008 0.79882 -0.03043
vn -0.58565 0.80021 0.12914
vn -0.5846 0.7995 -0.13798
vn -0.5999 0.80006 0.00479
vn -0.60097 0.79927 0.00251
vn -0.58419 0.79945 -0.13998
vn -0.56175 -0.41285 0.71693
vn -0.40134 -0.75794 0.51425
vn -0.53706 -0.42754 0.72717
vn -0.59542 0.79981 0.07598
vn -0.638 0.59872 0.48424
vn -0.64565 0.55181 0.52786
vn -0.58743 0.80259 0.10384
vn -0.60439 -0.04782 0.79525
vn -0.60303 -0.04795 0.79628
vn 0.64472 -0.49599 0.58166
vn 0.63861 -0.49674 0.58773
vn 0.60001 -0.55296 0.57812
vn 0.53373 -0.37731 0.75681
vn 0.43852 -0.66708 0.60225
vn 0.56365 -0.34846 0.74891
vn -0.69414 0.71963 -0.01726
vn -0.57872 0.72965 0.36427
vn -0.69592 0.71802 -0.01218
vn -0.61172 0.73649 0.28876
vn -0.61172 0.72878 -0.30769
vn -0.69414 0.71984 -0.00134
vn -0.57871 0.72001 -0.38299
vn -0.69592 0.71809 -0.00637
vn 0.56437 -0.81186 0.14954
vn 0.17661 -0.84505 0.50468
vn 0.72754 -0.6773 0.10932
vn 0.27085 -0.84061 0.46905
vn 0.29614 -0.87437 0.38442
vn 0.08383 -0.91226 0.40095
vn 0.2719 -0.8825 0.38375
vn 0.35127 -0.86467 0.35911
vn 0.72752 -0.67992 -0.09176
vn 0.17661 -0.85779 -0.48271
vn 0.56437 -0.81545 -0.12853
vn 0.27087 -0.85244 -0.44718
vn 0.29615 -0.884 -0.36171
vn 0.08379 -0.92232 -0.37724
vn 0.2719 -0.89211 -0.36083
vn 0.35127 -0.87366 -0.33665
vn -0.59978 -0.79987 -0.02151
vn -0.60136 -0.79818 -0.03572
vn -0.55359 -0.82375 0.12236
vn -0.53297 -0.83151 0.15664
vn -0.53883 -0.8334 -0.1229
vn -0.55656 -0.82541 -0.09457
vn -0.60006 -0.79955 0.02537
vn -0.60289 -0.79649 0.04619
vn 0.62936 -0.77687 0.01965
vn 0.51614 -0.80573 -0.2905
vn 0.55535 -0.80499 -0.20876
vn 0.63058 -0.77597 0.01537
vn 0.51614 -0.79796 0.31122
vn 0.62936 -0.77711 0.00043
vn 0.55535 -0.79933 0.22948
vn 0.63058 -0.77611 0.00468
vn -0.65013 0.56154 -0.51187
vn -0.59312 0.79928 -0.09676
vn -0.65273 0.5239 -0.54724
vn -0.58517 0.80155 -0.12288
vn -0.59749 -0.08136 -0.79774
vn -0.59652 -0.18199 -0.78169
vn -0.55455 -0.37163 -0.74455
vn -0.49707 -0.61111 -0.61601
vn 0.60196 0.79784 -0.03319
vn 0.603 0.79714 -0.03099
vn 0.5891 0.79773 0.12878
vn 0.58843 0.79744 0.13359
vn 0.58711 0.79659 -0.14405
vn 0.58763 0.79658 -0.14191
vn 0.60207 0.79842 0.00545
vn 0.60319 0.7976 0.00273
vn 0.58101 -0.10303 0.80735
vn 0.63591 0.59253 0.49449
vn 0.64132 0.54863 0.53639
vn 0.57548 -0.1356 0.8065
vn 0.59852 0.79711 0.07991
vn 0.59075 0.79983 0.10626
vn -0.54719 -0.8215 0.16041
vn -0.62948 -0.76833 -0.11589
vn -0.64449 -0.7557 -0.11639
vn -0.59901 -0.80017 0.03044
vn -0.61494 -0.78718 0.04697
vn -0.6588 -0.49289 -0.56838
vn 0.57266 -0.14235 -0.80734
vn 0.64722 0.55577 -0.52176
vn 0.56883 -0.19259 -0.79959
vn 0.64802 0.52077 -0.55576
vn 0.59616 0.79654 -0.10059
vn 0.58843 0.79879 -0.12524
vn -0.64428 -0.74447 0.17513
vn -0.55213 -0.82339 -0.13109
vn -0.68417 -0.7012 0.20059
vn -0.58369 -0.81096 -0.04066
vn -0.6731 -0.39602 0.62458
vn -0.66816 -0.40053 0.62701
vn 0.17641 0.88359 0.43377
vn -0.3087 0.8048 0.50694
vn -0.33148 0.80407 0.49355
vn 0.20429 0.87844 0.43199
vn 0.20429 0.86698 -0.45455
vn 0.17642 0.87207 -0.45647
vn -0.30871 0.79144 -0.52756
vn -0.33149 0.79105 -0.51416
vn -0.66089 -0.50513 -0.55504
vn -0.64494 -0.45908 -0.61098
vn -0.64536 -0.51946 -0.56006
vn 0.02303 -0.99624 -0.08352
vn 0.02966 -0.99877 0.03983
vn 0.02192 -0.99608 -0.08565
vn 0.03065 -0.99869 0.04097
vn 0.02949 -0.99952 -0.0094
vn 0.02317 -0.99367 0.10995
vn 0.02187 -0.99343 0.11237
vn 0.03067 -0.99947 -0.01087
vn -0.6452 -0.46546 0.60586
vn -0.65142 -0.46336 0.60079
vn -0.61485 -0.51364 0.59844
vn 0.54736 -0.3302 -0.769
vn 0.57244 -0.29435 -0.76529
vn 0.5054 -0.54501 -0.66898
vn 0.59467 -0.80369 -0.02133
vn 0.54738 -0.82812 0.12077
vn 0.59609 -0.8021 -0.03623
vn 0.52651 -0.83582 0.15555
vn 0.59493 -0.80338 0.02538
vn 0.55041 -0.82972 -0.09286
vn 0.53242 -0.83762 -0.12218
vn 0.59762 -0.80039 0.04712
vn 0.54556 -0.33651 0.76754
vn 0.47445 -0.59817 0.64582
vn 0.57573 -0.29912 0.76096
vn 0.63801 -0.76135 -0.11525
vn 0.62606 -0.77041 -0.12049
vn 0.5418 -0.82537 0.15879
vn 0.59448 -0.80368 0.02623
vn 0.61158 -0.78971 0.04814
vn 0.63291 -0.54898 -0.54593
vn 0.63926 -0.74854 0.17617
vn 0.6769 -0.7096 0.19566
vn 0.54672 -0.8272 -0.12971
vn 0.57886 -0.81459 -0.03691
vn 0.65012 -0.46429 0.60149
vn 0.65248 -0.46669 0.59706
vn -0.59542 0.79981 0.07599
vn -0.638 0.59872 0.48424
vn -0.64565 0.55181 0.52786
vn -0.58743 0.80258 0.10385
vn -0.6014 -0.08498 0.79442
vn -0.59795 -0.10271 0.79492
vn -0.65014 0.56152 -0.51188
vn -0.59311 0.79928 -0.09675
vn -0.65273 0.52389 -0.54725
vn -0.58516 0.80155 -0.12288
vn -0.59375 -0.12273 -0.79523
vn -0.59189 -0.1611 -0.78976
vn -0.59981 0.79949 -0.03229
vn -0.58615 0.80055 0.1247
vn -0.60079 0.79883 -0.03043
vn -0.58564 0.80021 0.12916
vn -0.5846 0.7995 -0.13798
vn -0.59991 0.80006 0.0048
vn -0.60097 0.79927 0.0025
vn -0.5842 0.79945 -0.13996
vn 0.05695 0.87857 0.47421
vn -0.02013 0.87347 0.48647
vn 0.38639 0.8613 0.32994
vn 0.05695 0.86602 -0.49675
vn 0.38639 0.85249 -0.35208
vn -0.02014 0.86062 -0.50884
vn 0.6087 -0.61043 -0.50681
vn 0.56964 -0.62052 -0.53894
vn 0.61189 -0.6052 -0.50924
vn 0.61348 -0.5601 0.55671
vn 0.60828 -0.55566 0.56678
vn 0.53769 -0.6559 0.5298
vn -0.58604 -0.33227 0.73902
vn -0.46791 -0.65261 0.59596
vn -0.55481 -0.36976 0.74529
vn -0.53882 -0.8334 -0.1229
vn -0.55656 -0.82541 -0.09457
vn -0.60006 -0.79955 0.02537
vn -0.60289 -0.79649 0.0462
vn -0.59978 -0.79987 -0.02156
vn -0.60136 -0.79818 -0.03573
vn -0.55359 -0.82375 0.12235
vn -0.53296 -0.83152 0.15663
vn 0.55464 0.40501 -0.72687
vn 0.466 0.67939 -0.56681
vn 0.57971 0.39009 -0.71538
vn 0.57011 0.39203 0.722
vn 0.59944 0.36499 0.71236
vn 0.47652 0.67679 0.56114
vn 0.58568 -0.05915 0.80838
vn 0.63591 0.59253 0.4945
vn 0.64131 0.54864 0.53639
vn 0.58408 -0.06828 0.80882
vn 0.59853 0.79711 0.07991
vn 0.59076 0.79981 0.1063
vn 0.57842 -0.09381 -0.81033
vn 0.6472 0.55578 -0.52176
vn 0.57851 -0.1244 -0.80613
vn 0.64801 0.52078 -0.55576
vn 0.59617 0.79653 -0.10059
vn 0.58843 0.79879 -0.12523
vn 0.60196 0.79784 -0.03319
vn 0.60301 0.79713 -0.031
vn 0.5891 0.79773 0.12878
vn 0.58843 0.79744 0.1336
vn 0.58711 0.79658 -0.14405
vn 0.58763 0.79659 -0.14191
vn 0.60208 0.79842 0.00545
vn 0.60319 0.79759 0.00273
vn -0.54719 -0.8215 0.16041
vn -0.62947 -0.76834 -0.11591
vn -0.64447 -0.75572 -0.11639
vn -0.59902 -0.80016 0.03043
vn -0.61494 -0.78718 0.04694
vn -0.619 -0.56484 -0.54571
vn -0.6443 -0.74444 0.17517
vn -0.55213 -0.82339 -0.13108
vn -0.68418 -0.70118 0.20059
vn -0.58369 -0.81096 -0.04068
vn -0.64048 -0.47809 0.60102
vn -0.63987 -0.47001 0.608
vn 0.51048 -0.45068 -0.73233
vn 0.53394 -0.44145 -0.72113
vn 0.39636 -0.74875 -0.53129
vn 0.60939 0.10689 -0.78563
vn 0.61973 -0.49474 -0.60923
vn 0.59878 -0.47707 -0.64333
vn 0.61288 0.14888 -0.77602
vn 0.52128 -0.83014 -0.19783
vn 0.51761 -0.84027 -0.16135
vn 0.60958 -0.51703 0.6009
vn 0.62107 0.07019 0.7806
vn 0.5943 -0.48818 0.63913
vn 0.62436 0.0838 0.77663
vn 0.52053 -0.82394 0.22399
vn 0.51702 -0.83512 0.18781
vn 0.14803 -0.92571 -0.34806
vn 0.54435 -0.47304 -0.69276
vn 0.53994 -0.47443 -0.69526
vn 0.20078 -0.89519 -0.3979
vn 0.23726 -0.85744 -0.45663
vn 0.02725 -0.99906 -0.03365
vn 0.01983 -0.99896 -0.04108
vn 0.51607 -0.4331 0.73899
vn 0.37054 -0.77062 0.5185
vn 0.53815 -0.42806 0.72606
vn 0.53306 -0.47072 0.70305
vn 0.14805 -0.91643 0.37181
vn 0.52136 -0.47986 0.70563
vn 0.2008 -0.88462 0.42085
vn 0.02736 -0.99761 0.06346
vn 0.23724 -0.84535 0.47864
vn 0.01996 -0.99727 0.07102
vn -0.59305 -0.63079 -0.5004
vn -0.53206 -0.67427 -0.51213
vn -0.58953 -0.63765 -0.49584
vn -0.59223 -0.57317 0.56634
vn -0.59551 -0.58228 0.55346
vn -0.50258 -0.70228 0.5042
vn 0.59494 -0.80337 0.02541
vn 0.55041 -0.82971 -0.09286
vn 0.53241 -0.83762 -0.12219
vn 0.59762 -0.80039 0.04713
vn 0.59467 -0.80369 -0.02132
vn 0.54738 -0.82813 0.12077
vn 0.59609 -0.8021 -0.03626
vn 0.5265 -0.83582 0.15556
vn 0.5014 -0.81683 -0.2853
vn 0.48726 -0.87194 0.04802
vn 0.49921 -0.82926 -0.25124
vn 0.48807 -0.87138 0.04976
vn 0.48742 -0.87296 -0.01913
vn 0.50099 -0.80866 0.30834
vn 0.49858 -0.82206 0.275
vn 0.48836 -0.8724 -0.02042
vn 0.63801 -0.76136 -0.11525
vn 0.62604 -0.77043 -0.12045
vn 0.5418 -0.82537 0.15879
vn 0.59448 -0.80368 0.02622
vn 0.61161 -0.7897 0.0481
vn 0.61857 -0.57243 -0.53824
vn 0.03522 0.90969 0.4138
vn -0.14028 0.84204 0.52085
vn -0.10114 0.9092 0.4039
vn 0.1342 0.88999 0.43579
vn -0.56317 -0.40841 -0.71836
vn -0.53627 -0.43117 -0.72561
vn -0.44164 -0.71228 -0.54555
vn -0.10114 0.89846 -0.42725
vn 0.13417 0.87845 -0.45862
vn -0.14031 0.82829 -0.54245
vn 0.03523 0.89869 -0.43716
vn 0.63925 -0.74854 0.1762
vn 0.6769 -0.7096 0.19567
vn 0.54672 -0.8272 -0.12971
vn 0.57885 -0.8146 -0.03692
vn 0.60307 -0.57928 0.5484
vn 0.62278 -0.52732 0.578
vn 0.50119 -0.70572 0.50076
vn 0.58933 -0.64248 -0.4898
vn 0.53184 -0.67767 -0.50785
vn 0.59361 -0.63509 -0.49425
vn -0.56704 -0.39727 0.72155
vn -0.41521 -0.73845 0.53131
vn -0.54028 -0.41747 0.73063
vn 0.55881 0.42835 -0.71011
vn 0.47212 0.68813 -0.55098
vn 0.58015 0.42309 -0.69601
vn -0.59981 0.79949 -0.03228
vn -0.58615 0.80055 0.12471
vn -0.60079 0.79882 -0.03042
vn -0.58565 0.80021 0.12913
vn -0.58461 0.7995 -0.13794
vn -0.59991 0.80005 0.0048
vn -0.60096 0.79927 0.0025
vn -0.58419 0.79945 -0.13997
vn 0.57572 0.41367 0.70529
vn 0.60146 0.39654 0.69354
vn 0.48316 0.68511 0.54515
vn 0.33966 0.94044 -0.01425
vn 0.17837 0.91557 -0.36043
vn 0.33073 0.94372 -0.00205
vn 0.24735 0.93368 -0.25895
vn 0.24734 0.94006 0.23474
vn 0.33966 0.94049 -0.01004
vn 0.17837 0.92458 0.33666
vn 0.33073 0.94346 -0.02232
vn 0.53148 -0.3862 -0.75391
vn 0.55888 -0.35736 -0.74829
vn 0.46395 -0.6357 -0.61695
vn -0.08583 0.91223 0.40058
vn 0.14596 0.93025 0.33665
vn -0.2355 0.86765 0.43786
vn 0.53241 -0.38181 0.75549
vn 0.43396 -0.67503 0.59667
vn 0.56206 -0.35433 0.74736
vn -0.08582 0.90157 -0.42404
vn -0.2355 0.85605 -0.46014
vn 0.14596 0.92124 -0.36057
vn -0.0979 0.85815 -0.50398
vn -0.34525 0.76916 -0.53777
vn 0.31699 0.94366 -0.09504
vn -0.53884 -0.8334 -0.12287
vn -0.55656 -0.82541 -0.09457
vn -0.60007 -0.79955 0.0254
vn -0.60289 -0.79649 0.04618
vn -0.59979 -0.79987 -0.02155
vn -0.60136 -0.79818 -0.03573
vn -0.5536 -0.82375 0.12235
vn -0.53296 -0.83152 0.15664
vn -0.65014 0.56152 -0.51188
vn -0.59311 0.79929 -0.09676
vn -0.65273 0.52389 -0.54725
vn -0.58516 0.80155 -0.12288
vn -0.59964 -0.04802 -0.79883
vn -0.60163 -0.1298 -0.78816
vn -0.56994 -0.31315 -0.75967
vn -0.53649 -0.5179 -0.6663
vn -0.59541 0.79982 0.07599
vn -0.638 0.59872 0.48424
vn -0.64565 0.55181 0.52787
vn -0.58743 0.80259 0.10384
vn -0.60602 -0.01755 0.79526
vn -0.60805 -0.09384 0.78833
vn -0.50703 -0.57318 0.64373
vn -0.56783 -0.32193 0.75759
vn 0.3037 0.95148 0.04947
vn 0.24522 0.95498 0.167
vn -0.10836 0.87994 0.46257
vn -0.61084 -0.60062 -0.51587
vn -0.56844 -0.61695 -0.54429
vn -0.6082 -0.60554 -0.51324
vn 0.58908 -0.01499 0.80794
vn 0.63592 0.59253 0.49449
vn 0.64132 0.54863 0.53639
vn 0.58919 -0.01163 0.80791
vn 0.59852 0.79711 0.07991
vn 0.59076 0.79982 0.1063
vn 0.58269 -0.04503 -0.81145
vn 0.64722 0.55576 -0.52176
vn 0.58433 -0.06823 -0.80864
vn 0.64801 0.52078 -0.55576
vn 0.59617 0.79653 -0.10059
vn 0.58843 0.79879 -0.12524
vn -0.54718 -0.8215 0.16042
vn -0.6295 -0.76831 -0.11589
vn -0.64448 -0.75571 -0.1164
vn -0.59902 -0.80016 0.03045
vn -0.61493 -0.78718 0.04698
vn -0.63253 -0.54154 -0.55375
vn -0.60667 -0.54638 0.57742
vn -0.61304 -0.54973 0.56743
vn -0.53771 -0.65236 0.53413
vn -0.64429 -0.74445 0.17517
vn -0.55213 -0.82339 -0.13109
vn -0.68418 -0.70119 0.20058
vn -0.58369 -0.81096 -0.04068
vn -0.65168 -0.45176 0.60928
vn -0.64845 -0.45015 0.6139
vn 0.60195 0.79784 -0.03318
vn 0.603 0.79714 -0.03095
vn 0.5891 0.79773 0.12878
vn 0.58843 0.79744 0.13361
vn 0.5871 0.79659 -0.14407
vn 0.58763 0.79659 -0.14192
vn 0.60208 0.79842 0.00544
vn 0.60319 0.79759 0.00273
vn 0.4902 -0.87097 -0.03346
vn 0.48245 -0.85449 0.19258
vn 0.48048 -0.85591 0.19121
vn 0.4912 -0.87034 -0.0351
vn 0.48258 -0.86006 -0.16556
vn 0.48932 -0.86921 0.07103
vn 0.48085 -0.86167 -0.16218
vn 0.49008 -0.86843 0.0752
vn 0.61661 0.15575 -0.77171
vn 0.63958 -0.56472 -0.52157
vn 0.63626 -0.49826 -0.58899
vn 0.61804 0.21638 -0.75578
vn 0.4857 -0.86394 -0.13309
vn 0.48537 -0.86315 -0.13923
vn 0.64755 -0.52463 -0.55267
vn 0.64926 -0.46379 -0.60279
vn 0.66327 -0.51102 -0.54674
vn 0.62357 -0.5927 0.50977
vn 0.63096 0.11475 0.76728
vn 0.62891 -0.51208 0.58503
vn 0.63378 0.14796 0.75923
vn 0.48466 -0.85837 0.16823
vn 0.48431 -0.85757 0.17326
vn 0.59494 -0.80337 0.02542
vn 0.55041 -0.82971 -0.09286
vn 0.53242 -0.83762 -0.12218
vn 0.59762 -0.80039 0.04709
vn 0.59467 -0.80369 -0.02132
vn 0.54738 -0.82812 0.12077
vn 0.59609 -0.8021 -0.03622
vn 0.52651 -0.83582 0.15555
vn 0.65384 -0.47461 0.58927
vn 0.64848 -0.47558 0.59439
vn 0.6179 -0.5179 0.59159
vn 0.56173 0.42037 -0.71257
vn 0.48154 0.67337 -0.56097
vn 0.58385 0.41199 -0.69956
vn 0.56425 0.43416 0.70223
vn 0.58693 0.42453 0.68941
vn 0.48156 0.68762 0.5434
vn 0.55461 -0.30134 -0.77563
vn 0.57763 -0.26376 -0.77252
vn 0.52278 -0.49968 -0.69067
vn 0.63801 -0.76135 -0.11526
vn 0.62604 -0.77043 -0.12046
vn 0.54181 -0.82537 0.15879
vn 0.59449 -0.80368 0.02622
vn 0.61159 -0.78971 0.04814
vn 0.66064 -0.50019 -0.55979
vn 0.55185 -0.31277 0.77307
vn 0.49207 -0.55946 0.66699
vn 0.58127 -0.27221 0.76683
vn 0.63923 -0.74856 0.17618
vn 0.67689 -0.7096 0.19567
vn 0.54672 -0.82721 -0.12972
vn 0.57885 -0.8146 -0.03694
vn 0.67131 -0.41468 0.61431
vn 0.67583 -0.41105 0.6118
vn 0.55204 0.42212 -0.71907
vn 0.42563 0.73914 -0.52202
vn 0.57492 0.41659 -0.70422
vn -0.59542 0.79981 0.07598
vn -0.638 0.59872 0.48424
vn -0.64565 0.55181 0.52786
vn -0.58743 0.80259 0.10384
vn -0.60458 -0.04482 0.79528
vn -0.60334 -0.04391 0.79628
vn 0.53981 0.82925 0.14471
vn 0.52689 0.84975 -0.0175
vn 0.53814 0.83323 0.12703
vn 0.52419 0.8515 -0.01293
vn 0.52697 0.84987 -0.00535
vn 0.53967 0.82517 -0.16687
vn 0.53788 0.82986 -0.14841
vn 0.52417 0.85154 -0.01074
vn 0.55202 0.43101 0.7138
vn 0.57639 0.41856 0.70184
vn 0.4574 0.70712 0.53923
vn 0.64527 -0.41821 0.63932
vn 0.61978 0.16071 0.76815
vn 0.61607 -0.41493 0.66955
vn 0.62275 0.21114 0.75339
vn 0.54096 -0.81272 0.21643
vn 0.5306 -0.82761 0.18308
vn -0.59981 0.79949 -0.03228
vn -0.58616 0.80054 0.12471
vn -0.6008 0.79882 -0.03043
vn -0.58565 0.80021 0.12913
vn -0.5846 0.7995 -0.13798
vn -0.5999 0.80006 0.0048
vn -0.60097 0.79927 0.00251
vn -0.5842 0.79945 -0.13997
vn 0.6175 0.14979 -0.77218
vn 0.64313 -0.46428 -0.60896
vn 0.62226 -0.44423 -0.64456
vn 0.61953 0.20734 -0.7571
vn 0.52747 -0.83234 -0.17025
vn 0.52371 -0.83916 -0.14676
vn 0.65008 0.52094 -0.55319
vn 0.64867 0.49755 -0.57591
vn 0.56425 0.66587 -0.48809
vn -0.64838 -0.53 -0.54654
vn -0.62843 -0.49896 -0.59675
vn -0.6374 -0.54129 -0.54838
vn -0.63583 -0.48681 0.59894
vn -0.64285 -0.48493 0.59295
vn -0.59766 -0.54896 0.58434
vn 0.58131 -0.10029 0.80748
vn 0.63591 0.59253 0.49449
vn 0.64132 0.54863 0.53639
vn 0.57607 -0.13099 0.80683
vn 0.59852 0.79711 0.07991
vn 0.59076 0.79981 0.1063
vn -0.53884 -0.8334 -0.12287
vn -0.55655 -0.82541 -0.09457
vn -0.60006 -0.79955 0.0254
vn -0.60288 -0.79649 0.04619
vn -0.59979 -0.79986 -0.02155
vn -0.60135 -0.79818 -0.03572
vn -0.55359 -0.82375 0.12235
vn -0.53295 -0.83152 0.15664
vn -0.65013 0.56153 -0.51187
vn -0.59311 0.79929 -0.09675
vn -0.65274 0.52389 -0.54724
vn -0.58517 0.80155 -0.12288
vn -0.59772 -0.07816 -0.79789
vn -0.5971 -0.17652 -0.7825
vn -0.55608 -0.3663 -0.74606
vn -0.50124 -0.60227 -0.62131
vn 0.57304 -0.13931 -0.8076
vn 0.64722 0.55577 -0.52176
vn 0.56954 -0.18789 -0.8002
vn 0.64802 0.52077 -0.55576
vn 0.59616 0.79654 -0.10059
vn 0.58843 0.79879 -0.12524
vn 0.56785 0.82053 0.06538
vn 0.56298 0.82435 0.05918
vn 0.64981 0.58796 0.48171
vn 0.68322 0.58164 0.44148
vn 0.70749 0.35051 0.61368
vn 0.77323 0.30605 0.55539
vn 0.71584 0.29745 0.63174
vn 0.66787 0.48186 0.56724
vn 0.57497 0.6634 0.47886
vn -0.58743 -0.32681 0.74035
vn -0.47194 -0.64511 0.60092
vn -0.5561 -0.36533 0.74651
vn 0.68836 0.57093 -0.44744
vn 0.68095 0.56374 -0.46744
vn 0.56291 0.82254 -0.08098
vn 0.56777 0.81853 -0.08744
vn 0.69051 0.4174 -0.59074
vn 0.72343 0.32088 -0.6113
vn 0.5169 -0.43042 0.73997
vn 0.37462 -0.76521 0.52356
vn 0.53972 -0.42359 0.72752
vn -0.54719 -0.8215 0.16041
vn -0.62948 -0.76833 -0.11589
vn -0.64448 -0.75571 -0.11638
vn -0.59901 -0.80017 0.03044
vn -0.61494 -0.78718 0.04697
vn -0.65328 -0.50354 -0.5654
vn 0.60195 0.79784 -0.03319
vn 0.60301 0.79713 -0.03095
vn 0.58909 0.79774 0.12878
vn 0.58843 0.79743 0.1336
vn 0.58711 0.79659 -0.14405
vn 0.58763 0.79659 -0.14191
vn 0.60207 0.79842 0.00545
vn 0.60319 0.7976 0.00273
vn 0.51162 -0.44725 -0.73363
vn 0.53562 -0.43643 -0.72294
vn 0.40077 -0.74237 -0.5369
vn -0.64428 -0.74447 0.17513
vn -0.55213 -0.82339 -0.13109
vn -0.68417 -0.7012 0.20059
vn -0.58369 -0.81096 -0.04066
vn -0.66866 -0.40835 0.62141
vn -0.66366 -0.41257 0.62398
vn 0.51139 -0.8184 -0.26211
vn 0.48643 -0.87312 0.0323
vn 0.50913 -0.82649 -0.24021
vn 0.48715 -0.8727 0.03292
vn 0.48641 -0.87365 -0.01196
vn 0.5157 -0.79825 0.31122
vn 0.51319 -0.81042 0.28259
vn 0.48709 -0.87326 -0.01275
vn 0.61126 -0.60589 -0.50917
vn 0.57465 -0.61228 -0.54304
vn 0.61446 -0.60079 -0.51137
vn 0.61588 -0.55556 0.55861
vn 0.61043 -0.55173 0.56831
vn 0.54259 -0.6487 0.53366
vn 0.59494 -0.80337 0.02542
vn 0.55041 -0.82972 -0.09286
vn 0.53242 -0.83762 -0.12218
vn 0.59762 -0.80039 0.04711
vn 0.59467 -0.80369 -0.02133
vn 0.54738 -0.82812 0.12077
vn 0.59609 -0.8021 -0.03623
vn 0.52651 -0.83582 0.15556
vn 0.50447 0.86217 0.04649
vn 0.52793 0.84898 -0.02288
vn 0.50657 0.86134 0.03859
vn 0.5242 0.85147 -0.0148
vn 0.52816 0.84914 -0.001
vn 0.50448 0.8605 -0.07102
vn 0.50695 0.8598 -0.06117
vn 0.52418 0.85153 -0.01129
vn 0.638 -0.76136 -0.11526
vn 0.62606 -0.77041 -0.12049
vn 0.54181 -0.82537 0.15879
vn 0.59448 -0.80368 0.02623
vn 0.61158 -0.78971 0.04814
vn 0.63479 -0.54589 -0.54685
vn 0.63925 -0.74854 0.17619
vn 0.6769 -0.7096 0.19566
vn 0.54672 -0.82721 -0.12972
vn 0.57885 -0.8146 -0.03694
vn 0.65133 -0.46156 0.60227
vn 0.65397 -0.46328 0.59808
vn 0.61398 0.09927 -0.78306
vn 0.60747 -0.64144 -0.46855
vn 0.61778 -0.55762 -0.55444
vn 0.61525 0.14045 -0.77572
vn 0.48418 -0.87278 -0.06193
vn 0.48003 -0.87453 -0.06908
vn -0.59059 -0.57607 0.5651
vn -0.59342 -0.58605 0.55173
vn -0.49828 -0.70796 0.50051
vn -0.59102 -0.63415 -0.49854
vn -0.52754 -0.68082 -0.50812
vn -0.58725 -0.64134 -0.49378
vn 0.61808 -0.61064 0.49507
vn 0.60861 0.1327 0.78229
vn 0.62532 -0.52815 0.57448
vn 0.61166 0.17725 0.771
vn 0.48188 -0.87218 0.08419
vn 0.47711 -0.87403 0.09187
vn 0.70888 0.59165 -0.38398
vn 0.51538 0.85583 -0.04403
vn 0.6568 0.65052 -0.38136
vn 0.50836 0.85819 -0.07124
vn 0.78053 0.47091 -0.41112
vn 0.71446 0.37326 -0.59179
vn 0.72539 0.32582 -0.60634
vn 0.66957 0.49991 -0.54934
vn 0.5693 0.67275 -0.47254
vn 0.47873 -0.87101 -0.11025
vn 0.48381 -0.87459 0.03182
vn 0.47762 -0.87146 -0.1115
vn 0.48396 -0.87447 0.03279
vn 0.48387 -0.87513 -0.00347
vn 0.47666 -0.87042 0.12313
vn 0.47536 -0.87083 0.12524
vn 0.48405 -0.87503 -0.00494
vn 0.51521 0.85684 0.0198
vn 0.72313 0.56832 0.39256
vn 0.6841 0.6126 0.39588
vn 0.50828 0.85994 0.04654
vn 0.72971 0.29695 0.61591
vn 0.79733 0.33485 0.50213
vn 0.73222 0.25237 0.63259
vn 0.68826 0.45594 0.56428
vn 0.5804 0.66984 0.4631
vn -0.53882 -0.83341 -0.1229
vn -0.55653 -0.82543 -0.09456
vn -0.60006 -0.79955 0.02536
vn -0.60287 -0.7965 0.04618
vn -0.59979 -0.79987 -0.02156
vn -0.60137 -0.79818 -0.03572
vn -0.5536 -0.82375 0.12235
vn -0.53296 -0.83152 0.15663
vn -0.54718 -0.8215 0.16042
vn -0.62947 -0.76834 -0.1159
vn -0.64447 -0.75572 -0.11639
vn -0.59902 -0.80016 0.03043
vn -0.61494 -0.78718 0.04694
vn -0.61726 -0.56775 -0.54466
vn -0.6443 -0.74445 0.17517
vn -0.55213 -0.82339 -0.13108
vn -0.68417 -0.7012 0.20058
vn -0.58369 -0.81096 -0.04068
vn -0.63906 -0.48138 0.5999
vn -0.63884 -0.4723 0.60731
vn 0.62085 0.49574 0.60728
vn 0.52648 0.61206 0.59008
vn 0.61984 0.47939 0.62128
vn 0.62007 0.48266 -0.6185
vn 0.61927 0.46611 -0.63186
vn 0.52646 0.59664 -0.6057
vn 0.53703 0.83852 0.09203
vn 0.52608 0.85032 -0.01406
vn 0.53872 0.83531 0.1097
vn 0.52407 0.8516 -0.01142
vn 0.52603 0.85043 -0.00757
vn 0.53709 0.83809 -0.09562
vn 0.54215 0.82929 -0.13545
vn 0.52407 0.85162 -0.01002
vn 0.59494 -0.80337 0.02541
vn 0.55041 -0.82971 -0.09286
vn 0.53242 -0.83762 -0.12219
vn 0.59762 -0.80039 0.04713
vn 0.59467 -0.80369 -0.02132
vn 0.54738 -0.82813 0.12077
vn 0.59609 -0.8021 -0.03626
vn 0.5265 -0.83582 0.15556
vn 0.63925 -0.74854 0.1762
vn 0.6769 -0.7096 0.19567
vn 0.54672 -0.8272 -0.12971
vn 0.57885 -0.8146 -0.03692
vn 0.59712 -0.59089 0.54249
vn 0.61548 -0.54187 0.57233
vn 0.48441 -0.72659 0.48725
vn 0.63801 -0.76135 -0.11526
vn 0.62604 -0.77043 -0.12045
vn 0.5418 -0.82537 0.1588
vn 0.59448 -0.80368 0.02622
vn 0.61159 -0.78971 0.04813
vn 0.59924 -0.61428 -0.51339
vn 0.51422 -0.70164 -0.49323
vn 0.5858 -0.64711 -0.48793
vn -0.60482 -0.5499 0.57602
vn -0.61093 -0.55386 0.56568
vn -0.53345 -0.65878 0.53052
vn -0.60856 -0.6046 -0.51393
vn -0.56407 -0.62431 -0.54043
vn -0.606 -0.60964 -0.51098
vn 0.52124 0.85293 -0.02878
vn 0.47461 0.87834 0.05712
vn 0.46274 0.88338 0.07423
vn 0.51996 0.85301 -0.045
vn 0.4729 0.87701 -0.08499
vn 0.52077 0.85348 0.01937
vn 0.45863 0.8826 -0.10333
vn 0.51904 0.85419 0.03098
vn 0.5955 -0.26553 0.7582
vn 0.5991 -0.29099 0.74592
vn 0.74189 0.00483 0.6705
vn 0.66747 0.63062 -0.39599
vn 0.67329 0.57592 -0.46368
vn 0.56654 0.82146 -0.06504
vn 0.63985 0.45873 -0.61657
vn 0.65967 0.33873 -0.6709
vn 0.53884 0.83884 0.07746
vn 0.55884 0.82788 0.04813
vn 0.62222 0.68597 0.37721
vn 0.67676 0.58109 0.45202
vn 0.63452 0.48098 0.60502
vn 0.66081 0.34828 0.66485
vn 0.61333 -0.23764 -0.75323
vn 0.75675 0.07109 -0.64983
vn 0.62102 -0.25225 -0.7421
vn -0.53882 -0.83341 -0.1229
vn -0.55653 -0.82543 -0.09456
vn -0.60006 -0.79956 0.02537
vn -0.60287 -0.7965 0.04619
vn -0.59979 -0.79987 -0.02156
vn -0.60136 -0.79818 -0.03573
vn -0.5536 -0.82374 0.12236
vn -0.53297 -0.83151 0.15664
vn 0.65115 -0.48105 0.58702
vn 0.64554 -0.48203 0.59239
vn 0.61265 -0.5285 0.58766
vn 0.64509 -0.53119 -0.54926
vn 0.64425 -0.47571 -0.59887
vn 0.6595 -0.51836 -0.5444
vn -0.54718 -0.8215 0.16042
vn -0.6295 -0.76831 -0.11589
vn -0.64448 -0.75571 -0.1164
vn -0.59902 -0.80016 0.03045
vn -0.61493 -0.78718 0.04698
vn -0.63097 -0.54435 -0.55277
vn -0.6443 -0.74445 0.17516
vn -0.55213 -0.82339 -0.13109
vn -0.68418 -0.70119 0.20058
vn -0.5837 -0.81095 -0.04065
vn -0.65043 -0.45489 0.6083
vn -0.6474 -0.45264 0.61318
vn 0.68032 0.46328 0.56793
vn 0.61915 0.59522 0.51221
vn 0.67132 0.45751 0.5831
vn 0.71582 0.62118 -0.31897
vn 0.48351 0.8711 0.08609
vn 0.69316 0.63237 -0.34588
vn 0.50017 0.86593 0.00135
vn 0.78289 0.49758 -0.37348
vn 0.70959 0.32738 -0.62394
vn 0.71736 0.2762 -0.63961
vn 0.67194 0.45761 -0.58232
vn 0.58395 0.63772 -0.50231
vn 0.59494 -0.80337 0.02542
vn 0.55041 -0.82971 -0.09286
vn 0.53242 -0.83761 -0.12219
vn 0.59763 -0.80039 0.04709
vn 0.59466 -0.80369 -0.02132
vn 0.54738 -0.82812 0.12077
vn 0.59609 -0.8021 -0.03622
vn 0.5265 -0.83582 0.15556
vn 0.48067 0.86959 -0.11299
vn 0.70164 0.65858 0.27199
vn 0.69141 0.64763 0.32021
vn 0.51442 0.85746 0.01186
vn 0.70967 0.36708 0.60135
vn 0.76165 0.59222 0.26299
vn 0.73845 0.25852 0.62278
vn 0.63801 -0.76135 -0.11526
vn 0.62604 -0.77043 -0.12047
vn 0.5418 -0.82537 0.1588
vn 0.59444 -0.80371 0.02621
vn 0.61159 -0.78971 0.04814
vn 0.65895 -0.50332 -0.55897
vn 0.63923 -0.74856 0.17618
vn 0.67689 -0.7096 0.19567
vn 0.54672 -0.82721 -0.12972
vn 0.57885 -0.8146 -0.03694
vn 0.66986 -0.41829 0.61345
vn 0.6744 -0.41465 0.61094
vn 0.63213 0.36417 0.68395
vn 0.46035 0.74516 0.4825
vn 0.59769 0.40852 0.68984
vn 0.63217 0.34638 -0.6931
vn 0.59771 0.39056 -0.70015
vn 0.46033 0.73245 -0.50161
vn 0.71026 -0.36333 0.60292
vn 0.80135 -0.17792 0.57113
vn 0.65837 -0.47501 0.58388
vn 0.91092 -0.31912 0.26152
vn 0.66108 -0.4804 0.57636
vn 0.89278 -0.36341 0.26623
vn 0.73177 -0.32766 -0.59762
vn 0.66969 -0.4712 -0.574
vn 0.82042 -0.11775 -0.5595
vn 0.67636 -0.47341 -0.56429
vn 0.91093 -0.32575 -0.25317
vn 0.89277 -0.37019 -0.25674
vn 0.62299 0.39229 0.67676
vn 0.4683 0.73878 0.48467
vn 0.59449 0.42254 0.68413
vn 0.62304 0.37464 -0.68663
vn 0.59448 0.40473 -0.69483
vn 0.46829 0.72602 -0.5036
vn 0.59047 -0.50365 0.63062
vn 0.53073 -0.81869 0.21926
vn 0.53725 -0.79569 0.27971
vn 0.60472 -0.52499 0.59891
vn 0.65392 0.03979 0.75551
vn 0.65322 0.02893 0.75661
vn 0.53073 -0.82408 -0.19801
vn 0.59047 -0.51977 -0.6174
vn 0.53724 -0.80265 -0.25907
vn 0.60472 -0.54029 -0.58515
vn 0.65389 0.02028 -0.75632
vn 0.65323 0.00938 -0.7571
vn 0.59205 -0.25203 0.76547
vn 0.60651 -0.13695 0.78319
vn 0.5853 0.2286 0.77793
vn 0.57607 0.32763 0.74886
vn 0.46727 0.68015 0.56485
vn 0.53166 0.46254 0.7095
vn 0.5853 0.20841 -0.78358
vn 0.60651 -0.15715 -0.77939
vn 0.59205 -0.27169 -0.75872
vn 0.57607 0.30818 -0.75708
vn 0.53167 0.44405 -0.72121
vn 0.46727 0.66533 -0.58223
vn 0.57505 -0.58351 0.57344
vn 0.53221 -0.82105 0.20647
vn 0.53637 -0.80008 0.26868
vn 0.58604 -0.53643 0.60729
vn 0.61175 -0.46914 0.63692
vn 0.62841 -0.41561 0.65755
vn 0.65315 0.07869 0.75313
vn 0.65262 0.08325 0.7531
vn 0.5322 -0.82611 -0.18519
vn 0.57503 -0.59814 -0.55818
vn 0.53635 -0.80676 -0.24792
vn 0.58604 -0.55195 -0.59323
vn 0.65313 0.0592 -0.75493
vn 0.62839 -0.43247 -0.64661
vn 0.61173 -0.48545 -0.6246
vn 0.65261 0.06375 -0.75501
vn 0.59475 -0.30157 0.7452
vn 0.57442 -0.45318 0.68166
vn 0.58483 -0.72832 0.3571
vn 0.55652 -0.79144 0.25281
vn 0.57443 -0.47064 -0.66972
vn 0.58482 -0.73732 -0.33817
vn 0.55651 -0.79771 -0.23229
vn 0.59475 -0.32073 -0.73716
vn 0.4988 -0.8662 -0.02991
vn 0.50068 -0.86497 -0.03397
vn 0.50775 -0.7842 0.35668
vn 0.50693 -0.80519 0.30773
vn 0.50694 -0.81286 -0.28682
vn 0.50774 -0.79316 -0.33631
vn 0.49879 -0.86514 0.05228
vn 0.50068 -0.8638 0.0563
vn 0.62019 0.32772 0.71272
vn 0.46985 0.70051 0.53714
vn 0.58508 0.37322 0.71999
vn 0.6202 0.3092 -0.72094
vn 0.58508 0.3545 -0.72939
vn 0.46985 0.68641 -0.55506
vn 0.96012 0.24497 -0.13475
vn 0.93895 0.01763 0.34359
vn 0.95584 -0.05418 0.28886
vn 0.97766 0.18759 -0.09486
vn 0.93894 0.00872 -0.34397
vn 0.96589 0.2306 0.11782
vn 0.95584 -0.06163 -0.28735
vn 0.97645 0.19136 0.0996
vn 0.99207 0.12451 0.01724
vn 0.97936 0.18354 0.08464
vn 0.99365 0.11239 0.0046
vn 0.97971 0.18278 -0.08227
vn 0.99249 0.12231 -0.00351
vn 0.97447 0.20446 -0.0927
vn 0.99356 0.11313 0.00637
vn 0.50286 -0.86388 -0.02905
vn 0.50412 -0.86305 -0.03157
vn 0.5085 -0.78804 0.34702
vn 0.50849 -0.80928 0.29411
vn 0.50848 -0.81663 -0.27307
vn 0.50849 -0.79677 -0.32651
vn 0.50285 -0.86285 0.05135
vn 0.50413 -0.86195 0.05385
vn 0.67245 0.31798 0.66836
vn 0.51454 0.70041 0.49465
vn 0.63574 0.37224 0.67621
vn 0.53576 0.84321 -0.04429
vn 0.52333 0.83706 0.15955
vn 0.52309 0.83089 0.18972
vn 0.53774 0.84161 -0.05021
vn 0.67246 0.30059 -0.67635
vn 0.63574 0.35468 -0.6856
vn 0.51455 0.68738 -0.51258
vn 0.53576 0.84407 0.0225
vn 0.52333 0.83266 -0.18112
vn 0.53775 0.84262 0.02845
vn 0.52309 0.8257 -0.21116
vn 0.61988 0.65956 0.42511
vn 0.5934 0.70644 0.38577
vn 0.54689 0.82606 0.13614
vn 0.54466 0.83012 0.11933
vn 0.62125 0.54831 0.55982
vn 0.63572 0.51951 0.57095
vn 0.58591 0.61114 0.53219
vn 0.60272 0.44857 0.65993
vn 0.62459 0.42771 0.65342
vn 0.53876 0.62492 0.56499
vn 0.54466 0.82676 -0.14074
vn 0.54689 0.82227 -0.15744
vn 0.61987 0.64832 -0.44208
vn 0.59339 0.69624 -0.4039
vn 0.62122 0.5337 -0.5738
vn 0.63572 0.50458 -0.58418
vn 0.58589 0.5972 -0.5478
vn 0.60273 0.43136 -0.6713
vn 0.53877 0.61011 -0.58094
vn 0.62459 0.41068 -0.66425
vn 0.57755 -0.6029 0.5504
vn 0.52273 -0.8284 0.20125
vn 0.52862 -0.81069 0.25167
vn 0.58696 -0.57036 0.57459
vn 0.52272 -0.83333 -0.17979
vn 0.57755 -0.61692 -0.53464
vn 0.52861 -0.81693 -0.23065
vn 0.58695 -0.58503 -0.55966
vn 0.54597 -0.60379 0.58082
vn 0.51686 -0.82894 0.21381
vn 0.52168 -0.8053 0.28166
vn 0.55716 -0.55776 0.6152
vn 0.57672 -0.51429 0.63474
vn 0.59095 -0.46879 0.65652
vn 0.63234 0.00091 0.77469
vn 0.63126 -0.01815 0.77536
vn 0.51688 -0.83417 -0.19232
vn 0.54596 -0.6186 -0.56503
vn 0.52167 -0.81232 -0.26077
vn 0.55716 -0.57345 -0.6006
vn 0.53772 0.83235 0.13437
vn 0.53782 0.83518 0.11501
vn 0.56489 0.71853 0.40573
vn 0.57618 0.69174 0.43533
vn 0.63234 -0.0191 -0.77446
vn 0.59095 -0.48559 -0.64419
vn 0.57671 -0.53052 -0.62125
vn 0.63127 -0.03816 -0.77462
vn 0.53781 0.83193 -0.13654
vn 0.53772 0.82859 -0.15585
vn 0.56489 0.70781 -0.42415
vn 0.57618 0.68026 -0.45306
vn 0.66959 0.63079 0.39212
vn 0.65488 0.4379 0.61594
vn 0.6704 0.61769 0.41112
vn 0.64137 0.46819 0.60782
vn 0.64407 0.47147 0.6024
vn 0.62457 0.50576 0.59508
vn 0.65488 0.42184 -0.62704
vn 0.67045 0.60682 -0.42694
vn 0.6414 0.45229 -0.61971
vn 0.66961 0.62044 -0.40827
vn 0.62456 0.49024 -0.60793
vn 0.64406 0.45578 -0.61437
vn 0.49831 -0.86675 -0.02079
vn 0.50013 -0.86561 -0.02443
vn 0.52695 -0.7386 0.42048
vn 0.52568 -0.77429 0.35233
vn 0.52568 -0.78313 -0.33221
vn 0.52693 -0.74922 -0.40126
vn 0.49831 -0.86593 0.04317
vn 0.50013 -0.86468 0.04678
vn 0.5314 0.84678 0.02393
vn 0.51806 0.83713 -0.17557
vn 0.53269 0.84586 0.0275
vn 0.51707 0.83111 -0.20466
vn 0.5314 0.84588 -0.0458
vn 0.51806 0.84139 0.15389
vn 0.51707 0.83612 0.18313
vn 0.53268 0.84488 -0.04934
vn 0.61213 -0.51416 0.60078
vn 0.62684 -0.47651 0.61645
vn 0.68391 -0.00295 0.72956
vn 0.68284 -0.02312 0.7302
vn 0.6839 -0.02179 -0.72925
vn 0.62683 -0.49229 -0.60393
vn 0.61213 -0.52951 -0.5873
vn 0.68285 -0.04192 -0.72936
vn 0.69128 0.07596 0.71858
vn 0.69179 0.43461 0.57666
vn 0.65515 0.2639 0.7079
vn 0.66755 0.11597 0.73547
vn 0.65515 0.24554 -0.71449
vn 0.69127 0.05743 -0.72031
vn 0.66753 0.09702 -0.73823
vn 0.69179 0.41958 -0.5877
vn 0.4885 -0.87218 -0.02573
vn 0.49008 -0.8712 -0.0289
vn 0.50438 -0.79688 0.33254
vn 0.5025 -0.81413 0.29101
vn 0.5025 -0.82137 -0.26989
vn 0.50437 -0.80521 -0.31185
vn 0.4885 -0.87123 0.04825
vn 0.49009 -0.87016 0.0514
vn 0.53554 0.8436 -0.03923
vn 0.54501 0.81084 0.21332
vn 0.55269 0.77874 0.29681
vn 0.53612 0.8431 -0.04193
vn 0.53554 0.84433 0.01743
vn 0.54501 0.80506 -0.23419
vn 0.53612 0.8439 0.02014
vn 0.55269 0.77081 -0.31683
vn 0.60832 0.6011 0.51829
vn 0.65159 -0.00052 0.75857
vn 0.6773 0.50565 0.5344
vn 0.57942 0.80195 0.14539
vn 0.57942 0.79794 -0.16606
vn 0.67727 0.49169 -0.54731
vn 0.60833 0.58751 -0.53364
vn 0.65162 -0.02007 -0.75828
vn 0.63022 0.57198 0.52503
vn 0.62666 0.58967 0.50949
vn 0.57022 0.66987 0.47552
vn 0.63023 0.55821 -0.53964
vn 0.57024 0.65735 -0.49267
vn 0.62667 0.57629 -0.52456
vn 0.48622 -0.87329 -0.03089
vn 0.48804 -0.87214 -0.03453
vn 0.4909 -0.79149 0.3641
vn 0.49105 -0.81492 0.30786
vn 0.49104 -0.8226 -0.28672
vn 0.49089 -0.80063 -0.34354
vn 0.48621 -0.87221 0.05344
vn 0.48805 -0.87095 0.05705
vn 0.63054 0.55253 0.5451
vn 0.62846 0.56541 0.53418
vn 0.5861 0.6264 0.51392
vn 0.63053 0.53827 -0.55919
vn 0.5861 0.61293 -0.52991
vn 0.62846 0.55144 -0.5486
vn 0.54342 0.83927 0.01784
vn 0.53414 0.82819 -0.16969
vn 0.5447 0.83831 0.02326
vn 0.53508 0.82204 -0.1948
vn 0.54342 0.83853 -0.03951
vn 0.53414 0.8323 0.14824
vn 0.53508 0.82679 0.17351
vn 0.54469 0.83744 -0.04491
vn 0.64034 0.64898 0.41083
vn 0.60791 0.70827 0.35888
vn 0.55673 0.82182 0.12107
vn 0.55449 0.82505 0.1088
vn 0.63676 0.56619 0.52341
vn 0.65505 0.5321 0.53645
vn 0.55448 0.82197 -0.13008
vn 0.55674 0.81842 -0.14224
vn 0.64033 0.63814 -0.42749
vn 0.60789 0.69878 -0.37707
vn 0.63671 0.55254 -0.53787
vn 0.65505 0.51806 -0.55002
vn 0.54373 0.8381 -0.04415
vn 0.53154 0.83201 0.15881
vn 0.53137 0.82576 0.18912
vn 0.54542 0.83674 -0.04883
vn 0.54372 0.83897 0.02244
vn 0.53154 0.82763 -0.18025
vn 0.54542 0.83772 0.0272
vn 0.53137 0.8206 -0.21038
vn 0.55637 0.81978 0.13566
vn 0.55271 0.82475 0.11956
vn 0.63008 0.65373 0.41909
vn 0.60574 0.70168 0.37513
vn 0.63609 0.54907 0.54213
vn 0.65083 0.51691 0.55608
vn 0.5527 0.8214 -0.14082
vn 0.5564 0.81599 -0.15678
vn 0.63012 0.64271 -0.43575
vn 0.60576 0.69175 -0.39311
vn 0.63608 0.53491 -0.55612
vn 0.65084 0.50237 -0.56924
vt 0.375 0.75
vt 0.375 1
vt 0.5 1
vt 0.5 0.75
vt 0.5 0.5
vt 0.375 0.5
vt 0.375 0.25
vt 0.5 0.25
vt 0.375 0
vt 0.5 0
usemtl mat1
f 1121/161/1121 1122/162/1122 1123/162/1123
f 1122/162/1122 1121/161/1121 1124/161/1124
f 1125/162/1125 1121/161/1121 1123/162/1123
f 1126/161/1126 1121/161/1121 1125/162/1125
f 1127/161/1127 1128/162/1128 1129/161/1129
f 1128/162/1128 1127/161/1127 1130/162/1130
f 1127/161/1127 1131/162/1131 1130/162/1130
f 1131/162/1131 1127/161/1127 1132/161/1132
f 1133/163/1133 1134/164/1134 1135/161/1135
f 1133/163/1133 1135/161/1135 1136/162/1136
f 1137/162/1137 1138/161/1138 1139/163/1139
f 1138/161/1138 1140/164/1140 1139/163/1139
f 1141/165/1141 1142/161/1142 1143/164/1143
f 1142/161/1142 1141/165/1141 1144/166/1144
f 1145/161/1145 1146/165/1146 1147/164/1147
f 1146/165/1146 1145/161/1145 1148/166/1148
f 1149/161/1149 1150/162/1150 1151/162/1151
f 1150/162/1150 1149/161/1149 1152/161/1152
f 1153/162/1153 1149/161/1149 1151/162/1151
f 1154/161/1154 1149/161/1149 1153/162/1153
f 1155/161/1155 1156/162/1156 1157/161/1157
f 1156/162/1156 1155/161/1155 1158/162/1158
f 1155/161/1155 1159/162/1159 1158/162/1158
f 1159/162/1159 1155/161/1155 1160/161/1160
f 1161/165/1161 1162/161/1162 1163/164/1163
f 1162/161/1162 1161/165/1161 1164/166/1164
f 1165/161/1165 1166/165/1166 1167/164/1167
f 1166/165/1166 1165/161/1165 1168/166/1168
f 1169/163/1169 1170/164/1170 1171/161/1171
f 1169/163/1169 1171/161/1171 1172/162/1172
f 1173/162/1173 1174/161/1174 1175/163/1175
f 1174/161/1174 1176/164/1176 1175/163/1175
f 1177/161/1177 1178/162/1178 1179/161/1179
f 1180/161/1180 1181/161/1181 1182/162/1182
f 1183/161/1183 1184/166/1184 1185/161/1185
f 1184/166/1184 1183/161/1183 1186/166/1186
f 1187/161/1187 1186/166/1186 1183/161/1183
f 1186/166/1186 1187/161/1187 1188/166/1188
f 1189/166/1189 1190/161/1190 1191/161/1191
f 1190/161/1190 1189/166/1189 1192/166/1192
f 1192/166/1192 1193/161/1193 1190/161/1190
f 1193/161/1193 1192/166/1192 1194/166/1194
f 1195/163/1195 1196/164/1196 1197/161/1197
f 1195/163/1195 1197/161/1197 1198/162/1198
f 1199/162/1199 1200/161/1200 1201/163/1201
f 1200/161/1200 1202/164/1202 1201/163/1201
f 1203/161/1203 1204/166/1204 1205/161/1205
f 1204/166/1204 1203/161/1203 1206/166/1206
f 1207/161/1207 1206/166/1206 1203/161/1203
f 1206/166/1206 1207/161/1207 1208/166/1208
f 1209/166/1209 1210/161/1210 1211/161/1211
f 1210/161/1210 1209/166/1209 1212/166/1212
f 1212/166/1212 1213/161/1213 1210/161/1210
f 1213/161/1213 1212/166/1212 1214/166/1214
f 1215/165/1215 1216/161/1216 1217/164/1217
f 1216/161/1216 1215/165/1215 1218/166/1218
f 1219/161/1219 1220/165/1220 1221/164/1221
f 1220/165/1220 1219/161/1219 1222/166/1222
f 1223/162/1223 1224/161/1224 1225/162/1225
f 1226/161/1226 1225/162/1225 1224/161/1224
f 1227/161/1227 1228/162/1228 1229/162/1229
f 1230/161/1230 1227/161/1227 1229/162/1229
f 1231/161/1231 1232/162/1232 1233/161/1233
f 1234/161/1234 1235/161/1235 1236/162/1236
f 1237/166/1237 1238/166/1238 1239/161/1239
f 1240/166/1240 1241/161/1241 1242/166/1242
f 1243/165/1243 1244/161/1244 1245/164/1245
f 1244/161/1244 1243/165/1243 1246/166/1246
f 1247/161/1247 1248/165/1248 1249/164/1249
f 1248/165/1248 1247/161/1247 1250/166/1250
f 1251/163/1251 1252/164/1252 1253/161/1253
f 1251/163/1251 1253/161/1253 1254/162/1254
f 1255/162/1255 1256/161/1256 1257/163/1257
f 1256/161/1256 1258/164/1258 1257/163/1257
f 1259/161/1259 1260/162/1260 1261/162/1261
f 1260/162/1260 1259/161/1259 1262/161/1262
f 1263/161/1263 1264/162/1264 1265/161/1265
f 1264/162/1264 1263/161/1263 1266/162/1266
f 1267/166/1267 1268/165/1268 1269/167/1269
f 1269/167/1269 1268/165/1268 1270/168/1270
f 1271/165/1271 1272/167/1272 1273/168/1273
f 1272/167/1272 1271/165/1271 1274/166/1274
f 1275/161/1275 1276/162/1276 1277/162/1277
f 1276/162/1276 1275/161/1275 1278/161/1278
f 1279/161/1279 1280/162/1280 1281/161/1281
f 1280/162/1280 1279/161/1279 1282/162/1282
f 1283/162/1283 1284/161/1284 1285/161/1285
f 1284/161/1284 1283/162/1283 1286/162/1286
f 1287/162/1287 1288/161/1288 1289/162/1289
f 1288/161/1288 1287/162/1287 1290/161/1290
f 1291/161/1291 1292/166/1292 1293/161/1293
f 1292/166/1292 1291/161/1291 1294/166/1294
f 1295/166/1295 1296/161/1296 1297/161/1297
f 1296/161/1296 1295/166/1295 1298/166/1298
f 1299/166/1299 1300/166/1300 1301/161/1301
f 1302/166/1302 1303/161/1303 1304/166/1304
f 1305/161/1305 1306/166/1306 1307/161/1307
f 1306/166/1306 1305/161/1305 1308/166/1308
f 1309/161/1309 1310/162/1310 1311/162/1311
f 1310/162/1310 1309/161/1309 1312/161/1312
f 1313/162/1313 1309/161/1309 1311/162/1311
f 1314/161/1314 1309/161/1309 1313/162/1313
f 1315/166/1315 1316/161/1316 1317/161/1317
f 1316/161/1316 1315/166/1315 1318/166/1318
f 1319/161/1319 1320/162/1320 1321/161/1321
f 1320/162/1320 1319/161/1319 1322/162/1322
f 1319/161/1319 1323/162/1323 1322/162/1322
f 1323/162/1323 1319/161/1319 1324/161/1324
f 1325/163/1325 1326/164/1326 1327/161/1327
f 1325/163/1325 1327/161/1327 1328/162/1328
f 1329/162/1329 1330/161/1330 1331/163/1331
f 1330/161/1330 1332/164/1332 1331/163/1331
f 1333/166/1333 1334/161/1334 1335/166/1335
f 1334/161/1334 1333/166/1333 1336/161/1336
f 1337/161/1337 1338/166/1338 1339/161/1339
f 1338/166/1338 1337/161/1337 1340/166/1340
f 1341/166/1341 1342/161/1342 1343/161/1343
f 1342/161/1342 1341/166/1341 1344/166/1344
f 1345/166/1345 1346/161/1346 1347/161/1347
f 1346/161/1346 1345/166/1345 1348/166/1348
f 1349/161/1349 1350/162/1350 1351/161/1351
f 1352/161/1352 1353/161/1353 1354/162/1354
f 1355/165/1355 1356/161/1356 1357/164/1357
f 1356/161/1356 1355/165/1355 1358/166/1358
f 1359/161/1359 1360/165/1360 1361/164/1361
f 1360/165/1360 1359/161/1359 1362/166/1362
f 1363/161/1363 1364/162/1364 1365/161/1365
f 1366/161/1366 1367/161/1367 1368/162/1368
f 1369/167/1369 1370/166/1370 1371/167/1371
f 1370/166/1370 1369/167/1369 1372/166/1372
f 1373/166/1373 1372/166/1372 1369/167/1369
f 1369/167/1369 1374/167/1374 1373/166/1373
f 1375/166/1375 1376/167/1376 1377/167/1377
f 1376/167/1376 1375/166/1375 1378/166/1378
f 1376/167/1376 1378/166/1378 1379/166/1379
f 1380/167/1380 1376/167/1376 1379/166/1379
f 1381/166/1381 1382/166/1382 1383/161/1383
f 1384/166/1384 1385/161/1385 1386/166/1386
f 1387/161/1387 1388/166/1388 1389/161/1389
f 1388/166/1388 1387/161/1387 1390/166/1390
f 1391/166/1391 1392/161/1392 1393/161/1393
f 1392/161/1392 1391/166/1391 1394/166/1394
f 1395/166/1395 1396/161/1396 1397/166/1397
f 1396/161/1396 1395/166/1395 1398/161/1398
f 1399/166/1399 1400/161/1400 1401/161/1401
f 1400/161/1400 1399/166/1399 1402/166/1402
f 1403/161/1403 1404/162/1404 1405/161/1405
f 1406/161/1406 1407/161/1407 1408/162/1408
f 1409/166/1409 1410/166/1410 1411/161/1411
f 1412/166/1412 1413/161/1413 1414/166/1414
f 1415/166/1415 1416/166/1416 1417/161/1417
f 1418/166/1418 1419/161/1419 1420/166/1420
f 1421/168/1421 1422/166/1422 1423/165/1423
f 1422/166/1422 1421/168/1421 1424/167/1424
f 1425/166/1425 1426/168/1426 1427/165/1427
f 1426/168/1426 1425/166/1425 1428/167/1428
f 1429/167/1429 1430/166/1430 1431/166/1431
f 1430/166/1430 1429/167/1429 1432/167/1432
f 1431/166/1431 1433/166/1433 1429/167/1429
f 1429/167/1429 1433/166/1433 1434/167/1434
f 1435/166/1435 1436/167/1436 1437/166/1437
f 1436/167/1436 1435/166/1435 1438/167/1438
f 1439/166/1439 1437/166/1437 1436/167/1436
f 1439/166/1439 1436/167/1436 1440/167/1440
f 1441/166/1441 1442/167/1442 1443/167/1443
f 1442/167/1442 1441/166/1441 1444/166/1444
f 1444/166/1444 1445/166/1445 1442/167/1442
f 1442/167/1442 1445/166/1445 1446/167/1446
f 1447/166/1447 1448/167/1448 1449/166/1449
f 1448/167/1448 1447/166/1447 1450/167/1450
f 1451/166/1451 1449/166/1449 1448/167/1448
f 1451/166/1451 1448/167/1448 1452/167/1452
f 1453/164/1453 1454/165/1454 1455/166/1455
f 1453/164/1453 1455/166/1455 1456/161/1456
f 1457/161/1457 1458/166/1458 1459/164/1459
f 1458/166/1458 1460/165/1460 1459/164/1459
f 1461/166/1461 1462/161/1462 1463/161/1463
f 1462/161/1462 1461/166/1461 1464/166/1464
f 1465/166/1465 1462/161/1462 1464/166/1464
f 1462/161/1462 1465/166/1465 1466/161/1466
f 1467/166/1467 1468/161/1468 1469/166/1469
f 1468/161/1468 1467/166/1467 1470/161/1470
f 1469/166/1469 1468/161/1468 1471/166/1471
f 1472/161/1472 1471/166/1471 1468/161/1468
f 1473/166/1473 1474/165/1474 1475/167/1475
f 1475/167/1475 1474/165/1474 1476/168/1476
f 1477/165/1477 1478/167/1478 1479/168/1479
f 1478/167/1478 1477/165/1477 1480/166/1480
f 1481/168/1481 1482/166/1482 1483/165/1483
f 1482/166/1482 1481/168/1481 1484/167/1484
f 1485/166/1485 1486/168/1486 1487/165/1487
f 1486/168/1486 1485/166/1485 1488/167/1488
f 1489/167/1489 1490/169/1490 1491/169/1491
f 1490/169/1490 1489/167/1489 1492/167/1492
f 1493/169/1493 1492/167/1492 1494/167/1494
f 1494/167/1494 1495/169/1495 1493/169/1493
f 1496/167/1496 1497/166/1497 1498/167/1498
f 1499/167/1499 1500/167/1500 1501/166/1501
f 1502/167/1502 1503/168/1503 1504/169/1504
f 1504/169/1504 1503/168/1503 1505/170/1505
f 1506/169/1506 1507/167/1507 1508/169/1508
f 1507/167/1507 1506/169/1506 1509/167/1509
f 1509/167/1509 1510/169/1510 1511/167/1511
f 1511/167/1511 1510/169/1510 1512/169/1512
f 1512/169/1512 1513/169/1513 1514/167/1514
f 1515/168/1515 1516/169/1516 1517/170/1517
f 1516/169/1516 1515/168/1515 1518/167/1518
f 1519/166/1519 1520/167/1520 1521/166/1521
f 1520/167/1520 1519/166/1519 1522/167/1522
f 1523/167/1523 1524/166/1524 1525/167/1525
f 1525/167/1525 1524/166/1524 1526/166/1526
f 1527/166/1527 1528/166/1528 1529/167/1529
f 1529/167/1529 1528/166/1528 1530/167/1530
f 1531/166/1531 1532/167/1532 1533/167/1533
f 1531/166/1531 1534/166/1534 1532/167/1532
f 1535/167/1535 1536/166/1536 1537/166/1537
f 1536/166/1536 1535/167/1535 1538/167/1538
f 1537/166/1537 1539/166/1539 1535/167/1535
f 1535/167/1535 1539/166/1539 1540/167/1540
f 1540/167/1540 1541/166/1541 1542/167/1542
f 1543/164/1543 1544/165/1544 1545/166/1545
f 1543/164/1543 1545/166/1545 1546/161/1546
f 1547/161/1547 1548/166/1548 1549/164/1549
f 1548/166/1548 1550/165/1550 1549/164/1549
f 1551/166/1551 1552/167/1552 1553/166/1553
f 1552/167/1552 1551/166/1551 1554/167/1554
f 1555/166/1555 1553/166/1553 1552/167/1552
f 1555/166/1555 1552/167/1552 1556/167/1556
f 1556/167/1556 1557/167/1557 1558/166/1558
f 1559/166/1559 1560/165/1560 1561/167/1561
f 1561/167/1561 1560/165/1560 1562/168/1562
f 1563/165/1563 1564/167/1564 1565/168/1565
f 1564/167/1564 1563/165/1563 1566/166/1566
f 1567/166/1567 1568/161/1568 1569/161/1569
f 1568/161/1568 1567/166/1567 1570/166/1570
f 1571/166/1571 1568/161/1568 1570/166/1570
f 1568/161/1568 1571/166/1571 1572/161/1572
f 1573/166/1573 1574/161/1574 1575/166/1575
f 1574/161/1574 1573/166/1573 1576/161/1576
f 1575/166/1575 1574/161/1574 1577/166/1577
f 1578/161/1578 1577/166/1577 1574/161/1574
f 1579/167/1579 1580/167/1580 1581/166/1581
f 1582/167/1582 1583/166/1583 1584/167/1584
f 1585/166/1585 1586/167/1586 1587/166/1587
f 1586/167/1586 1585/166/1585 1588/167/1588
f 1589/166/1589 1587/166/1587 1586/167/1586
f 1589/166/1589 1586/167/1586 1590/167/1590
f 1591/166/1591 1592/167/1592 1593/167/1593
f 1592/167/1592 1591/166/1591 1594/166/1594
f 1594/166/1594 1595/166/1595 1592/167/1592
f 1592/167/1592 1595/166/1595 1596/167/1596
f 1597/169/1597 1598/167/1598 1599/169/1599
f 1600/168/1600 1601/166/1601 1602/165/1602
f 1601/166/1601 1600/168/1600 1603/167/1603
f 1604/166/1604 1605/168/1605 1606/165/1606
f 1605/168/1605 1604/166/1604 1607/167/1607
f 1608/166/1608 1609/165/1609 1610/167/1610
f 1610/167/1610 1609/165/1609 1611/168/1611
f 1612/165/1612 1613/167/1613 1614/168/1614
f 1613/167/1613 1612/165/1612 1615/166/1615
f 1616/167/1616 1617/166/1617 1618/166/1618
f 1617/166/1617 1616/167/1616 1619/167/1619
f 1618/166/1618 1620/166/1620 1616/167/1616
f 1616/167/1616 1620/166/1620 1621/167/1621
f 1622/167/1622 1623/168/1623 1624/169/1624
f 1624/169/1624 1623/168/1623 1625/170/1625
f 1626/168/1626 1627/169/1627 1628/170/1628
f 1626/168/1626 1629/167/1629 1627/169/1627
f 1630/166/1630 1631/167/1631 1632/166/1632
f 1631/167/1631 1630/166/1630 1633/167/1633
f 1634/166/1634 1632/166/1632 1631/167/1631
f 1634/166/1634 1631/167/1631 1635/167/1635
f 1636/168/1636 1637/170/1637 1638/169/1638
f 1636/168/1636 1638/169/1638 1639/167/1639
f 1640/167/1640 1641/169/1641 1642/168/1642
f 1641/169/1641 1643/170/1643 1642/168/1642
f 1644/167/1644 1645/166/1645 1646/167/1646
f 1647/167/1647 1648/167/1648 1649/166/1649
f 1650/169/1650 1651/167/1651 1652/169/1652
f 1651/167/1651 1650/169/1650 1653/167/1653
f 1654/164/1654 1655/165/1655 1656/166/1656
f 1654/164/1654 1656/166/1656 1657/161/1657
f 1658/161/1658 1659/166/1659 1660/164/1660
f 1659/166/1659 1661/165/1661 1660/164/1660
f 1662/167/1662 1663/169/1663 1664/167/1664
f 1665/167/1665 1666/169/1666 1667/167/1667
f 1666/169/1666 1665/167/1665 1668/169/1668
f 1667/167/1667 1669/169/1669 1670/167/1670
f 1671/169/1671 1672/167/1672 1673/167/1673
f 1672/167/1672 1671/169/1671 1674/169/1674
f 1675/167/1675 1676/169/1676 1673/167/1673
f 1677/166/1677 1678/161/1678 1679/161/1679
f 1678/161/1678 1677/166/1677 1680/166/1680
f 1681/166/1681 1678/161/1678 1680/166/1680
f 1678/161/1678 1681/166/1681 1682/161/1682
f 1683/166/1683 1684/161/1684 1685/166/1685
f 1684/161/1684 1683/166/1683 1686/161/1686
f 1685/166/1685 1684/161/1684 1687/166/1687
f 1688/161/1688 1687/166/1687 1684/161/1684
f 1689/167/1689 1690/166/1690 1691/167/1691
f 1691/167/1691 1690/166/1690 1692/166/1692
f 1693/166/1693 1694/167/1694 1695/167/1695
f 1693/166/1693 1696/166/1696 1694/167/1694
f 1697/166/1697 1698/167/1698 1699/166/1699
f 1698/167/1698 1697/166/1697 1700/167/1700
f 1701/166/1701 1702/166/1702 1703/167/1703
f 1703/167/1703 1702/166/1702 1704/167/1704
f 1705/164/1705 1706/162/1706 1707/163/1707
f 1706/162/1706 1705/164/1705 1708/161/1708
f 1709/164/1709 1710/162/1710 1711/161/1711
f 1710/162/1710 1709/164/1709 1712/163/1712
f 1713/167/1713 1714/169/1714 1715/167/1715
f 1714/169/1714 1713/167/1713 1716/169/1716
f 1717/169/1717 1718/167/1718 1719/167/1719
f 1718/167/1718 1717/169/1717 1720/169/1720
f 1721/170/1721 1722/167/1722 1723/169/1723
f 1722/167/1722 1721/170/1721 1724/168/1724
f 1725/167/1725 1726/169/1726 1723/169/1723
f 1726/169/1726 1725/167/1725 1727/167/1727
f 1728/169/1728 1727/167/1727 1729/167/1729
f 1729/167/1729 1730/169/1730 1728/169/1728
f 1731/169/1731 1732/167/1732 1733/169/1733
f 1732/167/1732 1731/169/1731 1734/167/1734
f 1734/167/1734 1735/169/1735 1736/167/1736
f 1736/167/1736 1735/169/1735 1737/169/1737
f 1738/169/1738 1739/169/1739 1740/167/1740
f 1741/166/1741 1742/165/1742 1743/167/1743
f 1743/167/1743 1742/165/1742 1744/168/1744
f 1745/165/1745 1746/167/1746 1747/168/1747
f 1746/167/1746 1745/165/1745 1748/166/1748
f 1749/167/1749 1750/166/1750 1751/167/1751
f 1752/161/1752 1753/162/1753 1754/161/1754
f 1755/162/1755 1754/161/1754 1753/162/1753
f 1756/162/1756 1752/161/1752 1757/161/1757
f 1758/162/1758 1759/161/1759 1760/161/1760
f 1758/162/1758 1760/161/1760 1761/162/1761
f 1762/162/1762 1763/161/1763 1759/161/1759
f 1764/166/1764 1765/161/1765 1766/166/1766
f 1767/167/1767 1768/168/1768 1769/169/1769
f 1769/169/1769 1768/168/1768 1770/170/1770
f 1771/168/1771 1772/166/1772 1773/165/1773
f 1772/166/1772 1771/168/1771 1774/167/1774
f 1775/166/1775 1776/168/1776 1777/165/1777
f 1776/168/1776 1775/166/1775 1778/167/1778
f 1779/167/1779 1780/166/1780 1781/167/1781
f 1782/169/1782 1783/167/1783 1784/169/1784
f 1785/167/1785 1786/167/1786 1787/166/1787
f 1788/167/1788 1789/167/1789 1790/166/1790
f 1791/166/1791 1792/166/1792 1793/161/1793
f 1794/167/1794 1795/166/1795 1796/166/1796
f 1795/166/1795 1794/167/1794 1797/167/1797
f 1796/166/1796 1798/166/1798 1794/167/1794
f 1794/167/1794 1798/166/1798 1799/167/1799
f 1800/166/1800 1801/167/1801 1802/166/1802
f 1801/167/1801 1800/166/1800 1803/167/1803
f 1804/166/1804 1802/166/1802 1801/167/1801
f 1804/166/1804 1801/167/1801 1805/167/1805
f 1806/168/1806 1807/170/1807 1808/169/1808
f 1806/168/1806 1808/169/1808 1809/167/1809
f 1810/167/1810 1811/169/1811 1812/168/1812
f 1811/169/1811 1813/170/1813 1812/168/1812
f 1814/169/1814 1815/169/1815 1816/167/1816
f 1817/169/1817 1818/169/1818 1819/167/1819
f 1820/169/1820 1821/167/1821 1822/169/1822
f 1823/169/1823 1824/167/1824 1825/169/1825
f 1826/164/1826 1827/165/1827 1828/166/1828
f 1826/164/1826 1828/166/1828 1829/161/1829
f 1830/161/1830 1831/166/1831 1832/164/1832
f 1831/166/1831 1833/165/1833 1832/164/1832
f 1834/167/1834 1835/169/1835 1836/167/1836
f 1835/169/1835 1834/167/1834 1837/169/1837
f 1836/167/1836 1838/169/1838 1839/167/1839
f 1840/166/1840 1841/161/1841 1842/166/1842
f 1843/167/1843 1844/166/1844 1845/167/1845
f 1846/169/1846 1847/167/1847 1848/167/1848
f 1847/167/1847 1846/169/1846 1849/169/1849
f 1850/167/1850 1851/169/1851 1848/167/1848
f 1852/164/1852 1853/166/1853 1854/165/1854
f 1853/166/1853 1852/164/1852 1855/161/1855
f 1856/164/1856 1857/166/1857 1858/161/1858
f 1857/166/1857 1856/164/1856 1859/165/1859
f 1860/161/1860 1861/161/1861 1862/162/1862
f 1863/166/1863 1864/161/1864 1865/161/1865
f 1864/161/1864 1863/166/1863 1866/166/1866
f 1867/166/1867 1864/161/1864 1866/166/1866
f 1864/161/1864 1867/166/1867 1868/161/1868
f 1869/166/1869 1870/161/1870 1871/166/1871
f 1870/161/1870 1869/166/1869 1872/161/1872
f 1871/166/1871 1870/161/1870 1873/166/1873
f 1874/161/1874 1873/166/1873 1870/161/1870
f 1875/166/1875 1876/166/1876 1877/161/1877
f 1878/161/1878 1879/162/1879 1880/161/1880
f 1881/166/1881 1882/161/1882 1883/161/1883
f 1882/161/1882 1881/166/1881 1884/166/1884
f 1885/166/1885 1883/161/1883 1886/166/1886
f 1887/161/1887 1884/166/1884 1888/166/1888
f 1884/166/1884 1887/161/1887 1889/161/1889
f 1890/167/1890 1891/168/1891 1892/169/1892
f 1892/169/1892 1891/168/1891 1893/170/1893
f 1894/168/1894 1895/169/1895 1896/170/1896
f 1895/169/1895 1894/168/1894 1897/167/1897
f 1898/166/1898 1899/161/1899 1900/166/1900
f 1899/161/1899 1898/166/1898 1901/161/1901
f 1902/166/1902 1903/166/1903 1901/161/1901
f 1904/161/1904 1900/166/1900 1905/161/1905
f 1900/166/1900 1904/161/1904 1906/166/1906
f 1907/164/1907 1908/162/1908 1909/163/1909
f 1908/162/1908 1907/164/1907 1910/161/1910
f 1911/164/1911 1912/162/1912 1913/161/1913
f 1912/162/1912 1911/164/1911 1914/163/1914
f 1915/167/1915 1916/167/1916 1917/166/1917
f 1918/169/1918 1919/167/1919 1920/169/1920
f 1919/167/1919 1918/169/1918 1921/167/1921
f 1921/167/1921 1922/169/1922 1923/167/1923
f 1923/167/1923 1922/169/1922 1924/169/1924
f 1925/167/1925 1926/166/1926 1927/167/1927
f 1928/167/1928 1929/169/1929 1930/169/1930
f 1929/169/1929 1928/167/1928 1931/167/1931
f 1929/169/1929 1931/167/1931 1932/167/1932
f 1932/167/1932 1933/169/1933 1929/169/1929
f 1933/169/1933 1934/167/1934 1935/169/1935
f 1936/161/1936 1937/162/1937 1938/161/1938
f 1939/162/1939 1938/161/1938 1937/162/1937
f 1940/162/1940 1936/161/1936 1941/161/1941
f 1941/161/1941 1942/161/1942 1943/162/1943
f 1944/167/1944 1945/169/1945 1946/169/1946
f 1945/169/1945 1944/167/1944 1947/167/1947
f 1948/169/1948 1947/167/1947 1949/167/1949
f 1948/169/1948 1949/167/1949 1950/169/1950
f 1951/168/1951 1952/166/1952 1953/165/1953
f 1952/166/1952 1951/168/1951 1954/167/1954
f 1955/166/1955 1956/168/1956 1957/165/1957
f 1956/168/1956 1955/166/1955 1958/167/1958
f 1959/167/1959 1960/169/1960 1961/167/1961
f 1960/169/1960 1959/167/1959 1962/169/1962
f 1963/167/1963 1961/167/1961 1964/169/1964
f 1963/167/1963 1964/169/1964 1965/169/1965
f 1966/162/1966 1967/161/1967 1968/161/1968
f 1966/162/1966 1968/161/1968 1969/162/1969
f 1970/162/1970 1971/161/1971 1967/161/1967
f 1971/161/1971 1970/162/1970 1972/161/1972
f 1973/167/1973 1974/167/1974 1975/166/1975
f 1976/169/1976 1977/169/1977 1978/167/1978
f 1979/169/1979 1980/169/1980 1981/167/1981
f 1982/169/1982 1983/169/1983 1984/167/1984
f 1985/168/1985 1986/170/1986 1987/169/1987
f 1985/168/1985 1987/169/1987 1988/167/1988
f 1989/167/1989 1990/169/1990 1991/168/1991
f 1990/169/1990 1992/170/1992 1991/168/1991
f 1993/167/1993 1994/166/1994 1995/166/1995
f 1994/166/1994 1993/167/1993 1996/167/1996
f 1995/166/1995 1997/166/1997 1993/167/1993
f 1993/167/1993 1997/166/1997 1998/167/1998
f 1998/167/1998 1999/166/1999 2000/167/2000
f 2001/169/2001 2002/167/2002 2003/169/2003
f 2004/166/2004 2005/167/2005 2006/166/2006
f 2005/167/2005 2004/166/2004 2007/167/2007
f 2008/166/2008 2006/166/2006 2005/167/2005
f 2008/166/2008 2005/167/2005 2009/167/2009
f 2009/167/2009 2010/167/2010 2011/166/2011
f 2012/167/2012 2013/169/2013 2014/167/2014
f 2013/169/2013 2012/167/2012 2015/169/2015
f 2014/167/2014 2016/169/2016 2017/167/2017
f 2018/169/2018 2019/167/2019 2020/167/2020
f 2019/167/2019 2018/169/2018 2021/169/2021
f 2022/167/2022 2023/169/2023 2020/167/2020
f 2024/164/2024 2025/165/2025 2026/166/2026
f 2024/164/2024 2026/166/2026 2027/161/2027
f 2028/161/2028 2029/166/2029 2030/164/2030
f 2029/166/2029 2031/165/2031 2030/164/2030
f 2032/169/2032 2033/167/2033 2034/169/2034
f 2035/166/2035 2036/161/2036 2037/166/2037
f 2038/166/2038 2039/161/2039 2040/166/2040
f 2039/161/2039 2038/166/2038 2041/161/2041
f 2040/166/2040 2039/161/2039 2042/166/2042
f 2043/161/2043 2042/166/2042 2039/161/2039
f 2044/166/2044 2045/161/2045 2046/161/2046
f 2045/161/2045 2044/166/2044 2047/166/2047
f 2048/166/2048 2045/161/2045 2047/166/2047
f 2045/161/2045 2048/166/2048 2049/161/2049
f 2050/166/2050 2051/166/2051 2052/161/2052
f 2053/164/2053 2054/162/2054 2055/163/2055
f 2054/162/2054 2053/164/2053 2056/161/2056
f 2057/164/2057 2058/162/2058 2059/161/2059
f 2058/162/2058 2057/164/2057 2060/163/2060
f 2061/167/2061 2062/168/2062 2063/169/2063
f 2063/169/2063 2062/168/2062 2064/170/2064
f 2065/168/2065 2066/169/2066 2067/170/2067
f 2066/169/2066 2065/168/2065 2068/167/2068
f 2069/161/2069 2070/162/2070 2071/161/2071
f 2072/162/2072 2071/161/2071 2070/162/2070
f 2073/162/2073 2069/161/2069 2074/161/2074
f 2075/169/2075 2076/169/2076 2077/167/2077
f 2078/162/2078 2079/161/2079 2080/161/2080
f 2078/162/2078 2080/161/2080 2081/162/2081
f 2082/162/2082 2083/161/2083 2079/161/2079
f 2084/167/2084 2085/166/2085 2086/167/2086
f 2087/166/2087 2088/166/2088 2089/167/2089
f 2089/167/2089 2088/166/2088 2090/167/2090
f 2091/167/2091 2092/166/2092 2093/167/2093
f 2093/167/2093 2092/166/2092 2094/166/2094
f 2095/169/2095 2096/167/2096 2097/169/2097
f 2098/161/2098 2099/161/2099 2100/162/2100
f 2101/166/2101 2102/161/2102 2103/166/2103
f 2104/168/2104 2105/166/2105 2106/165/2106
f 2105/166/2105 2104/168/2104 2107/167/2107
f 2108/166/2108 2109/168/2109 2110/165/2110
f 2109/168/2109 2108/166/2108 2111/167/2111
f 2112/167/2112 2113/167/2113 2114/166/2114
f 2115/166/2115 2116/167/2116 2117/166/2117
f 2116/167/2116 2115/166/2115 2118/167/2118
f 2119/166/2119 2117/166/2117 2116/167/2116
f 2119/166/2119 2116/167/2116 2120/167/2120
f 2121/161/2121 2122/162/2122 2123/161/2123
f 2124/166/2124 2125/166/2125 2126/161/2126
f 2127/165/2127 2128/167/2128 2129/168/2129
f 2128/167/2128 2127/165/2127 2130/166/2130
f 2131/166/2131 2132/165/2132 2133/167/2133
f 2133/167/2133 2132/165/2132 2134/168/2134
f 2135/161/2135 2136/161/2136 2137/162/2137
f 2136/161/2136 2138/162/2138 2137/162/2137
f 2139/161/2139 2140/161/2140 2138/162/2138
f 2140/161/2140 2141/162/2141 2138/162/2138
f 2140/161/2140 2142/161/2142 2141/162/2141
f 2143/162/2143 2144/161/2144 2145/161/2145
f 2146/162/2146 2144/161/2144 2143/162/2143
f 2147/161/2147 2146/162/2146 2148/161/2148
f 2149/162/2149 2148/161/2148 2146/162/2146
f 2148/161/2148 2149/162/2149 2150/161/2150
f 2151/168/2151 2152/170/2152 2153/169/2153
f 2151/168/2151 2153/169/2153 2154/167/2154
f 2155/167/2155 2156/169/2156 2157/168/2157
f 2156/169/2156 2158/170/2158 2157/168/2157
f 2159/164/2159 2160/162/2160 2161/161/2161
f 2160/162/2160 2159/164/2159 2162/163/2162
f 2163/162/2163 2164/164/2164 2165/161/2165
f 2164/164/2164 2163/162/2163 2166/163/2166
f 2167/167/2167 2168/166/2168 2169/166/2169
f 2168/166/2168 2167/167/2167 2170/167/2170
f 2169/166/2169 2171/166/2171 2167/167/2167
f 2167/167/2167 2171/166/2171 2172/167/2172
f 2172/167/2172 2173/166/2173 2174/167/2174
f 2175/164/2175 2176/165/2176 2177/166/2177
f 2175/164/2175 2177/166/2177 2178/161/2178
f 2179/161/2179 2180/166/2180 2181/164/2181
f 2180/166/2180 2182/165/2182 2181/164/2181
f 2183/166/2183 2184/161/2184 2185/166/2185
f 2184/161/2184 2183/166/2183 2186/161/2186
f 2185/166/2185 2184/161/2184 2187/166/2187
f 2188/161/2188 2187/166/2187 2184/161/2184
f 2189/167/2189 2190/169/2190 2191/167/2191
f 2190/169/2190 2189/167/2189 2192/169/2192
f 2191/167/2191 2193/169/2193 2194/167/2194
f 2195/166/2195 2196/161/2196 2197/161/2197
f 2196/161/2196 2195/166/2195 2198/166/2198
f 2199/166/2199 2196/161/2196 2198/166/2198
f 2196/161/2196 2199/166/2199 2200/161/2200
f 2201/169/2201 2202/167/2202 2203/167/2203
f 2202/167/2202 2201/169/2201 2204/169/2204
f 2205/167/2205 2206/169/2206 2203/167/2203
f 2207/166/2207 2208/167/2208 2209/166/2209
f 2208/167/2208 2207/166/2207 2210/167/2210
f 2211/167/2211 2212/166/2212 2213/167/2213
f 2213/167/2213 2212/166/2212 2214/166/2214
f 2215/169/2215 2216/169/2216 2217/167/2217
f 2218/161/2218 2219/165/2219 2220/166/2220
f 2219/165/2219 2218/161/2218 2221/164/2221
f 2222/165/2222 2223/161/2223 2224/166/2224
f 2223/161/2223 2222/165/2222 2225/164/2225
f 2226/169/2226 2227/167/2227 2228/169/2228
f 2229/166/2229 2230/161/2230 2231/166/2231
f 2232/164/2232 2233/162/2233 2234/163/2234
f 2233/162/2233 2232/164/2232 2235/161/2235
f 2236/164/2236 2237/162/2237 2238/161/2238
f 2237/162/2237 2236/164/2236 2239/163/2239
f 2240/166/2240 2241/166/2241 2242/161/2242
f 2243/161/2243 2244/162/2244 2245/161/2245
f 2246/162/2246 2245/161/2245 2244/162/2244
f 2247/162/2247 2243/161/2243 2248/161/2248
f 2249/162/2249 2250/161/2250 2251/161/2251
f 2249/162/2249 2251/161/2251 2252/162/2252
f 2253/162/2253 2254/161/2254 2250/161/2250
f 2255/166/2255 2256/167/2256 2257/166/2257
f 2256/167/2256 2255/166/2255 2258/167/2258
f 2259/166/2259 2257/166/2257 2256/167/2256
f 2259/166/2259 2256/167/2256 2260/167/2260
f 2261/167/2261 2262/166/2262 2263/166/2263
f 2262/166/2262 2261/167/2261 2264/167/2264
f 2263/166/2263 2265/166/2265 2261/167/2261
f 2261/167/2261 2265/166/2265 2266/167/2266
f 2267/168/2267 2268/166/2268 2269/165/2269
f 2268/166/2268 2267/168/2267 2270/167/2270
f 2271/166/2271 2272/168/2272 2273/165/2273
f 2272/168/2272 2271/166/2271 2274/167/2274
f 2275/167/2275 2276/166/2276 2277/167/2277
f 2278/167/2278 2279/167/2279 2280/166/2280
f 2281/161/2281 2282/161/2282 2283/162/2283
f 2284/161/2284 2285/162/2285 2286/161/2286
f 2287/167/2287 2288/167/2288 2289/166/2289
f 2290/167/2290 2291/169/2291 2292/168/2292
f 2291/169/2291 2293/170/2293 2292/168/2292
f 2294/168/2294 2295/170/2295 2296/169/2296
f 2294/168/2294 2296/169/2296 2297/167/2297
f 2298/166/2298 2299/166/2299 2300/161/2300
f 2301/166/2301 2302/161/2302 2303/166/2303
f 2304/166/2304 2305/161/2305 2306/166/2306
f 2305/161/2305 2304/166/2304 2307/161/2307
f 2306/166/2306 2305/161/2305 2308/166/2308
f 2309/161/2309 2308/166/2308 2305/161/2305
f 2310/166/2310 2311/161/2311 2312/161/2312
f 2311/161/2311 2310/166/2310 2313/166/2313
f 2314/166/2314 2311/161/2311 2313/166/2313
f 2311/161/2311 2314/166/2314 2315/161/2315
f 2316/164/2316 2317/165/2317 2318/166/2318
f 2316/164/2316 2318/166/2318 2319/161/2319
f 2320/161/2320 2321/166/2321 2322/164/2322
f 2321/166/2321 2323/165/2323 2322/164/2322
f 2324/167/2324 2325/169/2325 2326/167/2326
f 2325/169/2325 2324/167/2324 2327/169/2327
f 2326/167/2326 2328/169/2328 2329/167/2329
f 2330/169/2330 2331/167/2331 2332/167/2332
f 2331/167/2331 2330/169/2330 2333/169/2333
f 2334/167/2334 2335/169/2335 2332/167/2332
f 2336/166/2336 2337/161/2337 2338/166/2338
f 2339/166/2339 2340/161/2340 2341/166/2341
f 2340/161/2340 2339/166/2339 2342/161/2342
f 2343/161/2343 2341/166/2341 2340/161/2340
f 2341/166/2341 2343/161/2343 2344/166/2344
f 2345/161/2345 2346/166/2346 2347/166/2347
f 2346/166/2346 2345/161/2345 2348/161/2348
f 2347/166/2347 2349/161/2349 2345/161/2345
f 2349/161/2349 2347/166/2347 2350/166/2350
f 2351/161/2351 2352/166/2352 2353/161/2353
f 2352/166/2352 2351/161/2351 2354/166/2354
f 2355/161/2355 2356/166/2356 2354/166/2354
f 2356/166/2356 2355/161/2355 2357/161/2357
f 2358/166/2358 2359/166/2359 2360/161/2360
f 2361/166/2361 2362/161/2362 2363/161/2363
f 2362/161/2362 2361/166/2361 2364/166/2364
f 2364/166/2364 2365/166/2365 2366/161/2366
f 2367/161/2367 2366/161/2366 2365/166/2365
f 2368/169/2368 2369/169/2369 2370/167/2370
f 2371/169/2371 2372/167/2372 2373/169/2373
f 2374/164/2374 2375/162/2375 2376/161/2376
f 2375/162/2375 2374/164/2374 2377/163/2377
f 2378/164/2378 2379/162/2379 2380/163/2380
f 2379/162/2379 2378/164/2378 2381/161/2381
f 2382/161/2382 2383/165/2383 2384/166/2384
f 2383/165/2383 2382/161/2382 2385/164/2385
f 2386/165/2386 2387/161/2387 2388/166/2388
f 2387/161/2387 2386/165/2386 2389/164/2389
f 2390/161/2390 2391/162/2391 2392/161/2392
f 2393/162/2393 2392/161/2392 2391/162/2391
f 2394/162/2394 2390/161/2390 2395/161/2395
f 2396/167/2396 2397/169/2397 2398/167/2398
f 2399/169/2399 2398/167/2398 2397/169/2397
f 2400/167/2400 2401/166/2401 2402/167/2402
f 2403/167/2403 2404/169/2404 2405/169/2405
f 2405/169/2405 2406/167/2406 2403/167/2403
f 2407/162/2407 2408/161/2408 2409/161/2409
f 2407/162/2407 2409/161/2409 2410/162/2410
f 2411/162/2411 2412/161/2412 2408/161/2408
f 2412/161/2412 2411/162/2411 2413/161/2413
f 2414/161/2414 2415/161/2415 2416/162/2416
f 2417/167/2417 2418/167/2418 2419/166/2419
f 2420/166/2420 2421/166/2421 2422/161/2422
f 2423/168/2423 2424/166/2424 2425/165/2425
f 2424/166/2424 2423/168/2423 2426/167/2426
f 2427/166/2427 2428/168/2428 2429/165/2429
f 2428/168/2428 2427/166/2427 2430/167/2430
f 2431/166/2431 2432/161/2432 2433/166/2433
f 2434/168/2434 2435/169/2435 2436/170/2436
f 2435/169/2435 2434/168/2434 2437/167/2437
f 2438/167/2438 2439/168/2439 2440/169/2440
f 2440/169/2440 2439/168/2439 2441/170/2441
f 2442/166/2442 2443/161/2443 2444/166/2444
f 2445/169/2445 2446/169/2446 2447/167/2447
f 2448/166/2448 2449/166/2449 2450/161/2450
f 2451/169/2451 2452/167/2452 2453/169/2453
f 2454/167/2454 2455/169/2455 2456/167/2456
f 2457/167/2457 2458/169/2458 2459/168/2459
f 2458/169/2458 2460/170/2460 2459/168/2459
f 2461/168/2461 2462/170/2462 2463/169/2463
f 2461/168/2461 2463/169/2463 2464/167/2464
f 2465/167/2465 2466/166/2466 2467/166/2467
f 2466/166/2466 2465/167/2465 2468/167/2468
f 2467/166/2467 2469/166/2469 2465/167/2465
f 2465/167/2465 2469/166/2469 2470/167/2470
f 2470/167/2470 2471/166/2471 2472/167/2472
f 2473/166/2473 2474/167/2474 2475/166/2475
f 2474/167/2474 2473/166/2473 2476/167/2476
f 2477/166/2477 2475/166/2475 2474/167/2474
f 2477/166/2477 2474/167/2474 2478/167/2478
f 2478/167/2478 2479/167/2479 2480/166/2480
f 2481/167/2481 2482/169/2482 2483/167/2483
f 2484/169/2484 2485/169/2485 2486/167/2486
f 2487/166/2487 2488/161/2488 2489/166/2489
f 2488/161/2488 2487/166/2487 2490/161/2490
f 2489/166/2489 2488/161/2488 2491/166/2491
f 2492/161/2492 2491/166/2491 2488/161/2488
f 2493/166/2493 2494/161/2494 2495/161/2495
f 2494/161/2494 2493/166/2493 2496/166/2496
f 2497/166/2497 2494/161/2494 2496/166/2496
f 2494/161/2494 2497/166/2497 2498/161/2498
f 2499/167/2499 2500/169/2500 2501/167/2501
f 2500/169/2500 2499/167/2499 2502/169/2502
f 2501/167/2501 2503/169/2503 2504/167/2504
f 2505/169/2505 2506/167/2506 2507/169/2507
f 2508/169/2508 2509/167/2509 2510/167/2510
f 2509/167/2509 2508/169/2508 2511/169/2511
f 2512/167/2512 2513/169/2513 2510/167/2510
f 2514/164/2514 2515/165/2515 2516/166/2516
f 2514/164/2514 2516/166/2516 2517/161/2517
f 2518/161/2518 2519/166/2519 2520/164/2520
f 2519/166/2519 2521/165/2521 2520/164/2520
f 2522/165/2522 2523/161/2523 2524/166/2524
f 2523/161/2523 2522/165/2522 2525/164/2525
f 2526/161/2526 2527/165/2527 2528/166/2528
f 2527/165/2527 2526/161/2526 2529/164/2529
f 2530/166/2530 2531/161/2531 2532/166/2532
f 2531/161/2531 2530/166/2530 2533/161/2533
f 2531/161/2531 2534/166/2534 2532/166/2532
f 2534/166/2534 2531/161/2531 2535/161/2535
f 2536/161/2536 2537/161/2537 2538/162/2538
f 2539/161/2539 2540/166/2540 2541/166/2541
f 2540/166/2540 2539/161/2539 2542/161/2542
f 2541/166/2541 2543/166/2543 2539/161/2539
f 2544/161/2544 2539/161/2539 2543/166/2543
f 2545/164/2545 2546/162/2546 2547/161/2547
f 2546/162/2546 2545/164/2545 2548/163/2548
f 2549/164/2549 2550/162/2550 2551/163/2551
f 2550/162/2550 2549/164/2549 2552/161/2552
f 2553/161/2553 2554/162/2554 2555/161/2555
f 2556/166/2556 2557/166/2557 2558/161/2558
f 2559/166/2559 2560/161/2560 2561/166/2561
f 2562/166/2562 2563/161/2563 2564/166/2564
f 2565/161/2565 2566/162/2566 2567/161/2567
f 2568/162/2568 2567/161/2567 2566/162/2566
f 2569/162/2569 2565/161/2565 2570/161/2570
f 2571/166/2571 2572/166/2572 2573/161/2573
f 2574/162/2574 2575/161/2575 2576/161/2576
f 2574/162/2574 2576/161/2576 2577/162/2577
f 2578/162/2578 2579/161/2579 2575/161/2575
f 2580/166/2580 2581/166/2581 2582/161/2582
f 2583/166/2583 2584/167/2584 2585/166/2585
f 2584/167/2584 2583/166/2583 2586/167/2586
f 2587/166/2587 2585/166/2585 2584/167/2584
f 2587/166/2587 2584/167/2584 2588/167/2588
f 2589/162/2589 2590/164/2590 2591/161/2591
f 2590/164/2590 2589/162/2589 2592/163/2592
f 2593/164/2593 2594/162/2594 2595/161/2595
f 2594/162/2594 2593/164/2593 2596/163/2596
f 2597/166/2597 2598/161/2598 2599/166/2599
f 2600/161/2600 2601/166/2601 2602/166/2602
f 2601/166/2601 2600/161/2600 2603/161/2603
f 2602/166/2602 2604/161/2604 2600/161/2600
f 2604/161/2604 2602/166/2602 2605/166/2605
f 2606/168/2606 2607/166/2607 2608/165/2608
f 2607/166/2607 2606/168/2606 2609/167/2609
f 2610/166/2610 2611/168/2611 2612/165/2612
f 2611/168/2611 2610/166/2610 2613/167/2613
f 2614/166/2614 2615/161/2615 2616/166/2616
f 2615/161/2615 2614/166/2614 2617/161/2617
f 2618/161/2618 2616/166/2616 2615/161/2615
f 2616/166/2616 2618/161/2618 2619/166/2619
f 2620/161/2620 2621/162/2621 2622/161/2622
f 2623/169/2623 2624/169/2624 2625/167/2625
f 2626/169/2626 2627/167/2627 2628/169/2628
f 2629/166/2629 2630/161/2630 2631/166/2631
f 2630/161/2630 2629/166/2629 2632/161/2632
f 2631/166/2631 2630/161/2630 2633/166/2633
f 2634/161/2634 2633/166/2633 2630/161/2630
f 2635/167/2635 2636/169/2636 2637/168/2637
f 2636/169/2636 2638/170/2638 2637/168/2637
f 2639/168/2639 2640/170/2640 2641/169/2641
f 2639/168/2639 2641/169/2641 2642/167/2642
f 2643/167/2643 2644/166/2644 2645/166/2645
f 2644/166/2644 2643/167/2643 2646/167/2646
f 2645/166/2645 2647/166/2647 2643/167/2643
f 2643/167/2643 2647/166/2647 2648/167/2648
f 2648/167/2648 2649/166/2649 2650/167/2650
f 2651/166/2651 2652/161/2652 2653/161/2653
f 2652/161/2652 2651/166/2651 2654/166/2654
f 2655/166/2655 2652/161/2652 2654/166/2654
f 2652/161/2652 2655/166/2655 2656/161/2656
f 2657/162/2657 2658/161/2658 2659/162/2659
f 2658/161/2658 2660/161/2660 2659/162/2659
f 2661/161/2661 2662/162/2662 2660/161/2660
f 2662/162/2662 2661/161/2661 2663/162/2663
f 2664/161/2664 2665/161/2665 2663/162/2663
f 2666/167/2666 2667/167/2667 2668/166/2668
f 2669/162/2669 2670/161/2670 2671/161/2671
f 2671/161/2671 2672/162/2672 2669/162/2669
f 2669/162/2669 2673/161/2673 2670/161/2670
f 2673/161/2673 2669/162/2669 2674/162/2674
f 2675/166/2675 2676/166/2676 2677/161/2677
f 2678/167/2678 2679/169/2679 2680/167/2680
f 2679/169/2679 2678/167/2678 2681/169/2681
f 2680/167/2680 2682/169/2682 2683/167/2683
f 2684/164/2684 2685/165/2685 2686/166/2686
f 2684/164/2684 2686/166/2686 2687/161/2687
f 2688/161/2688 2689/166/2689 2690/164/2690
f 2689/166/2689 2691/165/2691 2690/164/2690
f 2692/166/2692 2693/161/2693 2694/166/2694
f 2695/169/2695 2696/167/2696 2697/167/2697
f 2696/167/2696 2695/169/2695 2698/169/2698
f 2699/167/2699 2700/169/2700 2697/167/2697
f 2701/161/2701 2702/165/2702 2703/166/2703
f 2702/165/2702 2701/161/2701 2704/164/2704
f 2705/165/2705 2706/161/2706 2707/166/2707
f 2706/161/2706 2705/165/2705 2708/164/2708
f 2709/161/2709 2710/161/2710 2711/162/2711
f 2712/161/2712 2713/162/2713 2714/161/2714
f 2715/164/2715 2716/162/2716 2717/161/2717
f 2716/162/2716 2715/164/2715 2718/163/2718
f 2719/164/2719 2720/162/2720 2721/163/2721
f 2720/162/2720 2719/164/2719 2722/161/2722
f 2723/162/2723 2724/164/2724 2725/161/2725
f 2724/164/2724 2723/162/2723 2726/163/2726
f 2727/164/2727 2728/162/2728 2729/161/2729
f 2728/162/2728 2727/164/2727 2730/163/2730
f 2731/161/2731 2732/162/2732 2733/161/2733
f 2734/162/2734 2733/161/2733 2732/162/2732
f 2735/162/2735 2731/161/2731 2736/161/2736
f 2737/162/2737 2738/161/2738 2739/161/2739
f 2737/162/2737 2739/161/2739 2740/162/2740
f 2741/162/2741 2742/161/2742 2738/161/2738
f 2743/166/2743 2744/161/2744 2745/166/2745
f 2744/161/2744 2743/166/2743 2746/161/2746
f 2744/161/2744 2747/166/2747 2745/166/2745
f 2747/166/2747 2744/161/2744 2748/161/2748
f 2749/169/2749 2750/167/2750 2751/169/2751
f 2752/169/2752 2753/169/2753 2754/167/2754
f 2755/161/2755 2756/166/2756 2757/166/2757
f 2756/166/2756 2755/161/2755 2758/161/2758
f 2757/166/2757 2759/166/2759 2755/161/2755
f 2760/161/2760 2755/161/2755 2759/166/2759
f 2761/161/2761 2762/161/2762 2763/162/2763
f 2762/161/2762 2764/162/2764 2763/162/2763
f 2765/162/2765 2766/161/2766 2761/161/2761
f 2766/161/2766 2765/162/2765 2767/162/2767
f 2768/161/2768 2767/162/2767 2769/161/2769
f 2770/161/2770 2771/165/2771 2772/166/2772
f 2771/165/2771 2770/161/2770 2773/164/2773
f 2774/165/2774 2775/161/2775 2776/166/2776
f 2775/161/2775 2774/165/2774 2777/164/2777
f 2778/161/2778 2779/161/2779 2780/162/2780
f 2778/161/2778 2780/162/2780 2781/162/2781
f 2782/161/2782 2783/162/2783 2779/161/2779
f 2783/162/2783 2782/161/2782 2784/162/2784
f 2785/161/2785 2786/161/2786 2784/162/2784
f 2787/167/2787 2788/169/2788 2789/168/2789
f 2788/169/2788 2790/170/2790 2789/168/2789
f 2791/168/2791 2792/170/2792 2793/169/2793
f 2791/168/2791 2793/169/2793 2794/167/2794
f 2795/167/2795 2796/169/2796 2797/167/2797
f 2796/169/2796 2795/167/2795 2798/169/2798
f 2797/167/2797 2799/169/2799 2800/167/2800
f 2801/169/2801 2802/167/2802 2803/167/2803
f 2802/167/2802 2801/169/2801 2804/169/2804
f 2805/167/2805 2806/169/2806 2803/167/2803
f 2807/161/2807 2808/161/2808 2809/162/2809
f 2810/161/2810 2811/162/2811 2812/161/2812
f 2813/162/2813 2814/164/2814 2815/161/2815
f 2814/164/2814 2813/162/2813 2816/163/2816
f 2817/164/2817 2818/162/2818 2819/161/2819
f 2818/162/2818 2817/164/2817 2820/163/2820
f 2821/164/2821 2822/162/2822 2823/161/2823
f 2822/162/2822 2821/164/2821 2824/163/2824
f 2825/164/2825 2826/162/2826 2827/163/2827
f 2826/162/2826 2825/164/2825 2828/161/2828
f 2829/162/2829 2830/161/2830 2831/161/2831
f 2829/162/2829 2831/161/2831 2832/162/2832
f 2833/162/2833 2834/161/2834 2830/161/2830
f 2834/161/2834 2833/162/2833 2835/161/2835
f 2836/161/2836 2837/162/2837 2838/161/2838
f 2839/162/2839 2838/161/2838 2837/162/2837
f 2840/162/2840 2836/161/2836 2841/161/2841
f 2841/161/2841 2842/161/2842 2843/162/2843
f 2844/169/2844 2845/167/2845 2846/169/2846
f 2847/169/2847 2848/169/2848 2849/167/2849
f 2850/164/2850 2851/162/2851 2852/161/2852
f 2851/162/2851 2850/164/2850 2853/163/2853
f 2854/162/2854 2855/164/2855 2856/161/2856
f 2855/164/2855 2854/162/2854 2857/163/2857
f 2858/166/2858 2859/161/2859 2860/166/2860
f 2861/162/2861 2862/161/2862 2863/161/2863
f 2864/162/2864 2862/161/2862 2861/162/2861
f 2862/161/2862 2864/162/2864 2865/161/2865
f 2866/162/2866 2867/161/2867 2868/162/2868
f 2867/161/2867 2869/161/2869 2868/162/2868
f 2868/162/2868 2869/161/2869 2870/162/2870
f 2871/161/2871 2870/162/2870 2869/161/2869
f 2872/166/2872 2873/166/2873 2874/161/2874
f 2875/167/2875 2876/169/2876 2877/168/2877
f 2876/169/2876 2878/170/2878 2877/168/2877
f 2879/168/2879 2880/170/2880 2881/169/2881
f 2879/168/2879 2881/169/2881 2882/167/2882
f 2883/161/2883 2884/162/2884 2885/161/2885
f 2886/161/2886 2887/161/2887 2888/162/2888
f 2889/167/2889 2890/169/2890 2891/167/2891
f 2890/169/2890 2889/167/2889 2892/169/2892
f 2891/167/2891 2893/169/2893 2894/167/2894
f 2895/169/2895 2896/167/2896 2897/167/2897
f 2896/167/2896 2895/169/2895 2898/169/2898
f 2899/167/2899 2900/169/2900 2897/167/2897
f 2901/161/2901 2902/161/2902 2903/162/2903
f 2904/161/2904 2905/161/2905 2906/162/2906
f 2905/161/2905 2907/162/2907 2906/162/2906
f 2908/162/2908 2909/161/2909 2904/161/2904
f 2909/161/2909 2908/162/2908 2910/162/2910
f 2911/161/2911 2910/162/2910 2912/161/2912
f 2913/164/2913 2914/162/2914 2915/161/2915
f 2914/162/2914 2913/164/2913 2916/163/2916
f 2917/164/2917 2918/162/2918 2919/163/2919
f 2918/162/2918 2917/164/2917 2920/161/2920
f 2921/161/2921 2922/161/2922 2923/162/2923
f 2921/161/2921 2923/162/2923 2924/162/2924
f 2925/161/2925 2926/162/2926 2922/161/2922
f 2926/162/2926 2925/161/2925 2927/162/2927
f 2928/161/2928 2929/162/2929 2930/161/2930
f 2931/162/2931 2930/161/2930 2929/162/2929
f 2932/162/2932 2928/161/2928 2933/161/2933
f 2934/162/2934 2935/161/2935 2936/161/2936
f 2934/162/2934 2936/161/2936 2937/162/2937
f 2938/162/2938 2939/161/2939 2935/161/2935
f 2940/167/2940 2941/167/2941 2942/166/2942
f 2943/167/2943 2944/166/2944 2945/167/2945
f 2946/161/2946 2947/161/2947 2948/162/2948
f 2949/162/2949 2950/161/2950 2948/162/2948
f 2950/161/2950 2949/162/2949 2951/161/2951
f 2952/161/2952 2953/162/2953 2954/161/2954
f 2955/161/2955 2956/162/2956 2953/162/2953
f 2956/162/2956 2955/161/2955 2957/161/2957
f 2958/167/2958 2959/167/2959 2960/166/2960
f 2961/167/2961 2962/166/2962 2963/167/2963
f 2964/166/2964 2965/166/2965 2966/167/2966
f 2964/166/2964 2966/167/2966 2967/167/2967
f 2964/166/2964 2967/167/2967 2968/166/2968
f 2967/167/2967 2969/167/2969 2968/166/2968
f 2970/166/2970 2971/166/2971 2972/167/2972
f 2972/167/2972 2971/166/2971 2973/167/2973
f 2974/166/2974 2973/167/2973 2971/166/2971
f 2974/166/2974 2975/167/2975 2973/167/2973
f 2976/166/2976 2977/167/2977 2978/166/2978
f 2977/167/2977 2979/167/2979 2978/166/2978
f 2979/167/2979 2980/167/2980 2981/166/2981
f 2982/166/2982 2983/167/2983 2984/166/2984
f 2982/166/2982 2985/167/2985 2983/167/2983
f 2985/167/2985 2986/166/2986 2987/167/2987
f 2988/166/2988 2989/166/2989 2990/167/2990
f 2988/166/2988 2990/167/2990 2991/167/2991
f 2992/166/2992 2993/167/2993 2994/166/2994
f 2993/167/2993 2995/167/2995 2994/166/2994
f 2996/166/2996 2997/166/2997 2998/167/2998
f 2998/167/2998 2997/166/2997 2999/167/2999
f 3000/166/3000 3001/167/3001 3002/166/3002
f 3000/166/3000 3003/167/3003 3001/167/3001
f 3004/167/3004 3005/166/3005 3006/167/3006
f 3007/166/3007 3006/167/3006 3005/166/3005
f 3008/166/3008 3009/167/3009 3010/166/3010
f 3009/167/3009 3008/166/3008 3011/167/3011
f 3012/165/3012 3013/168/3013 3014/167/3014
f 3012/165/3012 3014/167/3014 3015/166/3015
f 3016/166/3016 3017/167/3017 3018/165/3018
f 3017/167/3017 3019/168/3019 3018/165/3018
f 3020/167/3020 3021/167/3021 3022/166/3022
f 3023/167/3023 3024/166/3024 3025/167/3025
f 3026/161/3026 3027/161/3027 3028/162/3028
f 3026/161/3026 3028/162/3028 3029/162/3029
f 3030/161/3030 3031/161/3031 3032/162/3032
f 3031/161/3031 3033/162/3033 3032/162/3032
f 3034/164/3034 3035/162/3035 3031/161/3031
f 3035/162/3035 3034/164/3034 3036/163/3036
f 3037/162/3037 3038/164/3038 3039/161/3039
f 3038/164/3038 3037/162/3037 3040/163/3040
f 3041/165/3041 3042/168/3042 3043/167/3043
f 3041/165/3041 3043/167/3043 3044/166/3044
f 3045/166/3045 3046/167/3046 3047/165/3047
f 3046/167/3046 3048/168/3048 3047/165/3047
f 3049/167/3049 3050/167/3050 3051/166/3051
f 3052/170/3052 3053/167/3053 3054/169/3054
f 3053/167/3053 3052/170/3052 3055/168/3055
f 3056/167/3056 3057/166/3057 3058/167/3058
f 3059/170/3059 3060/167/3060 3061/168/3061
f 3060/167/3060 3059/170/3059 3062/169/3062
f 3063/167/3063 3064/169/3064 3065/169/3065
f 3065/169/3065 3066/167/3066 3063/167/3063
f 3063/167/3063 3067/169/3067 3064/169/3064
f 3067/169/3067 3063/167/3063 3068/167/3068
f 3067/169/3067 3068/167/3068 3069/169/3069
f 3070/169/3070 3071/167/3071 3072/169/3072
f 3073/167/3073 3074/169/3074 3075/167/3075
f 3075/167/3075 3074/169/3074 3076/169/3076
f 3077/169/3077 3075/167/3075 3076/169/3076
f 3075/167/3075 3077/169/3077 3078/167/3078
f 3077/169/3077 3079/169/3079 3078/167/3078
f 3080/169/3080 3081/169/3081 3082/167/3082
f 3083/166/3083 3084/166/3084 3085/167/3085
f 3083/166/3083 3085/167/3085 3086/167/3086
f 3087/166/3087 3088/166/3088 3089/167/3089
f 3089/167/3089 3088/166/3088 3090/167/3090
f 3091/166/3091 3092/166/3092 3093/167/3093
f 3091/166/3091 3093/167/3093 3094/167/3094
f 3095/166/3095 3096/167/3096 3097/166/3097
f 3096/167/3096 3098/167/3098 3097/166/3097
f 3099/166/3099 3100/166/3100 3101/167/3101
f 3101/167/3101 3100/166/3100 3102/167/3102
f 3103/169/3103 3104/167/3104 3105/167/3105
f 3103/169/3103 3105/167/3105 3106/169/3106
f 3107/166/3107 3108/167/3108 3109/166/3109
f 3107/166/3107 3110/167/3110 3108/167/3108
f 3111/167/3111 3112/169/3112 3113/167/3113
f 3113/167/3113 3112/169/3112 3114/169/3114
f 3115/167/3115 3116/167/3116 3117/169/3117
f 3117/169/3117 3116/167/3116 3118/169/3118
f 3118/169/3118 3119/167/3119 3120/169/3120
f 3121/167/3121 3122/169/3122 3123/169/3123
f 3122/169/3122 3121/167/3121 3124/167/3124
f 3123/169/3123 3125/169/3125 3126/167/3126
f 3127/165/3127 3128/168/3128 3129/167/3129
f 3127/165/3127 3129/167/3129 3130/166/3130
f 3131/166/3131 3132/167/3132 3133/165/3133
f 3132/167/3132 3134/168/3134 3133/165/3133
f 3135/170/3135 3136/167/3136 3137/168/3137
f 3136/167/3136 3135/170/3135 3138/169/3138
f 3139/170/3139 3140/167/3140 3141/169/3141
f 3140/167/3140 3139/170/3139 3142/168/3142
f 3143/166/3143 3144/167/3144 3145/166/3145
f 3144/167/3144 3146/167/3146 3145/166/3145
f 3147/166/3147 3148/167/3148 3149/166/3149
f 3147/166/3147 3150/167/3150 3148/167/3148
f 3151/169/3151 3152/167/3152 3153/167/3153
f 3151/169/3151 3153/167/3153 3154/169/3154
f 3155/167/3155 3156/169/3156 3157/169/3157
f 3155/167/3155 3158/167/3158 3156/169/3156
f 3159/165/3159 3160/168/3160 3161/167/3161
f 3159/165/3159 3161/167/3161 3162/166/3162
f 3163/166/3163 3164/167/3164 3165/165/3165
f 3164/167/3164 3166/168/3166 3165/165/3165
f 3167/170/3167 3168/167/3168 3169/169/3169
f 3168/167/3168 3167/170/3167 3170/168/3170
f 3171/170/3171 3172/167/3172 3173/168/3173
f 3172/167/3172 3171/170/3171 3174/169/3174
f 3175/167/3175 3176/169/3176 3177/169/3177
f 3177/169/3177 3178/167/3178 3175/167/3175
f 3179/167/3179 3180/169/3180 3181/167/3181
f 3182/169/3182 3181/167/3181 3180/169/3180
f 3183/169/3183 3184/167/3184 3185/169/3185
f 3186/169/3186 3187/169/3187 3188/167/3188
f 3189/165/3189 3190/168/3190 3191/167/3191
f 3189/165/3189 3191/167/3191 3192/166/3192
f 3193/166/3193 3194/167/3194 3195/165/3195
f 3194/167/3194 3196/168/3196 3195/165/3195
f 3197/169/3197 3198/167/3198 3199/169/3199
f 3200/169/3200 3201/169/3201 3202/167/3202
f 3203/170/3203 3204/167/3204 3205/168/3205
f 3204/167/3204 3203/170/3203 3206/169/3206
f 3207/170/3207 3208/167/3208 3209/169/3209
f 3208/167/3208 3207/170/3207 3210/168/3210
f 3211/167/3211 3212/169/3212 3213/169/3213
f 3213/169/3213 3214/167/3214 3211/167/3211
f 3211/167/3211 3215/169/3215 3212/169/3212
f 3215/169/3215 3211/167/3211 3216/167/3216
f 3217/167/3217 3218/169/3218 3219/167/3219
f 3219/167/3219 3218/169/3218 3220/169/3220
f 3221/169/3221 3219/167/3219 3220/169/3220
f 3219/167/3219 3221/169/3221 3222/167/3222
f 3223/170/3223 3224/167/3224 3225/169/3225
f 3224/167/3224 3223/170/3223 3226/168/3226
f 3227/170/3227 3228/167/3228 3229/168/3229
f 3228/167/3228 3227/170/3227 3230/169/3230
f 3231/169/3231 3232/167/3232 3233/167/3233
f 3231/169/3231 3233/167/3233 3234/169/3234
f 3233/167/3233 3235/169/3235 3234/169/3234
f 3235/169/3235 3233/167/3233 3236/167/3236
f 3237/167/3237 3238/169/3238 3239/167/3239
f 3239/167/3239 3238/169/3238 3240/169/3240
f 3241/169/3241 3239/167/3239 3240/169/3240
f 3239/167/3239 3241/169/3241 3242/167/3242
# Vertices: 2122, normals: 2122, texture coordinates: 10, faces: 1080

o obj7
v 0.60472709 -0.25079778 0.13287677
v 0.63382125 -0.17615575 0.13262963
v 0.58924311 -0.18806258 0.18350869
v 0.44807833 -0.2485591 0.13113472
v 0.48739243 -0.17353152 0.1320117
v 0.43760091 -0.19511726 0.17955247
v 0.41036016 -0.27071992 0.14406702
v 0.43760091 -0.19511726 0.17955247
v 0.36876845 -0.2226212 0.18182492
v 0.3947342 -0.41266754 0.16250803
v 0.44897759 -0.45261776 0.15074706
v 0.42298257 -0.3969582 0.18782723
v 0.48781598 -0.35628185 0.18433955
v 0.46864671 -0.4359628 0.1490908
v 0.50344193 -0.4066647 0.13923255
v 0.57128888 -0.24882801 0.15096284
v 0.58924311 -0.18806258 0.18350869
v 0.52848923 -0.20651856 0.18208094
v 0.58802015 -0.11950697 0.01325198
v 0.63382125 -0.17615575 0.13262963
v 0.64234906 -0.17528433 0.01397249
v 0.63716704 -0.32318994 0.01588306
v 0.68611497 -0.39244848 0.14155413
v 0.69287151 -0.39266515 0.01678051
v 0.6303606 -0.32323939 0.13345151
v 0.63716704 -0.32318994 0.01588306
v 0.68611497 -0.39567056 -0.10795607
v 0.6303606 -0.32627526 -0.10164489
v 0.41600567 -0.19864132 -0.07777447
v 0.41036016 -0.27404848 -0.11361146
v 0.4278993 -0.20078251 -0.06159547
v 0.53588396 -0.25352749 0.14004064
v 0.52848923 -0.20651856 0.18208094
v 0.48387402 -0.21867126 0.13836126
v 0.53231072 -0.20660545 -0.05543774
v 0.48387402 -0.22186983 -0.10925306
v 0.53588396 -0.2567578 -0.1100325
v 0.56534886 -0.40986621 0.23761413
v 0.5613035 -0.3567498 0.17691597
v 0.51530707 -0.41730487 0.14191921
v 0.47149551 -0.36625576 -0.05319144
v 0.38119477 -0.33859232 0.03004619
v 0.4693042 -0.36873579 0.03043557
v 0.47195333 -0.36309114 0.09602512
v 0.38705564 -0.33198842 0.09479429
v 0.40180165 -0.33061159 0.13681401
v 0.52156013 -0.16237704 -0.11484097
v 0.48387402 -0.22186983 -0.10925306
v 0.53231072 -0.20660545 -0.05543774
v 0.53666413 -0.20622979 -0.07567228
v 0.55603021 -0.14620413 -0.12393163
v 0.40180165 -0.33061159 0.13681401
v 0.42298257 -0.3969582 0.18782723
v 0.42267877 -0.32961598 0.14947221
v 0.3947342 -0.41266754 0.16250803
v 0.37261701 -0.42883229 0.10201277
v 0.38705564 -0.33198842 0.09479429
v 0.34262156 -0.15201324 0.01367289
v 0.30904573 -0.25001207 0.01493879
v 0.31077355 -0.2402869 0.14038865
v 0.34444708 -0.14254266 0.13033028
v 0.38119477 -0.33859232 0.03004619
v 0.36686593 -0.43563122 0.03129969
v 0.37261701 -0.42883229 0.10201277
v 0.54024738 -0.20532049 -0.08347468
v 0.58802015 -0.11950697 0.01325198
v 0.57945877 -0.12353559 -0.09988141
v 0.5454073 -0.20260204 0.01432537
v 0.63716704 -0.32318994 0.01588306
v 0.58100331 -0.41060343 -0.08029088
v 0.58397692 -0.40850282 0.0169851
vn 0.87145 -0.40657 0.27438
vn 0.87301 -0.43007 0.22999
vn 0.6417 -0.43632 0.63076
vn 0.54861 -0.44755 0.7062
vn 0.7193 -0.38368 0.57914
vn 0.55595 -0.44102 0.70457
vn 0.0588 -0.52209 0.85086
vn 0.34554 -0.50689 0.78972
vn 0.0498 -0.55767 0.82857
vn -0.3495 -0.69634 0.62687
vn -0.47342 -0.77711 0.41469
vn -0.08579 -0.64355 0.76058
vn 0.67249 -0.35344 0.65026
vn 0.48544 -0.39756 0.77865
vn 0.5782 -0.38633 0.71863
vn 0.33763 -0.46989 0.8156
vn 0.37204 -0.47169 0.79944
vn 0.0246 -0.59304 0.80479
vn 0.70449 0.70945 -0.01939
vn 0.53371 0.8115 0.23797
vn 0.71357 0.70032 -0.01924
vn 0.77819 0.62777 -0.01813
vn 0.71551 0.64739 0.26255
vn 0.77803 0.62797 -0.01763
vn 0.69626 0.64626 0.31235
vn 0.79844 0.60195 -0.01186
vn 0.73984 0.60902 -0.2859
vn 0.69627 0.63797 -0.32894
vn -0.15642 -0.39313 0.90608
vn -0.72498 0.11823 0.67855
vn -0.22415 -0.57226 0.78884
vn -0.24313 -0.61782 0.74778
vn -0.25457 -0.6051 0.75435
vn -0.44573 -0.63467 0.63128
vn -0.11599 -0.66712 0.73586
vn -0.44349 -0.67432 0.59043
vn 0.03027 -0.66565 0.74565
vn -0.49793 0.58945 0.6361
vn -0.56025 0.57242 0.59871
vn -0.82613 0.39561 0.40126
vn 0.32397 0.94294 0.07683
vn 0.37712 0.92584 -0.02473
vn 0.32949 0.94351 -0.03499
vn 0.09977 0.98698 -0.12616
vn 0.33466 0.93349 -0.12885
vn 0.29605 0.92131 -0.25207
vn -0.30229 0.63013 0.71523
vn -0.71041 0.49683 0.49848
vn -0.83413 0.26273 0.48499
vn -0.16198 0.98665 0.01705
vn -0.4201 0.6358 0.64751
vn -0.82253 0.26616 0.5026
vn -0.28162 0.47953 0.83111
vn -0.44658 0.45708 0.76919
vn -0.93564 0.21671 0.27858
vn -0.97842 0.15725 0.13406
vn -0.97511 0.16194 0.15145
vn -0.94593 0.32437 -0.00164
vn -0.9459 0.32447 -0.00155
vn -0.84067 0.38317 0.3827
vn -0.75956 0.38846 0.52169
vn -0.9851 0.17166 -0.01047
vn -0.98868 0.1497 -0.01042
vn -0.9574 0.21532 0.19242
vn -0.80752 0.49096 0.3269
vn -0.89319 0.44923 -0.02021
vn -0.85005 0.47978 0.21732
vn -0.89444 0.44686 -0.01716
vn -0.86303 0.5049 -0.01572
vn -0.80978 0.54304 0.22217
vn -0.85488 0.51869 -0.01202
vt 0.375 0.25
vt 0.375 0.5
vt 0.5 0.75
vt 0.5 0.5
vt 0.375 0.75
vt 0.375 0
vt 0.375 1
vt 0.5 1
usemtl mat1
f 3243/171/3243 3244/172/3244 3245/172/3245
f 3246/171/3246 3247/171/3247 3248/172/3248
f 3249/171/3249 3250/172/3250 3251/172/3251
f 3252/172/3252 3253/171/3253 3254/172/3254
f 3255/172/3255 3256/171/3256 3257/171/3257
f 3258/171/3258 3259/172/3259 3260/172/3260
f 3261/173/3261 3262/172/3262 3263/174/3263
f 3264/173/3264 3265/172/3265 3266/174/3266
f 3265/172/3265 3264/173/3264 3267/175/3267
f 3268/173/3268 3269/172/3269 3270/175/3270
f 3271/176/3271 3272/171/3272 3273/176/3273
f 3274/171/3274 3275/172/3275 3276/171/3276
f 3277/176/3277 3278/176/3278 3279/171/3279
f 3280/172/3280 3281/175/3281 3282/172/3282
f 3283/177/3283 3284/173/3284 3285/178/3285
f 3286/177/3286 3287/175/3287 3288/175/3288
f 3289/175/3289 3290/175/3290 3291/177/3291
f 3289/175/3289 3292/177/3292 3293/175/3293
f 3294/175/3294 3295/172/3295 3296/175/3296
f 3297/172/3297 3294/175/3294 3298/172/3298
f 3299/175/3299 3298/172/3298 3294/175/3294
f 3300/173/3300 3301/174/3301 3302/172/3302
f 3300/173/3300 3302/172/3302 3303/175/3303
f 3304/173/3304 3305/174/3305 3306/172/3306
f 3307/177/3307 3308/173/3308 3309/175/3309
f 3308/173/3308 3307/177/3307 3310/178/3310
f 3311/173/3311 3312/177/3312 3313/178/3313
# Vertices: 71, normals: 71, texture coordinates: 8, faces: 27

o obj8
v 0.60938573 -0.46730092 -0.14491594
v 0.57463044 -0.41116807 -0.07878546
v 0.57002103 -0.46701303 -0.13733903
v 0.43760091 -0.19511726 0.17955247
v 0.41036016 -0.27071992 0.14406702
v 0.44807833 -0.2485591 0.13113472
v 0.42298257 -0.3969582 0.18782723
v 0.44897759 -0.45261776 0.15074706
v 0.46864671 -0.4359628 0.1490908
v 0.53588396 -0.25352749 0.14004064
v 0.53231072 -0.20480207 0.08416961
v 0.53666413 -0.20390384 0.1043887
v 0.57128888 -0.24882801 0.15096284
v 0.52848923 -0.20651856 0.18208094
v 0.53588396 -0.25352749 0.14004064
v 0.43847299 -0.4764778 0.03182733
v 0.37261701 -0.42883229 0.10201277
v 0.36686593 -0.43563122 0.03129969
v 0.43544024 -0.46968976 0.12012401
v 0.36876845 -0.2226212 0.18182492
v 0.37784183 -0.29547784 0.13114773
v 0.41036016 -0.27071992 0.14406702
v 0.37784183 -0.29846445 -0.10005698
v 0.37626946 -0.30518645 0.0156515
v 0.30904573 -0.25001207 0.01493879
v 0.38475448 -0.15128072 0.14424132
v 0.43760091 -0.19511726 0.17955247
v 0.42606527 -0.14171262 0.13388886
v 0.48739243 -0.17353152 0.1320117
v 0.58100331 -0.40809003 0.11428487
v 0.64782912 -0.47657013 0.01786436
v 0.64845949 -0.47050014 0.13666686
v 0.64845949 -0.47357094 -0.10105531
v 0.64782912 -0.47657013 0.01786436
v 0.58100331 -0.41060343 -0.08029088
v 0.58397692 -0.40850282 0.0169851
v 0.54024738 -0.20532049 -0.08347468
v 0.6069755 -0.25613353 0.01501686
v 0.5454073 -0.20260204 0.01432537
v 0.36876845 -0.2226212 0.18182492
v 0.34444708 -0.14254266 0.13033028
v 0.31077355 -0.2402869 0.14038865
v 0.56534886 -0.40986621 0.23761413
v 0.60051632 -0.34381825 0.18097727
v 0.5613035 -0.3567498 0.17691597
v 0.48781598 -0.35628185 0.18433955
v 0.42267877 -0.32961598 0.14947221
v 0.42298257 -0.3969582 0.18782723
v 0.38475448 -0.15128072 0.14424132
v 0.41600567 -0.19626358 0.10629517
v 0.34444708 -0.14254266 0.13033028
v 0.55603021 -0.14265163 0.15108143
v 0.52848923 -0.20651856 0.18208094
v 0.58924311 -0.18806258 0.18350869
v 0.38119477 -0.33859232 0.03004619
v 0.47149551 -0.36625576 -0.05319144
v 0.38705564 -0.33419105 -0.07571949
v 0.4693042 -0.36873579 0.03043557
v 0.38119477 -0.33859232 0.03004619
v 0.38705564 -0.33198842 0.09479429
v 0.52156013 -0.15905397 0.14241157
v 0.53666413 -0.20390384 0.1043887
v 0.53231072 -0.20480207 0.08416961
v 0.55603021 -0.14265163 0.15108143
v 0.42298257 -0.3969582 0.18782723
v 0.40180165 -0.33061159 0.13681401
v 0.3947342 -0.41266754 0.16250803
v 0.42606527 -0.14171262 0.13388886
v 0.4278993 -0.19882199 0.09017587
v 0.38475448 -0.15128072 0.14424132
v 0.38119477 -0.33859232 0.03004619
v 0.37261701 -0.42883229 0.10201277
v 0.38705564 -0.33198842 0.09479429
v 0.37261701 -0.43121254 -0.08233085
v 0.36686593 -0.43563122 0.03129969
v 0.38119477 -0.33859232 0.03004619
v 0.5613035 -0.36089817 -0.14422724
v 0.51530707 -0.42052907 -0.10767896
v 0.56978428 -0.41089934 -0.0531798
v 0.5613035 -0.3567498 0.17691597
v 0.56978428 -0.40908611 0.08718948
v 0.51530707 -0.41730487 0.14191921
vn -0.09375 -0.8115 0.57678
vn 0.14096 -0.97738 -0.15765
vn 0.03939 -0.77167 0.63481
vn 0.64422 -0.43573 0.62858
vn 0.42278 -0.44859 0.78741
vn 0.52801 -0.453 0.71833
vn 0.5451 -0.22415 0.80785
vn 0.02056 -0.47826 0.87798
vn 0.31536 -0.50495 0.80348
vn 0.91491 -0.38339 -0.12628
vn 0.10288 -0.69093 -0.71556
vn 0.51835 -0.47306 -0.71242
vn -0.02251 -0.53499 0.84456
vn -0.28378 -0.65747 0.698
vn -0.16585 -0.61974 0.76708
vn -0.52264 -0.85216 0.02572
vn -0.54042 -0.80847 0.23309
vn -0.51944 -0.85435 0.0164
vn -0.53611 -0.77801 0.32756
vn 0.23668 -0.50673 0.82898
vn -0.29064 -0.62761 0.72224
vn 0.1272 -0.55011 0.82535
vn -0.69615 -0.54015 -0.47287
vn -0.63178 -0.77496 0.01735
vn -0.64533 -0.76379 0.01327
vn 0.00346 0.53551 0.84452
vn 0.23409 0.66074 0.71318
vn 0.12784 0.60846 0.78322
vn 0.3579 0.65028 0.6701
vn -0.48738 -0.86393 -0.12686
vn -0.68752 -0.72524 0.03651
vn -0.6423 -0.74437 -0.18266
vn -0.6423 -0.73941 0.20183
vn -0.70863 -0.70546 0.01333
vn -0.60672 -0.74313 0.28222
vn -0.70693 -0.70727 0.00476
vn -0.53497 -0.69706 0.4774
vn -0.6621 -0.74829 0.041
vn -0.62954 -0.77695 0.00479
vn -0.549 0.39688 0.73558
vn -0.83903 0.43718 0.32389
vn -0.87948 0.39891 0.25959
vn -0.52431 0.58187 0.62171
vn -0.05283 0.64892 0.75902
vn -0.49178 0.60129 0.62976
vn -0.25344 0.47102 0.84493
vn -0.44025 0.41683 0.79526
vn -0.43004 0.44252 0.78692
vn 0.05715 0.6875 -0.72393
vn -0.57191 0.71995 0.39318
vn 0.449 0.85631 -0.25521
vn 0.04612 0.59094 0.80539
vn -0.16291 0.48335 0.86013
vn 0.08924 0.60883 0.78826
vn 0.33691 0.94118 -0.02579
vn 0.31286 0.94589 0.08608
vn 0.3338 0.93865 0.08665
vn 0.26383 0.96097 -0.08324
vn 0.32647 0.94477 -0.0288
vn 0.32682 0.93597 -0.13098
vn 0.06425 0.6707 -0.73894
vn 0.15729 0.66027 -0.73437
vn 0.70047 0.6734 -0.23636
vn -0.4201 0.61888 -0.66371
vn -0.58538 0.42641 0.68957
vn -0.7209 0.23073 0.6535
vn -0.68842 0.28382 0.66748
vn -0.1186 0.67836 -0.72509
vn -0.33077 0.93471 -0.13006
vn -0.16524 0.65775 -0.73489
vn -0.99311 0.11719 0.00151
vn -0.96931 0.11838 0.21548
vn -0.95872 0.16231 0.23346
vn -0.94764 0.25478 -0.19255
vn -0.98814 0.15009 0.03231
vn -0.98538 0.16694 0.03394
vn -0.54756 0.65544 0.52017
vn -0.56199 0.7018 0.43776
vn -0.73865 0.52217 0.4263
vn -0.54756 0.64179 -0.53692
vn -0.73865 0.51099 -0.43964
vn -0.56199 0.69026 -0.45574
vt 0.375 0.25
vt 0.375 0
vt 0.375 0.5
vt 0.5 0.25
vt 0.5 0.5
vt 0.375 0.75
vt 0.5 0
vt 0.375 1
vt 0.5 0.75
vt 0.5 1
usemtl mat1
f 3314/179/3314 3315/180/3315 3316/179/3316
f 3317/181/3317 3318/179/3318 3319/179/3319
f 3320/181/3320 3321/179/3321 3322/179/3322
f 3323/179/3323 3324/180/3324 3325/180/3325
f 3326/179/3326 3327/181/3327 3328/179/3328
f 3329/182/3329 3330/181/3330 3331/183/3331
f 3330/181/3330 3329/182/3329 3332/179/3332
f 3333/181/3333 3334/179/3334 3335/179/3335
f 3336/179/3336 3337/182/3337 3338/183/3338
f 3339/184/3339 3340/181/3340 3341/184/3341
f 3340/181/3340 3342/181/3342 3341/184/3341
f 3343/180/3343 3344/182/3344 3345/179/3345
f 3346/179/3346 3347/182/3347 3348/180/3348
f 3348/180/3348 3347/182/3347 3349/185/3349
f 3350/180/3350 3351/182/3351 3352/185/3352
f 3353/181/3353 3354/184/3354 3355/181/3355
f 3356/181/3356 3357/184/3357 3358/184/3358
f 3359/181/3359 3360/184/3360 3361/181/3361
f 3362/184/3362 3363/186/3363 3364/184/3364
f 3365/184/3365 3366/181/3366 3367/181/3367
f 3368/187/3368 3369/186/3369 3370/184/3370
f 3371/188/3371 3372/187/3372 3373/184/3373
f 3374/184/3374 3375/186/3375 3376/186/3376
f 3375/186/3375 3374/184/3374 3377/184/3377
f 3378/181/3378 3379/184/3379 3380/181/3380
f 3381/184/3381 3382/186/3382 3383/184/3383
f 3384/187/3384 3385/181/3385 3386/184/3386
f 3387/181/3387 3388/183/3388 3389/187/3389
f 3390/184/3390 3391/184/3391 3392/186/3392
f 3393/184/3393 3394/186/3394 3395/184/3395
# Vertices: 82, normals: 82, texture coordinates: 10, faces: 30

o obj9
v 0.68611497 -0.39567056 -0.10795607
v 0.69287151 -0.39266515 0.01678051
v 0.64845949 -0.47357094 -0.10105531
v 0.47195333 -0.36519158 -0.0665793
v 0.43544024 -0.47259751 -0.10497721
v 0.44897759 -0.45619583 -0.12624483
v 0.63382125 -0.17922045 -0.10462256
v 0.60472786 -0.25384292 -0.10293956
v 0.58924311 -0.19243753 -0.15517506
v 0.60938573 -0.46309927 0.18035191
v 0.68611497 -0.39244848 0.14155413
v 0.63369215 -0.39861491 0.22796498
v 0.56534886 -0.41556472 -0.20353308
v 0.60938573 -0.46730092 -0.14491594
v 0.57002103 -0.46701303 -0.13733903
v 0.42298329 -0.401375 -0.15409425
v 0.46864671 -0.43936598 -0.11436522
v 0.44897759 -0.45619583 -0.12624483
v 0.3947342 -0.41652173 -0.13586208
v 0.44897759 -0.45619583 -0.12624483
v 0.43544024 -0.47259751 -0.10497721
v 0.52848852 -0.21085049 -0.15327208
v 0.58924311 -0.19243753 -0.15517506
v 0.57128888 -0.25234199 -0.12107046
v 0.58802015 -0.11950697 0.01325198
v 0.63382125 -0.17922045 -0.10462256
v 0.57945877 -0.12353559 -0.09988141
v 0.64234906 -0.17528433 0.01397249
v 0.68611497 -0.39567056 -0.10795607
v 0.63716704 -0.32318994 0.01588306
v 0.69287151 -0.39266515 0.01678051
v 0.41600567 -0.19626358 0.10629517
v 0.34262156 -0.15201324 0.01367289
v 0.34444708 -0.14254266 0.13033028
v 0.34444708 -0.14254266 0.13033028
v 0.36876845 -0.2226212 0.18182492
v 0.38475448 -0.15128072 0.14424132
v 0.36876845 -0.22694114 -0.15259919
v 0.34444708 -0.14555916 -0.10319023
v 0.38475448 -0.15465361 -0.1168689
v 0.31077355 -0.24353059 -0.11072043
v 0.60051632 -0.34807587 -0.14862122
v 0.56534886 -0.41556472 -0.20353308
v 0.5613035 -0.36089817 -0.14422724
v 0.63369215 -0.40406796 -0.19417779
v 0.48781598 -0.36062214 -0.15166041
v 0.46227807 -0.31518656 -0.10653852
v 0.53448421 -0.32836598 -0.10857846
v 0.52848923 -0.20651856 0.18208094
v 0.55603021 -0.14265163 0.15108143
v 0.52156013 -0.15905397 0.14241157
v 0.55603021 -0.14620413 -0.12393163
v 0.52848852 -0.21085049 -0.15327208
v 0.52156013 -0.16237704 -0.11484097
v 0.40180165 -0.33381557 -0.1112193
v 0.42298329 -0.401375 -0.15409425
v 0.3947342 -0.41652173 -0.13586208
v 0.37261701 -0.43121254 -0.08233085
v 0.42267877 -0.32961598 0.14947221
v 0.47195333 -0.36309114 0.09602512
v 0.40180165 -0.33061159 0.13681401
v 0.46227807 -0.31202698 0.13805906
v 0.47854298 -0.36188143 0.09398334
v 0.42267877 -0.32961598 0.14947221
v 0.53666413 -0.20390384 0.1043887
v 0.55603021 -0.14265163 0.15108143
v 0.57945877 -0.12061189 0.1264537
vn 0.82773 -0.49597 -0.26244
vn 0.89156 -0.45283 -0.00882
vn 0.77998 -0.54853 -0.30124
vn 0.80629 -0.56177 0.18523
vn 0.93829 -0.34118 0.05665
vn 0.91438 -0.37211 0.15952
vn 0.87304 -0.4358 -0.21881
vn 0.87144 -0.41353 -0.2638
vn 0.64169 -0.45248 -0.61928
vn 0.47201 -0.77049 0.42843
vn 0.75071 -0.65882 0.04886
vn 0.51204 -0.59471 0.61979
vn -0.35977 -0.71921 -0.59439
vn 0.06834 -0.66977 -0.73942
vn -0.30067 -0.72904 -0.6149
vn 0.72314 -0.00142 -0.6907
vn 0.40299 -0.46899 -0.78591
vn 0.16334 -0.30043 -0.93971
vn -0.18887 -0.46406 -0.86543
vn -0.18936 -0.54907 -0.81405
vn -0.54991 -0.68483 -0.47813
vn 0.02457 -0.61365 -0.78919
vn 0.37205 -0.49218 -0.78698
vn 0.3376 -0.49081 -0.8032
vn 0.71365 0.7005 0.00158
vn 0.63498 0.69005 -0.34732
vn 0.59449 0.67236 -0.44105
vn 0.71357 0.70058 0.00115
vn 0.64661 0.73433 -0.20652
vn 0.77159 0.63612 0.00183
vn 0.77804 0.62822 0.00141
vn 0.21074 0.92553 -0.31462
vn 0.58235 0.81283 -0.01323
vn 0.49601 0.82388 -0.27422
vn -0.63171 0.3437 0.69485
vn -0.06553 0.52682 0.84745
vn -0.24835 0.48941 0.83594
vn -0.41092 0.4141 -0.8122
vn -0.76888 0.42845 -0.47461
vn -0.24836 0.46765 -0.84831
vn -0.87949 0.39206 -0.26981
vn 0.12433 0.70174 -0.7015
vn -0.35787 0.61871 -0.69937
vn -0.49178 0.58482 -0.64509
vn 0.24187 0.69433 -0.6778
vn 0.10666 0.73233 -0.67255
vn 0.18116 0.66584 -0.72377
vn 0.11457 0.73169 -0.67194
vn -0.42981 0.54041 0.72333
vn -0.23125 0.49016 0.8404
vn -0.36117 0.54296 0.75813
vn -0.2313 0.46831 -0.85275
vn -0.42982 0.52154 -0.73705
vn -0.36117 0.5232 -0.77189
vn -0.83751 0.17837 -0.51648
vn -0.51422 0.41067 -0.75295
vn -0.78102 0.2594 -0.56809
vn -0.96902 0.21606 -0.11964
vn -0.02253 0.81466 -0.5795
vn -0.23446 0.97185 0.02314
vn 0.23402 0.94144 -0.24275
vn -0.31257 0.65113 -0.69161
vn -0.55732 0.82379 0.10374
vn -0.21388 0.80543 -0.55276
vn -0.17493 0.71733 -0.67442
vn -0.52965 0.58805 -0.61128
vn -0.85926 0.48182 -0.17183
vt 0.375 0.5
vt 0.5 0.5
vt 0.375 0.25
vt 0.375 0
vt 0.5 0.75
vt 0.375 0.75
vt 0.375 1
usemtl mat1
f 3396/189/3396 3397/190/3397 3398/191/3398
f 3399/192/3399 3400/191/3400 3401/191/3401
f 3402/189/3402 3403/191/3403 3404/189/3404
f 3405/191/3405 3406/189/3406 3407/189/3407
f 3408/189/3408 3409/191/3409 3410/191/3410
f 3411/189/3411 3412/191/3412 3413/191/3413
f 3414/189/3414 3415/191/3415 3416/191/3416
f 3417/189/3417 3418/189/3418 3419/191/3419
f 3420/193/3420 3421/189/3421 3422/194/3422
f 3421/189/3421 3420/193/3420 3423/190/3423
f 3424/189/3424 3425/193/3425 3426/190/3426
f 3427/195/3427 3428/193/3428 3429/194/3429
f 3430/194/3430 3431/189/3431 3432/194/3432
f 3433/189/3433 3434/194/3434 3435/194/3435
f 3434/194/3434 3433/189/3433 3436/189/3436
f 3437/194/3437 3438/189/3438 3439/194/3439
f 3438/189/3438 3437/194/3437 3440/189/3440
f 3441/189/3441 3442/194/3442 3443/189/3443
f 3444/189/3444 3445/194/3445 3446/194/3446
f 3447/194/3447 3448/189/3448 3449/194/3449
f 3450/194/3450 3451/189/3451 3452/189/3452
f 3453/189/3453 3450/194/3450 3452/189/3452
f 3454/194/3454 3455/195/3455 3456/194/3456
f 3457/194/3457 3458/195/3458 3459/194/3459
f 3460/195/3460 3461/194/3461 3462/194/3462
# Vertices: 67, normals: 67, texture coordinates: 7, faces: 25

o obj10
v 0.69287151 -0.39266515 0.01678051
v 0.64845949 -0.47050014 0.13666686
v 0.64782912 -0.47657013 0.01786436
v 0.64845949 -0.47357094 -0.10105531
v 0.69287151 -0.39266515 0.01678051
v 0.64782912 -0.47657013 0.01786436
v 0.60472709 -0.25079778 0.13287677
v 0.64234906 -0.17528433 0.01397249
v 0.63382125 -0.17615575 0.13262963
v 0.63382125 -0.17922045 -0.10462256
v 0.64234906 -0.17528433 0.01397249
v 0.60472786 -0.25384292 -0.10293956
v 0.6069755 -0.25613353 0.01501686
v 0.43847299 -0.4764778 0.03182733
v 0.4693042 -0.36873579 0.03043557
v 0.47149551 -0.36455545 0.07843758
v 0.43544024 -0.46968976 0.12012401
v 0.47195333 -0.36309114 0.09602512
v 0.44897759 -0.45261776 0.15074706
v 0.50344193 -0.40982303 -0.10526605
v 0.48781598 -0.36062214 -0.15166041
v 0.53448421 -0.32836598 -0.10857846
v 0.60472786 -0.25384292 -0.10293956
v 0.57128888 -0.25234199 -0.12107046
v 0.58924311 -0.19243753 -0.15517506
v 0.37784183 -0.29846445 -0.10005698
v 0.41600567 -0.19864132 -0.07777447
v 0.37626946 -0.30518645 0.0156515
v 0.68611497 -0.39567056 -0.10795607
v 0.60938573 -0.46730092 -0.14491594
v 0.63369215 -0.40406796 -0.19417779
v 0.56534886 -0.41556472 -0.20353308
v 0.60938573 -0.46730092 -0.14491594
v 0.48285788 -0.35864541 0.06980652
v 0.53448421 -0.3251493 0.14043877
v 0.50344193 -0.4066647 0.13923255
v 0.57002103 -0.46300718 0.1727711
v 0.56978428 -0.40908611 0.08718948
v 0.57463044 -0.40869334 0.11279455
v 0.44897759 -0.45619583 -0.12624483
v 0.3947342 -0.41652173 -0.13586208
v 0.42298329 -0.401375 -0.15409425
v 0.46864671 -0.4359628 0.1490908
v 0.47854298 -0.36188143 0.09398334
v 0.50344193 -0.4066647 0.13923255
v 0.48285788 -0.35864541 0.06980652
v 0.37261701 -0.43121254 -0.08233085
v 0.43847299 -0.4764778 0.03182733
v 0.36686593 -0.43563122 0.03129969
v 0.37784183 -0.29846445 -0.10005698
v 0.31077355 -0.24353059 -0.11072043
v 0.36876845 -0.22694114 -0.15259919
v 0.58924311 -0.19243753 -0.15517506
v 0.57945877 -0.12353559 -0.09988141
v 0.63382125 -0.17922045 -0.10462256
v 0.56978428 -0.41089934 -0.0531798
v 0.51530707 -0.42052907 -0.10767896
v 0.57002103 -0.46701303 -0.13733903
v 0.60938573 -0.46309927 0.18035191
v 0.57463044 -0.40869334 0.11279455
v 0.58100331 -0.40809003 0.11428487
v 0.38475448 -0.15465361 -0.1168689
v 0.43760091 -0.19938767 -0.15103793
v 0.36876845 -0.22694114 -0.15259919
v 0.64782912 -0.47657013 0.01786436
v 0.58100331 -0.40809003 0.11428487
v 0.58397692 -0.40850282 0.0169851
v 0.52848852 -0.21085049 -0.15327208
v 0.55603021 -0.14620413 -0.12393163
v 0.58924311 -0.19243753 -0.15517506
v 0.42298329 -0.401375 -0.15409425
v 0.40180165 -0.33381557 -0.1112193
v 0.42267877 -0.3330645 -0.1174915
v 0.54024738 -0.20532049 -0.08347468
v 0.57945877 -0.12353559 -0.09988141
v 0.55603021 -0.14620413 -0.12393163
vn 0.8854 -0.46465 -0.01295
vn 0.88713 -0.34856 0.3025
vn 0.89154 -0.45293 0.00221
vn 0.88714 -0.35625 -0.29339
vn 0.8854 -0.46416 0.02495
vn 0.89154 -0.45284 0.00949
vn 0.75879 -0.47523 0.44542
vn 0.92046 -0.39042 0.01809
vn 0.84833 -0.40603 0.33981
vn 0.84833 -0.41469 -0.3292
vn 0.9234 -0.38339 0.01854
vn 0.78944 -0.41073 -0.45616
vn 0.92524 -0.37912 0.01418
vn 0.95687 -0.28499 -0.05641
vn 0.95347 -0.30091 0.01896
vn 0.94913 -0.30142 -0.09114
vn 0.94439 -0.32732 -0.0314
vn 0.55753 -0.83015 -0.00442
vn 0.81426 -0.45248 -0.36365
vn 0.59219 -0.40206 -0.69832
vn 0.6034 -0.39545 -0.69248
vn 0.75168 -0.31013 -0.58206
vn 0.68145 -0.40489 -0.60966
vn 0.32876 -0.53485 -0.77837
vn 0.20387 -0.56363 -0.80048
vn 0.92854 -0.37013 -0.02845
vn 0.93456 -0.35576 -0.0047
vn 0.93993 -0.34045 0.0252
vn 0.75071 -0.65987 -0.03182
vn 0.47197 -0.78132 -0.40838
vn 0.47036 -0.62513 -0.62288
vn -0.006 -0.75034 -0.66102
vn 0.45307 -0.62117 -0.63943
vn 0.5858 -0.5182 -0.62314
vn 0.8316 -0.30987 -0.46089
vn 0.47874 -0.58362 -0.65589
vn 0.93593 -0.34048 -0.09003
vn 0.07082 -0.80992 -0.58225
vn 0.33452 -0.68791 -0.64411
vn -0.42875 -0.78331 -0.4501
vn -0.31016 -0.62766 -0.71403
vn -0.03486 -0.57115 -0.8201
vn 0.30672 -0.48831 -0.81699
vn -0.28444 -0.66188 -0.69355
vn 0.41319 -0.59003 -0.69364
vn 0.3235 -0.65378 -0.68404
vn -0.36927 -0.90328 -0.21847
vn -0.489 -0.87226 0.00671
vn -0.52009 -0.85362 0.02917
vn -0.47005 -0.7892 -0.39525
vn -0.50519 -0.79631 -0.33269
vn -0.22558 -0.64088 -0.73375
vn 0.34896 0.63992 -0.68464
vn 0.63658 0.70287 -0.31741
vn 0.6282 0.71842 -0.29873
vn -0.15311 -0.78391 0.6017
vn -0.37699 -0.77112 0.51309
vn 0.00887 -0.78771 0.61598
vn 0.19976 -0.44924 -0.87079
vn 0.1855 -0.78053 -0.59696
vn -0.41076 -0.80907 -0.42034
vn -0.30518 0.40273 -0.86294
vn -0.16854 0.45887 -0.87237
vn -0.3005 0.41903 -0.8568
vn -0.72801 -0.68515 -0.02395
vn -0.66225 -0.68418 -0.30548
vn -0.70693 -0.70715 0.01351
vn -0.16291 0.46097 -0.87233
vn 0.0461 0.56993 -0.8204
vn 0.08921 0.58827 -0.80373
vn -0.10173 0.49685 -0.86185
vn -0.24988 0.41995 -0.87247
vn -0.33093 0.46031 -0.82377
vn -0.82742 0.49952 0.25664
vn -0.85713 0.49343 0.14787
vn -0.53074 0.60974 0.58867
vt 0.5 0.5
vt 0.375 0.25
vt 0.5 0.25
vt 0.375 0.5
vt 0.5 0
vt 0.375 0
vt 0.375 0.75
vt 0.375 1
usemtl mat1
f 3463/196/3463 3464/197/3464 3465/198/3465
f 3466/197/3466 3467/196/3467 3468/198/3468
f 3469/197/3469 3470/196/3470 3471/199/3471
f 3472/199/3472 3473/196/3473 3474/197/3474
f 3474/197/3474 3473/196/3473 3475/198/3475
f 3476/198/3476 3477/200/3477 3478/201/3478
f 3479/197/3479 3480/201/3480 3481/197/3481
f 3482/197/3482 3483/199/3483 3484/197/3484
f 3485/197/3485 3486/197/3486 3487/199/3487
f 3488/197/3488 3489/201/3489 3490/198/3490
f 3491/199/3491 3492/197/3492 3493/199/3493
f 3494/199/3494 3493/199/3493 3495/197/3495
f 3496/201/3496 3497/201/3497 3498/197/3498
f 3499/197/3499 3500/201/3500 3501/201/3501
f 3502/197/3502 3503/199/3503 3504/199/3504
f 3505/197/3505 3506/201/3506 3507/197/3507
f 3508/201/3508 3507/197/3507 3506/201/3506
f 3509/199/3509 3510/198/3510 3511/196/3511
f 3512/197/3512 3513/199/3513 3514/199/3514
f 3515/199/3515 3516/202/3516 3517/199/3517
f 3518/201/3518 3519/201/3519 3520/197/3520
f 3521/197/3521 3522/201/3522 3523/201/3523
f 3524/202/3524 3525/199/3525 3526/199/3526
f 3527/198/3527 3528/201/3528 3529/200/3529
f 3530/199/3530 3531/202/3531 3532/199/3532
f 3533/199/3533 3534/202/3534 3535/202/3535
f 3536/203/3536 3537/202/3537 3538/202/3538
# Vertices: 76, normals: 76, texture coordinates: 8, faces: 27

o obj11
v 0.37626946 -0.30518645 0.0156515
v 0.41806579 -0.2039559 0.01434386
v 0.41600567 -0.19626358 0.10629517
v 0.36876845 -0.22694114 -0.15259919
v 0.43760091 -0.19938767 -0.15103793
v 0.41036016 -0.27404848 -0.11361146
v 0.36876845 -0.2226212 0.18182492
v 0.31077355 -0.2402869 0.14038865
v 0.37784183 -0.29547784 0.13114773
v 0.37784183 -0.29547784 0.13114773
v 0.41600567 -0.19626358 0.10629517
v 0.41036016 -0.27071992 0.14406702
v 0.43760091 -0.19511726 0.17955247
v 0.38475448 -0.15128072 0.14424132
v 0.36876845 -0.2226212 0.18182492
v 0.53231072 -0.20480207 0.08416961
v 0.53588396 -0.25352749 0.14004064
v 0.48387402 -0.21867126 0.13836126
v 0.42267877 -0.32961598 0.14947221
v 0.48781598 -0.35628185 0.18433955
v 0.46227807 -0.31202698 0.13805906
v 0.41600567 -0.19626358 0.10629517
v 0.38475448 -0.15128072 0.14424132
v 0.4278993 -0.19882199 0.09017587
v 0.34444708 -0.14555916 -0.10319023
v 0.31077355 -0.24353059 -0.11072043
v 0.34262156 -0.15201324 0.01367289
vn 0.92023 -0.391 0.01736
vn 0.93129 -0.36414 -0.01026
vn 0.92424 -0.37851 0.05015
vn 0.0498 -0.57889 -0.81388
vn 0.34554 -0.52712 -0.77637
vn 0.0588 -0.54389 -0.83709
vn -0.22558 -0.62172 0.75006
vn -0.5052 -0.78744 0.35315
vn -0.47004 -0.77873 0.4155
vn 0.26369 -0.47355 -0.84037
vn 0.3435 -0.9158 -0.2081
vn 0.27502 -0.54793 -0.79002
vn -0.16843 0.48131 0.86022
vn -0.30518 0.42489 0.85225
vn -0.3005 0.44103 0.84569
vn -0.116 -0.68591 -0.71838
vn 0.03026 -0.68467 -0.72822
vn -0.44349 -0.68934 -0.57282
vn -0.18065 0.54029 0.82186
vn -0.10642 0.6866 0.71921
vn -0.16556 0.62174 0.76552
vn 0.2324 0.78244 -0.57774
vn -0.60239 -0.2832 -0.74627
vn -0.47835 0.55828 -0.67786
vn -0.75956 0.37487 -0.53155
vn -0.86893 0.29064 -0.40062
vn -0.94566 0.32507 -0.00704
vt 0.5 0.25
vt 0.5 0
vt 0.375 0
vt 0.375 0.5
vt 0.375 0.25
vt 0.375 0.75
vt 0.375 1
vt 0.5 0.75
usemtl mat1
f 3539/204/3539 3540/205/3540 3541/206/3541
f 3542/207/3542 3543/207/3543 3544/208/3544
f 3545/207/3545 3546/207/3546 3547/208/3547
f 3548/208/3548 3549/206/3549 3550/208/3550
f 3551/207/3551 3552/209/3552 3553/207/3553
f 3554/206/3554 3555/208/3555 3556/206/3556
f 3557/209/3557 3558/207/3558 3559/209/3559
f 3560/210/3560 3561/209/3561 3562/210/3562
f 3563/209/3563 3564/207/3564 3565/211/3565
# Vertices: 27, normals: 27, texture coordinates: 8, faces: 9

o obj12
v 0.64234906 -0.17528433 0.01397249
v 0.60472709 -0.25079778 0.13287677
v 0.6069755 -0.25613353 0.01501686
v 0.37626946 -0.30518645 0.0156515
v 0.41600567 -0.19626358 0.10629517
v 0.37784183 -0.29547784 0.13114773
v 0.56978428 -0.41089934 -0.0531798
v 0.57002103 -0.46701303 -0.13733903
v 0.57463044 -0.41116807 -0.07878546
v 0.46864671 -0.43936598 -0.11436522
v 0.48781598 -0.36062214 -0.15166041
v 0.50344193 -0.40982303 -0.10526605
v 0.37261701 -0.42883229 0.10201277
v 0.43544024 -0.46968976 0.12012401
v 0.3947342 -0.41266754 0.16250803
v 0.57128888 -0.25234199 -0.12107046
v 0.53666413 -0.20622979 -0.07567228
v 0.53588396 -0.2567578 -0.1100325
v 0.46864671 -0.43936598 -0.11436522
v 0.47195333 -0.36519158 -0.0665793
v 0.44897759 -0.45619583 -0.12624483
v 0.57945877 -0.12353559 -0.09988141
v 0.58924311 -0.19243753 -0.15517506
v 0.55603021 -0.14620413 -0.12393163
v 0.56978428 -0.40908611 0.08718948
v 0.57002103 -0.46300718 0.1727711
v 0.51530707 -0.41730487 0.14191921
v 0.41036016 -0.27404848 -0.11361146
v 0.41600567 -0.19864132 -0.07777447
v 0.37784183 -0.29846445 -0.10005698
v 0.41036016 -0.27071992 0.14406702
v 0.41600567 -0.19626358 0.10629517
v 0.4278993 -0.19882199 0.09017587
v 0.53588396 -0.2567578 -0.1100325
v 0.48387402 -0.22186983 -0.10925306
v 0.52848852 -0.21085049 -0.15327208
v 0.60472786 -0.25384292 -0.10293956
v 0.54024738 -0.20532049 -0.08347468
v 0.57128888 -0.25234199 -0.12107046
v 0.60472786 -0.25384292 -0.10293956
v 0.6069755 -0.25613353 0.01501686
v 0.54024738 -0.20532049 -0.08347468
v 0.56534886 -0.41556472 -0.20353308
v 0.51530707 -0.42052907 -0.10767896
v 0.5613035 -0.36089817 -0.14422724
v 0.42267877 -0.3330645 -0.1174915
v 0.48781598 -0.36062214 -0.15166041
v 0.42298329 -0.401375 -0.15409425
v 0.52156013 -0.15905397 0.14241157
v 0.53231072 -0.20480207 0.08416961
v 0.48387402 -0.21867126 0.13836126
v 0.38705564 -0.33419105 -0.07571949
v 0.37261701 -0.43121254 -0.08233085
v 0.38119477 -0.33859232 0.03004619
v 0.60051632 -0.34807587 -0.14862122
v 0.58100331 -0.41060343 -0.08029088
v 0.6303606 -0.32627526 -0.10164489
v 0.57463044 -0.41116807 -0.07878546
v 0.57463044 -0.40869334 0.11279455
v 0.60051632 -0.34381825 0.18097727
v 0.58100331 -0.40809003 0.11428487
v 0.56978428 -0.40908611 0.08718948
v 0.5613035 -0.3567498 0.17691597
v 0.58802015 -0.11950697 0.01325198
v 0.54024738 -0.20279332 0.11216499
v 0.57945877 -0.12061189 0.1264537
v 0.5454073 -0.20260204 0.01432537
v 0.63716704 -0.32318994 0.01588306
v 0.58100331 -0.40809003 0.11428487
v 0.6303606 -0.32323939 0.13345151
v 0.58397692 -0.40850282 0.0169851
vn 0.92149 -0.38799 -0.01756
vn 0.88819 -0.19529 0.4159
vn 0.92524 -0.37936 -0.00438
vn 0.93993 -0.34098 -0.0164
vn 0.93456 -0.35552 0.01389
vn 0.92854 -0.36928 0.038
vn 0.07081 -0.79462 0.60296
vn 0.93593 -0.33805 0.09881
vn 0.33451 -0.67102 0.66169
vn 0.57166 -0.38122 -0.72655
vn 0.67251 -0.37012 -0.6409
vn 0.5782 -0.40477 -0.70841
vn -0.53413 -0.81767 0.21478
vn -0.54444 -0.81387 0.20298
vn -0.4019 -0.74403 0.53376
vn 0.1193 -0.65991 0.74181
vn 0.29852 -0.94197 0.15355
vn 0.09158 -0.63613 0.76613
vn -0.1514 -0.58358 0.79782
vn -0.06134 -0.72113 0.69008
vn -0.14406 -0.53904 0.82987
vn 0.48089 0.6252 -0.61471
vn -0.01028 0.55515 -0.83169
vn 0.0748 0.58296 -0.80905
vn -0.15311 -0.79918 -0.58127
vn 0.00888 -0.80337 -0.59541
vn -0.37698 -0.78412 -0.49299
vn 0.27503 -0.52736 0.8039
vn 0.34349 -0.91013 0.23169
vn 0.26369 -0.4517 0.85231
vn -0.72501 0.10069 -0.68134
vn -0.15646 -0.41644 -0.8956
vn -0.22418 -0.59242 -0.77381
vn -0.24313 -0.63695 -0.73156
vn -0.44574 -0.65076 -0.61467
vn -0.25459 -0.62437 -0.73847
vn -0.47248 -0.84774 0.24104
vn -0.4415 -0.79361 0.41864
vn -0.06985 -0.65255 0.75452
vn -0.53742 -0.79805 0.27259
vn -0.59969 -0.79997 -0.02048
vn -0.27974 -0.92036 0.27328
vn -0.49792 0.57281 -0.65112
vn -0.82612 0.38512 -0.41134
vn -0.56025 0.55675 -0.61331
vn -0.37679 0.38584 -0.84211
vn -0.25346 0.44903 -0.85681
vn -0.35565 0.43286 -0.82834
vn -0.69715 0.43987 -0.56612
vn -0.83411 0.2501 -0.49164
vn -0.7104 0.4838 -0.51114
vn -0.95348 0.16387 -0.25304
vn -0.96476 0.1213 -0.23349
vn -0.99406 0.10694 0.01999
vn -0.5146 0.714 0.47475
vn -0.71196 0.64244 0.28354
vn -0.81758 0.56296 0.12099
vn -0.09949 0.81385 0.5725
vn 0.05578 0.77106 -0.63431
vn 0.14889 0.39608 -0.90606
vn -0.64779 0.64193 -0.41022
vn 0.74559 0.65082 -0.14329
vn 0.89464 0.3753 -0.24242
vn -0.89318 0.44961 0.0086
vn -0.80752 0.48236 -0.33947
vn -0.85005 0.474 -0.22965
vn -0.89444 0.44715 0.00561
vn -0.85355 0.52101 0.00228
vn -0.79846 0.55198 -0.24036
vn -0.81783 0.54558 -0.18299
vn -0.85488 0.51882 -0.00138
vt 0.5 0.5
vt 0.375 0.25
vt 0.5 0.25
vt 0.375 0
vt 0.375 0.5
vt 0.375 0.75
vt 0.375 1
vt 0.5 0.75
vt 0.5 1
usemtl mat1
f 3566/212/3566 3567/213/3567 3568/214/3568
f 3569/214/3569 3570/215/3570 3571/213/3571
f 3572/215/3572 3573/213/3573 3574/215/3574
f 3575/213/3575 3576/216/3576 3577/213/3577
f 3578/216/3578 3579/213/3579 3580/216/3580
f 3581/213/3581 3582/215/3582 3583/213/3583
f 3584/213/3584 3585/215/3585 3586/213/3586
f 3587/217/3587 3588/216/3588 3589/217/3589
f 3590/215/3590 3591/213/3591 3592/215/3592
f 3593/213/3593 3594/215/3594 3595/213/3595
f 3596/213/3596 3597/215/3597 3598/215/3598
f 3599/213/3599 3600/213/3600 3601/216/3601
f 3602/213/3602 3603/215/3603 3604/213/3604
f 3605/213/3605 3606/214/3606 3607/215/3607
f 3608/216/3608 3609/216/3609 3610/217/3610
f 3611/217/3611 3612/216/3612 3613/216/3613
f 3614/217/3614 3615/218/3615 3616/217/3616
f 3617/217/3617 3618/216/3618 3619/219/3619
f 3620/217/3620 3621/218/3621 3622/217/3622
f 3621/218/3621 3620/217/3620 3623/218/3623
f 3624/218/3624 3625/217/3625 3626/218/3626
f 3627/218/3627 3628/217/3628 3624/218/3624
f 3629/219/3629 3630/218/3630 3631/217/3631
f 3630/218/3630 3629/219/3629 3632/220/3632
f 3633/219/3633 3634/218/3634 3635/217/3635
f 3634/218/3634 3633/219/3633 3636/220/3636
# Vertices: 71, normals: 71, texture coordinates: 9, faces: 26

o obj13
v 0.47149551 -0.36625576 -0.05319144
v 0.4693042 -0.36873579 0.03043557
v 0.43847299 -0.4764778 0.03182733
v 0.58924311 -0.18806258 0.18350869
v 0.57128888 -0.24882801 0.15096284
v 0.60472709 -0.25079778 0.13287677
v 0.41600567 -0.19864132 -0.07777447
v 0.41806579 -0.2039559 0.01434386
v 0.37626946 -0.30518645 0.0156515
v 0.60938573 -0.46730092 -0.14491594
v 0.68611497 -0.39567056 -0.10795607
v 0.64845949 -0.47357094 -0.10105531
v 0.48781598 -0.35628185 0.18433955
v 0.42298257 -0.3969582 0.18782723
v 0.46864671 -0.4359628 0.1490908
v 0.43544024 -0.46968976 0.12012401
v 0.44897759 -0.45261776 0.15074706
v 0.3947342 -0.41266754 0.16250803
v 0.53666413 -0.20390384 0.1043887
v 0.57128888 -0.24882801 0.15096284
v 0.53588396 -0.25352749 0.14004064
v 0.63382125 -0.17615575 0.13262963
v 0.58802015 -0.11950697 0.01325198
v 0.57945877 -0.12061189 0.1264537
v 0.44897759 -0.45261776 0.15074706
v 0.47195333 -0.36309114 0.09602512
v 0.46864671 -0.4359628 0.1490908
v 0.58924311 -0.18806258 0.18350869
v 0.57945877 -0.12061189 0.1264537
v 0.55603021 -0.14265163 0.15108143
v 0.30904573 -0.25001207 0.01493879
v 0.37626946 -0.30518645 0.0156515
v 0.37784183 -0.29547784 0.13114773
v 0.31077355 -0.2402869 0.14038865
v 0.41036016 -0.27071992 0.14406702
v 0.4278993 -0.19882199 0.09017587
v 0.44807833 -0.2485591 0.13113472
v 0.6069755 -0.25613353 0.01501686
v 0.54024738 -0.20279332 0.11216499
v 0.5454073 -0.20260204 0.01432537
v 0.60472709 -0.25079778 0.13287677
v 0.6303606 -0.32323939 0.13345151
v 0.63369215 -0.39861491 0.22796498
v 0.68611497 -0.39244848 0.14155413
v 0.4278993 -0.20078251 -0.06159547
v 0.38475448 -0.15465361 -0.1168689
v 0.41600567 -0.19864132 -0.07777447
v 0.34444708 -0.14555916 -0.10319023
v 0.52848923 -0.20651856 0.18208094
v 0.52156013 -0.15905397 0.14241157
v 0.48387402 -0.21867126 0.13836126
v 0.52848852 -0.21085049 -0.15327208
v 0.48387402 -0.22186983 -0.10925306
v 0.52156013 -0.16237704 -0.11484097
v 0.4693042 -0.36873579 0.03043557
v 0.38705564 -0.33198842 0.09479429
v 0.47149551 -0.36455545 0.07843758
v 0.47854298 -0.36388588 -0.06118872
v 0.46227807 -0.31518656 -0.10653852
v 0.42267877 -0.3330645 -0.1174915
v 0.31077355 -0.24353059 -0.11072043
v 0.30904573 -0.25001207 0.01493879
v 0.34262156 -0.15201324 0.01367289
v 0.60051632 -0.34381825 0.18097727
v 0.57463044 -0.40869334 0.11279455
v 0.5613035 -0.3567498 0.17691597
vn 0.94808 -0.29595 0.11642
vn 0.95363 -0.30091 0.00606
vn 0.95836 -0.28238 0.04239
vn 0.20386 -0.54276 0.81477
vn 0.32875 -0.51456 0.79193
vn 0.68145 -0.38902 0.61991
vn 0.92424 -0.37968 -0.04035
vn 0.93129 -0.36375 0.01966
vn 0.92023 -0.39132 -0.00725
vn 0.4054 -0.35827 -0.84101
vn 0.87451 -0.33088 -0.35461
vn 0.81526 -0.53584 -0.21961
vn 0.45344 -0.44897 0.76995
vn 0.18864 -0.52462 0.83017
vn 0.20522 -0.49183 0.84616
vn -0.54861 -0.73144 0.40499
vn -0.28275 -0.65455 0.70115
vn -0.28379 -0.61408 0.73646
vn 0.29854 -0.94562 -0.12914
vn 0.1193 -0.67885 -0.72452
vn 0.09158 -0.6557 -0.74944
vn 0.66788 0.66429 0.33565
vn 0.744 0.66818 -0.00066
vn 0.59448 0.68353 0.42353
vn 0.81114 -0.4481 -0.37585
vn 0.24825 -0.95592 -0.15678
vn 0.29561 -0.61834 -0.72819
vn -0.01028 0.57645 0.81707
vn 0.48089 0.64088 0.59834
vn 0.0748 0.60366 0.79372
vn -0.63191 -0.77504 0.00329
vn -0.63177 -0.77515 0.00267
vn -0.45591 -0.7237 0.51808
vn -0.5264 -0.7601 0.381
vn 0.05506 -0.53454 -0.84335
vn 0.20813 -0.96227 -0.17524
vn 0.33892 -0.57363 -0.74571
vn -0.63096 -0.77578 0.00751
vn -0.45574 -0.78763 -0.41464
vn -0.62954 -0.77682 0.01528
vn -0.53739 -0.80484 -0.25189
vn 0.7416 0.63757 0.20864
vn 0.47809 0.71093 0.51577
vn 0.71872 0.66426 0.20544
vn -0.47835 0.57558 0.66324
vn 0.00837 0.68738 0.72625
vn 0.2234 0.81287 0.5379
vn 0.44898 0.86262 0.23304
vn -0.69036 0.40558 0.59909
vn -0.69864 0.3235 0.63817
vn -0.69498 0.39866 0.5984
vn -0.69035 0.38997 -0.60937
vn -0.69498 0.38309 -0.60848
vn -0.69864 0.30692 -0.64629
vn 0.34044 0.94 -0.02253
vn 0.34929 0.93175 -0.09923
vn 0.33764 0.93325 -0.12262
vn -0.55923 0.82676 -0.06109
vn -0.31257 0.66877 0.67458
vn -0.28529 0.74201 0.60665
vn -0.77442 0.56575 -0.2832
vn -0.9459 0.3244 -0.00683
vn -0.94811 0.31791 -0.00408
vn -0.41693 0.74952 -0.51419
vn -0.11876 0.95303 0.27861
vn -0.08963 0.77463 -0.62603
vt 0.375 0
vt 0.5 0
vt 0.5 0.25
vt 0.375 0.5
vt 0.375 0.25
vt 0.5 0.75
vt 0.375 0.75
vt 0.5 0.5
vt 0.375 1
vt 0.5 1
usemtl mat1
f 3637/221/3637 3638/222/3638 3639/223/3639
f 3640/224/3640 3641/225/3641 3642/225/3642
f 3643/221/3643 3644/222/3644 3645/223/3645
f 3646/225/3646 3647/224/3647 3648/225/3648
f 3649/224/3649 3650/224/3650 3651/225/3651
f 3652/225/3652 3653/225/3653 3654/224/3654
f 3655/221/3655 3656/225/3656 3657/225/3657
f 3658/224/3658 3659/226/3659 3660/227/3660
f 3661/225/3661 3662/221/3662 3663/225/3663
f 3664/224/3664 3665/227/3665 3666/227/3666
f 3667/228/3667 3668/223/3668 3669/225/3669
f 3667/228/3667 3669/225/3669 3670/224/3670
f 3671/225/3671 3672/221/3672 3673/225/3673
f 3674/223/3674 3675/221/3675 3676/222/3676
f 3675/221/3675 3674/223/3674 3677/225/3677
f 3678/227/3678 3679/224/3679 3680/224/3680
f 3681/229/3681 3682/227/3682 3683/229/3683
f 3684/227/3684 3683/229/3683 3682/227/3682
f 3685/224/3685 3686/227/3686 3687/224/3687
f 3688/224/3688 3689/224/3689 3690/227/3690
f 3691/230/3691 3692/227/3692 3693/229/3693
f 3694/229/3694 3695/227/3695 3696/227/3696
f 3697/224/3697 3698/228/3698 3699/226/3699
f 3700/227/3700 3701/229/3701 3702/227/3702
# Vertices: 66, normals: 66, texture coordinates: 10, faces: 24

o obj14
v 0.43544024 -0.47259751 -0.10497721
v 0.47149551 -0.36625576 -0.05319144
v 0.43847299 -0.4764778 0.03182733
v 0.68611497 -0.39244848 0.14155413
v 0.60938573 -0.46309927 0.18035191
v 0.64845949 -0.47050014 0.13666686
v 0.57002103 -0.46701303 -0.13733903
v 0.51530707 -0.42052907 -0.10767896
v 0.56534886 -0.41556472 -0.20353308
v 0.57945877 -0.12061189 0.1264537
v 0.58924311 -0.18806258 0.18350869
v 0.63382125 -0.17615575 0.13262963
v 0.31077355 -0.24353059 -0.11072043
v 0.37784183 -0.29846445 -0.10005698
v 0.30904573 -0.25001207 0.01493879
v 0.57128888 -0.24882801 0.15096284
v 0.53666413 -0.20390384 0.1043887
v 0.60472709 -0.25079778 0.13287677
v 0.41600567 -0.19864132 -0.07777447
v 0.34262156 -0.15201324 0.01367289
v 0.41806579 -0.2039559 0.01434386
v 0.34444708 -0.14555916 -0.10319023
v 0.4278993 -0.20078251 -0.06159547
v 0.42606527 -0.14482133 -0.10676906
v 0.38475448 -0.15465361 -0.1168689
v 0.60051632 -0.34807587 -0.14862122
v 0.5613035 -0.36089817 -0.14422724
v 0.57463044 -0.41116807 -0.07878546
v 0.58100331 -0.40809003 0.11428487
v 0.60051632 -0.34381825 0.18097727
v 0.6303606 -0.32323939 0.13345151
v 0.58100331 -0.41060343 -0.08029088
v 0.63716704 -0.32318994 0.01588306
v 0.6303606 -0.32627526 -0.10164489
vn 0.93142 -0.34367 0.1198
vn 0.91804 -0.39636 0.01003
vn 0.9546 -0.29783 -0.00546
vn 0.87451 -0.32162 0.36303
vn 0.40545 -0.33646 0.84995
vn 0.81524 -0.53002 0.23337
vn -0.42161 -0.69354 -0.58417
vn -0.70961 -0.57971 -0.40048
vn -0.35425 -0.69643 -0.62409
vn 0.63658 0.71083 0.29914
vn 0.34898 0.65738 0.66788
vn 0.62822 0.72589 0.28006
vn -0.52639 -0.76969 -0.36123
vn -0.37297 -0.80688 -0.45807
vn -0.59707 -0.80217 0.00644
vn -0.06103 -0.67782 -0.73269
vn 0.27105 -0.66573 -0.69522
vn -0.46892 -0.85531 -0.22035
vn 0.37771 0.80608 0.45559
vn 0.5742 0.81854 -0.01729
vn 0.57491 0.81809 -0.01462
vn 0.49601 0.83069 0.25285
vn -0.33075 0.93776 0.10588
vn -0.11861 0.69685 0.70734
vn -0.16525 0.6765 0.71767
vn -0.41692 0.76255 0.49466
vn -0.08963 0.79054 0.60581
vn -0.11874 0.94552 -0.30314
vn -0.33467 0.90562 0.26047
vn -0.54041 0.69363 -0.47627
vn -0.8176 0.55962 -0.13548
vn -0.74667 0.64698 0.15459
vn -0.8586 0.51263 -0.00512
vn -0.81783 0.55013 0.16884
vt 0.375 0.25
vt 0.375 0
vt 0.5 0.25
vt 0.375 0.5
vt 0.375 0.75
vt 0.5 0.5
vt 0.375 1
vt 0.5 0.75
vt 0.5 1
usemtl mat1
f 3703/231/3703 3704/232/3704 3705/233/3705
f 3706/234/3706 3707/231/3707 3708/231/3708
f 3709/231/3709 3710/231/3710 3711/234/3711
f 3712/235/3712 3713/234/3713 3714/234/3714
f 3715/234/3715 3716/231/3716 3717/236/3717
f 3718/231/3718 3719/232/3719 3720/231/3720
f 3721/237/3721 3722/238/3722 3723/239/3723
f 3722/238/3722 3721/237/3721 3724/235/3724
f 3725/237/3725 3726/235/3726 3727/235/3727
f 3728/235/3728 3729/235/3729 3730/237/3730
f 3731/237/3731 3732/235/3732 3733/235/3733
f 3734/237/3734 3735/238/3735 3736/235/3736
# Vertices: 34, normals: 34, texture coordinates: 9, faces: 12

o obj15
v 0.64845949 -0.47050014 0.13666686
v 0.69287151 -0.39266515 0.01678051
v 0.68611497 -0.39244848 0.14155413
v 0.43847299 -0.4764778 0.03182733
v 0.37261701 -0.43121254 -0.08233085
v 0.43544024 -0.47259751 -0.10497721
v 0.37784183 -0.29846445 -0.10005698
v 0.36876845 -0.22694114 -0.15259919
v 0.41036016 -0.27404848 -0.11361146
v 0.60938573 -0.46309927 0.18035191
v 0.58100331 -0.40809003 0.11428487
v 0.64845949 -0.47050014 0.13666686
v 0.57463044 -0.41116807 -0.07878546
v 0.60938573 -0.46730092 -0.14491594
v 0.58100331 -0.41060343 -0.08029088
v 0.64845949 -0.47357094 -0.10105531
v 0.34262156 -0.15201324 0.01367289
v 0.41600567 -0.19626358 0.10629517
v 0.41806579 -0.2039559 0.01434386
v 0.63369215 -0.39861491 0.22796498
v 0.6303606 -0.32323939 0.13345151
v 0.60051632 -0.34381825 0.18097727
v 0.5613035 -0.36089817 -0.14422724
v 0.56978428 -0.41089934 -0.0531798
v 0.57463044 -0.41116807 -0.07878546
vn 0.77998 -0.54057 0.31531
vn 0.89155 -0.45245 0.02051
vn 0.82772 -0.48904 0.27515
vn -0.58847 -0.80763 0.03786
vn -0.60415 -0.7711 -0.20103
vn -0.54451 -0.75527 -0.36479
vn -0.29065 -0.64605 -0.70579
vn 0.23668 -0.52798 -0.81561
vn 0.1272 -0.57125 -0.81086
vn -0.29533 -0.78649 -0.54242
vn -0.14006 -0.98251 0.12273
vn -0.61162 -0.77912 -0.13742
vn 0.18552 -0.76485 0.61691
vn -0.26774 -0.77261 0.57566
vn -0.47341 -0.81629 0.33098
vn -0.61163 -0.77531 0.1575
vn 0.60131 0.79895 -0.01072
vn 0.45313 0.74331 -0.49211
vn 0.57491 0.81819 -0.00652
vn 0.19432 0.7069 0.6801
vn 0.61262 0.6515 0.44749
vn 0.28776 0.70687 0.64616
vn 0.89464 0.38144 0.23265
vn 0.74558 0.65431 0.12644
vn 0.12494 0.76847 0.62757
vt 0.375 0.25
vt 0.5 0.5
vt 0.375 0.5
vt 0.5 0.25
vt 0.375 0
vt 0.5 0.75
vt 0.375 1
vt 0.5 1
vt 0.375 0.75
usemtl mat1
f 3737/240/3737 3738/241/3738 3739/242/3739
f 3740/243/3740 3741/242/3741 3742/240/3742
f 3743/240/3743 3744/242/3744 3745/240/3745
f 3746/240/3746 3747/244/3747 3748/240/3748
f 3749/244/3749 3750/240/3750 3751/244/3751
f 3751/244/3751 3750/240/3750 3752/240/3752
f 3753/245/3753 3754/246/3754 3755/247/3755
f 3756/242/3756 3757/248/3757 3758/248/3758
f 3759/248/3759 3760/246/3760 3761/246/3761
# Vertices: 25, normals: 25, texture coordinates: 9, faces: 9

o obj16
v 0.43544024 -0.47259751 -0.10497721
v 0.47195333 -0.36519158 -0.0665793
v 0.47149551 -0.36625576 -0.05319144
v 0.60938573 -0.46309927 0.18035191
v 0.63369215 -0.39861491 0.22796498
v 0.56534886 -0.40986621 0.23761413
v 0.57002103 -0.46300718 0.1727711
v 0.56534886 -0.40986621 0.23761413
v 0.51530707 -0.41730487 0.14191921
v 0.57463044 -0.40869334 0.11279455
v 0.60938573 -0.46309927 0.18035191
v 0.57002103 -0.46300718 0.1727711
v 0.43544024 -0.47259751 -0.10497721
v 0.37261701 -0.43121254 -0.08233085
v 0.3947342 -0.41652173 -0.13586208
v 0.52848852 -0.21085049 -0.15327208
v 0.57128888 -0.25234199 -0.12107046
v 0.53588396 -0.2567578 -0.1100325
v 0.47854298 -0.36188143 0.09398334
v 0.46864671 -0.4359628 0.1490908
v 0.47195333 -0.36309114 0.09602512
v 0.47195333 -0.36519158 -0.0665793
v 0.46864671 -0.43936598 -0.11436522
v 0.47854298 -0.36388588 -0.06118872
v 0.50344193 -0.40982303 -0.10526605
v 0.44807833 -0.25156102 -0.10125589
v 0.4278993 -0.20078251 -0.06159547
v 0.41036016 -0.27404848 -0.11361146
v 0.42606527 -0.14482133 -0.10676906
v 0.43256581 -0.19781387 -0.03833887
v 0.48739314 -0.17658013 -0.10407062
v 0.6303606 -0.32627526 -0.10164489
v 0.63369215 -0.40406796 -0.19417779
v 0.60051632 -0.34807587 -0.14862122
v 0.68611497 -0.39567056 -0.10795607
v 0.40180165 -0.33381557 -0.1112193
v 0.37261701 -0.43121254 -0.08233085
v 0.38705564 -0.33419105 -0.07571949
v 0.4278993 -0.19882199 0.09017587
v 0.42606527 -0.14171262 0.13388886
v 0.43256581 -0.19645508 0.06685135
v 0.40180165 -0.33381557 -0.1112193
v 0.47195333 -0.36519158 -0.0665793
v 0.42267877 -0.3330645 -0.1174915
v 0.46227807 -0.31518656 -0.10653852
v 0.47854298 -0.36388588 -0.06118872
v 0.48285788 -0.36002642 -0.03710356
vn 0.99268 -0.11652 -0.03181
vn 0.9081 -0.36937 0.1973
vn 0.94121 -0.32831 0.07959
vn 0.45308 -0.60445 0.65526
vn 0.42608 -0.62198 0.65696
vn -0.006 -0.73302 0.68018
vn -0.42162 -0.67821 0.60189
vn -0.35426 -0.68007 0.64188
vn -0.70962 -0.56917 0.41532
vn 0.14097 -0.97298 0.18284
vn -0.09376 -0.82613 -0.55562
vn 0.03938 -0.78781 -0.61466
vn -0.54341 -0.82331 -0.16392
vn -0.5394 -0.81876 -0.19669
vn -0.38671 -0.69286 -0.60861
vn -0.28379 -0.67525 -0.68081
vn -0.0225 -0.55665 -0.83044
vn -0.16583 -0.63935 -0.75082
vn -0.28272 -0.88553 -0.36864
vn -0.13625 -0.4702 -0.87198
vn 0.55464 -0.54613 -0.62778
vn -0.29495 -0.48548 0.82299
vn 0.23783 -0.4751 0.84718
vn -0.16903 -0.91039 0.37764
vn 0.51167 -0.49925 0.69924
vn 0.33892 -0.55417 0.76028
vn 0.20813 -0.95743 0.20004
vn 0.05505 -0.51258 0.85687
vn -0.07897 0.71778 0.69178
vn 0.04199 0.7252 0.68726
vn 0.36553 0.75242 0.54795
vn 0.69269 0.66459 -0.28018
vn 0.37171 0.68495 -0.62664
vn 0.28773 0.68994 -0.66422
vn 0.71872 0.65873 -0.22254
vn -0.92986 0.1506 -0.33568
vn -0.9799 0.08081 -0.18241
vn -0.97522 0.16461 -0.14782
vn -0.57458 0.44102 -0.68947
vn -0.94081 0.32371 -0.10045
vn -0.14111 0.70484 -0.69519
vn 0.18631 0.94658 0.26321
vn -0.55645 0.7779 -0.29196
vn -0.128 0.76778 0.62779
vn -0.99656 0.01502 0.08152
vn -0.57887 0.42304 0.6971
vn -0.16701 0.75896 0.62935
vt 0.375 0.25
vt 0.375 0
vt 0.375 0.5
vt 0.375 0.75
vt 0.375 1
usemtl mat1
f 3762/249/3762 3763/250/3763 3764/250/3764
f 3765/249/3765 3766/251/3766 3767/251/3767
f 3768/249/3768 3769/251/3769 3770/249/3770
f 3771/250/3771 3772/249/3772 3773/249/3773
f 3774/249/3774 3775/251/3775 3776/251/3776
f 3777/251/3777 3778/249/3778 3779/249/3779
f 3780/250/3780 3781/249/3781 3782/250/3782
f 3783/250/3783 3784/249/3784 3785/250/3785
f 3786/249/3786 3785/250/3785 3784/249/3784
f 3787/249/3787 3788/250/3788 3789/249/3789
f 3790/252/3790 3791/253/3791 3792/252/3792
f 3793/252/3793 3794/251/3794 3795/252/3795
f 3794/251/3794 3793/252/3793 3796/251/3796
f 3797/252/3797 3798/251/3798 3799/252/3799
f 3800/253/3800 3801/252/3801 3802/253/3802
f 3803/252/3803 3804/253/3804 3805/252/3805
f 3806/252/3806 3807/253/3807 3808/253/3808
# Vertices: 47, normals: 47, texture coordinates: 5, faces: 17

o obj17
v 0.42298329 -0.401375 -0.15409425
v 0.48781598 -0.36062214 -0.15166041
v 0.46864671 -0.43936598 -0.11436522
v 0.41036016 -0.27404848 -0.11361146
v 0.43760091 -0.19938767 -0.15103793
v 0.44807833 -0.25156102 -0.10125589
v 0.50344193 -0.40982303 -0.10526605
v 0.48285788 -0.36002642 -0.03710356
v 0.47854298 -0.36388588 -0.06118872
v 0.43760091 -0.19938767 -0.15103793
v 0.38475448 -0.15465361 -0.1168689
v 0.42606527 -0.14482133 -0.10676906
v 0.42606527 -0.14171262 0.13388886
v 0.48739243 -0.17353152 0.1320117
v 0.43256581 -0.19645508 0.06685135
v 0.47195333 -0.36309114 0.09602512
v 0.42267877 -0.32961598 0.14947221
v 0.47854298 -0.36188143 0.09398334
v 0.47854298 -0.36388588 -0.06118872
v 0.42267877 -0.3330645 -0.1174915
v 0.47195333 -0.36519158 -0.0665793
v 0.38705564 -0.33419105 -0.07571949
v 0.47195333 -0.36519158 -0.0665793
v 0.40180165 -0.33381557 -0.1112193
v 0.47149551 -0.36625576 -0.05319144
vn 0.26552 -0.42344 -0.86614
vn 0.45342 -0.46872 -0.7581
vn 0.25354 -0.43121 -0.8659
vn 0.42279 -0.46878 -0.77556
vn 0.64422 -0.45182 -0.61712
vn 0.528 -0.47141 -0.70639
vn -0.58998 -0.79445 0.14417
vn 0.32349 -0.63588 0.70072
vn -0.43364 -0.61688 0.65682
vn 0.0298 0.63243 -0.77404
vn 0.00346 0.51351 -0.85808
vn -0.02867 0.591 -0.80616
vn -0.07895 0.69965 -0.71011
vn 0.36554 0.73801 -0.56721
vn 0.04199 0.70721 -0.70575
vn 0.10801 0.90567 -0.40999
vn -0.13301 0.47895 -0.86771
vn -0.53598 0.49981 -0.68039
vn -0.59387 0.47512 0.6493
vn -0.41566 0.05488 0.90786
vn 0.02515 0.88411 0.46661
vn 0.32399 0.94234 0.08383
vn 0.16743 0.90329 0.39502
vn 0.26854 0.92372 0.27318
vn 0.33165 0.93959 0.08479
vt 0.375 0.5
vt 0.375 0.25
vt 0.375 0
vt 0.375 0.75
vt 0.375 1
usemtl mat1
f 3809/254/3809 3810/254/3810 3811/255/3811
f 3812/255/3812 3813/254/3813 3814/255/3814
f 3815/255/3815 3816/256/3816 3817/256/3817
f 3818/254/3818 3819/257/3819 3820/257/3820
f 3821/257/3821 3822/257/3822 3823/258/3823
f 3824/258/3824 3825/257/3825 3826/258/3826
f 3827/258/3827 3828/257/3828 3829/258/3829
f 3830/257/3830 3831/258/3831 3832/257/3832
f 3831/258/3831 3830/257/3830 3833/258/3833
# Vertices: 25, normals: 25, texture coordinates: 5, faces: 9

o obj18
v 0.47195333 -0.36309114 0.09602512
v 0.43544024 -0.46968976 0.12012401
v 0.47149551 -0.36455545 0.07843758
v 0.57002103 -0.46300718 0.1727711
v 0.60938573 -0.46309927 0.18035191
v 0.56534886 -0.40986621 0.23761413
v 0.48285788 -0.36002642 -0.03710356
v 0.50344193 -0.40982303 -0.10526605
v 0.53448421 -0.32836598 -0.10857846
v 0.43256581 -0.19645508 0.06685135
v 0.48739243 -0.17353152 0.1320117
v 0.44807833 -0.2485591 0.13113472
v 0.60051632 -0.34381825 0.18097727
v 0.56534886 -0.40986621 0.23761413
v 0.63369215 -0.39861491 0.22796498
v 0.46227807 -0.31518656 -0.10653852
v 0.48285788 -0.36002642 -0.03710356
v 0.53448421 -0.32836598 -0.10857846
vn 0.68752 -0.48509 -0.54038
vn 0.98709 -0.15497 0.04058
vn 0.94707 -0.31659 -0.05323
vn -0.30065 -0.71292 0.63352
vn 0.06836 -0.65045 0.75647
vn -0.35976 -0.70362 0.61278
vn 0.5858 -0.50193 0.63632
vn 0.47874 -0.56647 0.67076
vn 0.83161 -0.29785 0.46873
vn 0.48042 -0.56239 -0.67298
vn 0.76655 -0.39575 -0.50575
vn 0.3552 -0.61711 -0.70215
vn 0.25412 0.71052 0.65618
vn -0.24349 0.6893 0.68233
vn 0.24187 0.7116 0.65964
vn -0.29665 0.6709 0.67962
vn -0.11196 0.75346 0.64789
vn 0.16925 0.85004 0.49878
vt 0.375 0
vt 0.375 0.25
vt 0.375 0.5
vt 0.375 0.75
vt 0.375 1
usemtl mat1
f 3834/259/3834 3835/260/3835 3836/259/3836
f 3837/260/3837 3838/260/3838 3839/261/3839
f 3840/259/3840 3841/260/3841 3842/259/3842
f 3843/259/3843 3844/259/3844 3845/260/3845
f 3846/262/3846 3847/261/3847 3848/261/3848
f 3849/262/3849 3850/263/3850 3851/262/3851
# Vertices: 18, normals: 18, texture coordinates: 5, faces: 6

o obj19
v 0.43847299 -0.4764778 0.03182733
v 0.47149551 -0.36455545 0.07843758
v 0.43544024 -0.46968976 0.12012401
v 0.44807833 -0.25156102 -0.10125589
v 0.43760091 -0.19938767 -0.15103793
v 0.48739314 -0.17658013 -0.10407062
v 0.53588396 -0.2567578 -0.1100325
v 0.53666413 -0.20622979 -0.07567228
v 0.53231072 -0.20660545 -0.05543774
v 0.44807833 -0.25156102 -0.10125589
v 0.43256581 -0.19781387 -0.03833887
v 0.4278993 -0.20078251 -0.06159547
v 0.43256581 -0.19645508 0.06685135
v 0.44807833 -0.2485591 0.13113472
v 0.4278993 -0.19882199 0.09017587
v 0.48781598 -0.36062214 -0.15166041
v 0.42267877 -0.3330645 -0.1174915
v 0.46227807 -0.31518656 -0.10653852
v 0.46227807 -0.31202698 0.13805906
v 0.53448421 -0.3251493 0.14043877
v 0.48285788 -0.35864541 0.06980652
v 0.47149551 -0.36455545 0.07843758
v 0.38705564 -0.33198842 0.09479429
v 0.47195333 -0.36309114 0.09602512
vn 0.95615 -0.29217 0.02025
vn 0.92605 -0.37511 0.04145
vn 0.94054 -0.32806 -0.08805
vn 0.54861 -0.46564 -0.69441
vn 0.55595 -0.45908 -0.69294
vn 0.71929 -0.39851 -0.56904
vn 0.91492 -0.37997 0.13617
vn 0.51837 -0.4545 0.72437
vn 0.10291 -0.67225 0.73314
vn -0.6872 -0.70933 0.15687
vn 0.18905 -0.64735 0.73837
vn -0.35974 -0.5262 0.77052
vn 0.18902 -0.66624 -0.72138
vn -0.68719 -0.71315 -0.13852
vn -0.35973 -0.54591 -0.75669
vn -0.10645 0.66777 -0.73671
vn -0.1229 0.5613 -0.81844
vn -0.16559 0.60175 -0.78133
vn -0.29664 0.65311 -0.69675
vn 0.16925 0.83687 -0.52058
vn -0.112 0.7365 -0.6671
vn 0.33667 0.9336 -0.12264
vn 0.35876 0.93087 -0.0691
vn 0.26048 0.91026 -0.32182
vt 0.5 0.25
vt 0.375 0
vt 0.375 0.25
vt 0.375 0.5
vt 0.375 0.75
vt 0.375 1
usemtl mat1
f 3852/264/3852 3853/265/3853 3854/266/3854
f 3855/266/3855 3856/267/3856 3857/266/3857
f 3858/266/3858 3859/265/3859 3860/265/3860
f 3861/266/3861 3862/265/3862 3863/265/3863
f 3864/265/3864 3865/266/3865 3866/265/3866
f 3867/267/3867 3868/268/3868 3869/268/3869
f 3870/268/3870 3871/268/3871 3872/269/3872
f 3873/269/3873 3874/268/3874 3875/269/3875
# Vertices: 24, normals: 24, texture coordinates: 6, faces: 8

o obj20
v 0.43256581 -0.19781387 -0.03833887
v 0.44807833 -0.25156102 -0.10125589
v 0.48739314 -0.17658013 -0.10407062
v 0.43760091 -0.19938767 -0.15103793
v 0.42606527 -0.14482133 -0.10676906
v 0.48739314 -0.17658013 -0.10407062
vn 0.48043 -0.54482 0.68728
vn 0.35519 -0.5987 0.71791
vn 0.76655 -0.38256 0.5158
vn 0.35043 0.6367 -0.68689
vn 0.39202 0.56422 -0.72662
vn 0.35789 0.63276 -0.68668
vt 0.375 0
vt 0.375 0.25
vt 0.375 0.5
vt 0.375 0.75
usemtl mat1
f 3876/270/3876 3877/271/3877 3878/270/3878
f 3879/272/3879 3880/273/3880 3881/272/3881
# Vertices: 6, normals: 6, texture coordinates: 4, faces: 2

o obj21
v 0.48781598 -0.35628185 0.18433955
v 0.53448421 -0.3251493 0.14043877
v 0.46227807 -0.31202698 0.13805906
vn 0.10666 0.74946 0.6534
vn 0.11457 0.74881 0.65281
vn 0.18115 0.68431 0.70633
vt 0.375 0.5
vt 0.375 0.75
usemtl mat1
f 3882/274/3882 3883/274/3883 3884/275/3884
# Vertices: 3, normals: 3, texture coordinates: 2, faces: 1

o obj22
v 0.53666413 -0.20622979 -0.07567228
v 0.52156013 -0.16237704 -0.11484097
v 0.53231072 -0.20660545 -0.05543774
vn 0.25629 0.64634 0.71872
vn 0.87761 0.416 0.23821
vn 0.70047 0.67929 0.21886
vt 0.375 1
vt 0.375 0.75
usemtl mat1
f 3885/276/3885 3886/277/3886 3887/276/3887
# Vertices: 3, normals: 3, texture coordinates: 2, faces: 1

o obj23
v 0.50344193 -0.4066647 0.13923255
v 0.53448421 -0.3251493 0.14043877
v 0.48781598 -0.35628185 0.18433955
v 0.47854298 -0.36188143 0.09398334
v 0.46227807 -0.31202698 0.13805906
v 0.48285788 -0.35864541 0.06980652
vn 0.59219 -0.38389 0.70848
vn 0.75168 -0.29498 0.58988
vn 0.60339 -0.37742 0.70247
vn -0.53482 0.45906 -0.70938
vn -0.99656 0.01294 -0.08184
vn -0.167 0.74242 -0.64878
vt 0.375 0.25
vt 0.375 0.5
vt 0.375 1
vt 0.375 0.75
usemtl mat1
f 3888/278/3888 3889/278/3889 3890/279/3890
f 3891/280/3891 3892/281/3892 3893/280/3893
# Vertices: 6, normals: 6, texture coordinates: 4, faces: 2

o obj24
v -0.92701781 -0.35794908 0.13860327
v -0.91014111 -0.27237055 0.13975699
v -0.9508056 -0.31090817 0.18375343
v -0.95919991 -0.31800577 0.09341656
v -0.98353082 -0.27159348 0.13753676
v -0.95554405 -0.31409392 0.06923102
vn 0.64991 -0.27857 0.70712
vn 0.7919 -0.1641 0.58819
vn 0.65985 -0.27031 0.70109
vn -0.60603 0.36232 -0.70814
vn -0.98469 -0.15506 -0.07967
vn -0.29103 0.70358 -0.64828
vt 0.375 0.25
vt 0.375 0.5
vt 0.375 1
vt 0.375 0.75
usemtl mat2
f 3894/282/3894 3895/282/3895 3896/283/3896
f 3897/284/3897 3898/285/3898 3899/284/3899
# Vertices: 6, normals: 6, texture coordinates: 4, faces: 2

o obj25
v -0.9284851 -0.1548216 -0.07633635
v -0.9508422 -0.11414524 -0.11546401
v -0.9326691 -0.15592116 -0.05609246
vn 0.14536 0.6804 0.71828
vn 0.79555 0.55788 0.23638
vn 0.57656 0.78758 0.21746
vt 0.375 1
vt 0.375 0.75
usemtl mat2
f 3900/286/3900 3901/287/3901 3902/286/3902
# Vertices: 3, normals: 3, texture coordinates: 2, faces: 1

o obj26
v -0.9508056 -0.31090817 0.18375343
v -0.91014111 -0.27237055 0.13975699
v -0.98353082 -0.27159348 0.13753676
vn -0.01963 0.75684 0.65331
vn -0.01172 0.75753 0.6527
vn 0.06489 0.70517 0.70606
vt 0.375 0.5
vt 0.375 0.75
usemtl mat2
f 3903/288/3903 3904/288/3904 3905/289/3905
# Vertices: 3, normals: 3, texture coordinates: 2, faces: 1

o obj27
v -1.03243279 -0.16404621 -0.03877506
v -1.00822902 -0.21442574 -0.10173559
v -0.98210645 -0.13389632 -0.10462198
v -1.02744973 -0.16477056 -0.1514851
v -1.04791188 -0.11291735 -0.10718117
v -0.98210645 -0.13389632 -0.10462198
vn 0.56679 -0.45603 0.68614
vn 0.45249 -0.53022 0.71703
vn 0.82114 -0.24794 0.51406
vn 0.23673 0.68648 -0.68753
vn 0.28984 0.62203 -0.72737
vn 0.24475 0.68385 -0.68734
vt 0.375 0
vt 0.375 0.25
vt 0.375 0.5
vt 0.375 0.75
usemtl mat2
f 3906/290/3906 3907/291/3907 3908/290/3908
f 3909/292/3909 3910/293/3910 3911/292/3911
# Vertices: 6, normals: 6, texture coordinates: 4, faces: 2

o obj28
v -0.97953814 -0.43772426 0.03132673
v -0.96573037 -0.32183108 0.07788568
v -0.98347843 -0.43152747 0.11963105
v -1.00822902 -0.21442574 -0.10173559
v -1.02744973 -0.16477056 -0.1514851
v -0.98210645 -0.13389632 -0.10462198
v -0.92082131 -0.20476596 -0.11070411
v -0.9284851 -0.1548216 -0.07633635
v -0.9326691 -0.15592116 -0.05609246
v -1.00822902 -0.21442574 -0.10173559
v -1.03243279 -0.16404621 -0.03877506
v -1.03658342 -0.16776246 -0.06202201
v -1.03243279 -0.16268742 0.06641516
v -1.00822902 -0.21142384 0.13065502
v -1.03658342 -0.16580194 0.08974933
v -0.9508056 -0.31524846 -0.15224653
v -1.01957834 -0.29904523 -0.11793094
v -0.98353082 -0.27475306 -0.10706082
v -0.98353082 -0.27159348 0.13753676
v -0.91014111 -0.27237055 0.13975699
v -0.95554405 -0.31409392 0.06923102
v -0.96573037 -0.32183108 0.07788568
v -1.05441236 -0.30394334 0.09443202
v -0.96548736 -0.32030734 0.09547246
vn 0.99174 -0.127 0.01812
vn 0.97608 -0.21382 0.03937
vn 0.98216 -0.16503 -0.09016
vn 0.61767 -0.36675 -0.69569
vn 0.6238 -0.35905 -0.69423
vn 0.77488 -0.27181 -0.57068
vn 0.96613 -0.22047 0.13411
vn 0.58907 -0.36059 0.72316
vn 0.21622 -0.64519 0.73279
vn -0.55762 -0.81487 0.15824
vn 0.29695 -0.60614 0.73784
vn -0.26433 -0.57911 0.77121
vn 0.29693 -0.62504 -0.72192
vn -0.55761 -0.81869 -0.13716
vn -0.26433 -0.59882 -0.756
vn -0.21897 0.64018 -0.73636
vn -0.21743 0.53244 -0.81807
vn -0.26624 0.56513 -0.78086
vn -0.40389 0.59371 -0.69598
vn 0.02479 0.85333 -0.52079
vn -0.23585 0.70701 -0.66672
vn 0.1744 0.97694 -0.1232
vn 0.19675 0.97797 -0.06971
vn 0.1028 0.94107 -0.32222
vt 0.5 0.25
vt 0.375 0
vt 0.375 0.25
vt 0.375 0.5
vt 0.375 0.75
vt 0.375 1
usemtl mat2
f 3912/294/3912 3913/295/3913 3914/296/3914
f 3915/296/3915 3916/297/3916 3917/296/3917
f 3918/296/3918 3919/295/3919 3920/295/3920
f 3921/296/3921 3922/295/3922 3923/295/3923
f 3924/295/3924 3925/296/3925 3926/295/3926
f 3927/297/3927 3928/298/3928 3929/298/3929
f 3930/298/3930 3931/298/3931 3932/299/3932
f 3933/299/3933 3934/298/3934 3935/299/3935
# Vertices: 24, normals: 24, texture coordinates: 6, faces: 8

o obj29
v -0.96548736 -0.32030734 0.09547246
v -0.98347843 -0.43152747 0.11963105
v -0.96573037 -0.32183108 0.07788568
v -0.85182995 -0.40227091 0.17198654
v -0.81299537 -0.3957324 0.1794817
v -0.86524189 -0.35066333 0.23684937
v -0.95554405 -0.31547493 -0.03767905
v -0.92701781 -0.36110741 -0.10589533
v -0.91014111 -0.27558723 -0.10926022
v -1.03243279 -0.16268742 0.06641516
v -0.98210704 -0.13084783 0.13146034
v -1.00822902 -0.21142384 0.13065502
v -0.84182036 -0.27964753 0.18014835
v -0.86524189 -0.35066333 0.23684937
v -0.79978985 -0.32806733 0.22705369
v -0.98353082 -0.27475306 -0.10706082
v -0.95554405 -0.31547493 -0.03767905
v -0.91014111 -0.27558723 -0.10926022
vn 0.7582 -0.3625 -0.54197
vn 0.99917 0.01345 0.03841
vn 0.98673 -0.15262 -0.05535
vn -0.17495 -0.75325 0.63404
vn 0.17855 -0.62951 0.7562
vn -0.23482 -0.75403 0.61343
vn 0.66333 -0.39601 0.63495
vn 0.56874 -0.47765 0.66962
vn 0.8709 -0.1535 0.46687
vn 0.56679 -0.4736 -0.67413
vn 0.82113 -0.26113 -0.50749
vn 0.4525 -0.54863 -0.70303
vn 0.13229 0.74329 0.65576
vn -0.35459 0.63859 0.68298
vn 0.12003 0.74229 0.65924
vn -0.4039 0.6115 0.68039
vn -0.23581 0.72397 0.64827
vn 0.02479 0.8665 0.49857
vt 0.375 0
vt 0.375 0.25
vt 0.375 0.5
vt 0.375 0.75
vt 0.375 1
usemtl mat2
f 3936/300/3936 3937/301/3937 3938/300/3938
f 3939/301/3939 3940/301/3940 3941/302/3941
f 3942/300/3942 3943/301/3943 3944/300/3944
f 3945/300/3945 3946/300/3946 3947/301/3947
f 3948/303/3948 3949/302/3949 3950/302/3950
f 3951/303/3951 3952/304/3952 3953/303/3953
# Vertices: 18, normals: 18, texture coordinates: 5, faces: 6

o obj30
v -1.00785625 -0.36633596 -0.15454686
v -0.9508056 -0.31524846 -0.15224653
v -0.95636177 -0.39608884 -0.11492426
v -1.04164934 -0.24294513 -0.11401323
v -1.02744973 -0.16477056 -0.1514851
v -1.00822902 -0.21442574 -0.10173559
v -0.92701781 -0.36110741 -0.10589533
v -0.95554405 -0.31547493 -0.03767905
v -0.95919991 -0.32001022 -0.06175549
v -1.02744973 -0.16477056 -0.1514851
v -1.08699918 -0.1295667 -0.11719296
v -1.04791188 -0.11291735 -0.10718117
v -1.04791188 -0.10980864 0.13347675
v -0.98210704 -0.13084783 0.13146034
v -1.03243279 -0.16268742 0.06641516
v -0.96548736 -0.32030734 0.09547246
v -1.01957834 -0.29559672 0.14903277
v -0.95919991 -0.31800577 0.09341656
v -0.95919991 -0.32001022 -0.06175549
v -1.01957834 -0.29904523 -0.11793094
v -0.96548736 -0.32240778 -0.06713196
v -1.05441236 -0.30614597 -0.07608176
v -0.96548736 -0.32240778 -0.06713196
v -1.04001737 -0.30329955 -0.1116135
v -0.96573037 -0.32353139 -0.05374333
vn 0.33115 -0.37285 -0.86679
vn 0.52421 -0.38582 -0.75917
vn 0.32064 -0.38252 -0.86653
vn 0.49399 -0.39104 -0.77657
vn 0.70976 -0.33701 -0.6186
vn 0.5983 -0.3759 -0.70762
vn -0.44747 -0.88242 0.1453
vn 0.42746 -0.57221 0.6999
vn -0.32216 -0.68097 0.65764
vn -0.07879 0.62828 -0.77399
vn -0.08492 0.5066 -0.85799
vn -0.12952 0.57758 -0.80599
vn -0.19717 0.67624 -0.70981
vn 0.23483 0.78891 -0.56786
vn -0.07922 0.70406 -0.70571
vn -0.04691 0.91085 -0.41005
vn -0.21364 0.44956 -0.86733
vn -0.61395 0.4023 -0.67913
vn -0.66397 0.36847 0.65068
vn -0.41699 -0.01571 0.90878
vn -0.12305 0.87581 0.46671
vn 0.16088 0.98345 0.0833
vn 0.01381 0.91865 0.39482
vn 0.10977 0.9558 0.27276
vn 0.16889 0.98203 0.08424
vt 0.375 0.5
vt 0.375 0.25
vt 0.375 0
vt 0.375 0.75
vt 0.375 1
usemtl mat2
f 3954/305/3954 3955/305/3955 3956/306/3956
f 3957/306/3957 3958/305/3958 3959/306/3959
f 3960/306/3960 3961/307/3961 3962/307/3962
f 3963/305/3963 3964/308/3964 3965/308/3965
f 3966/308/3966 3967/308/3967 3968/309/3968
f 3969/309/3969 3970/308/3970 3971/309/3971
f 3972/309/3972 3973/308/3973 3974/309/3974
f 3975/308/3975 3976/309/3976 3977/308/3977
f 3976/309/3976 3975/308/3975 3978/309/3978
# Vertices: 25, normals: 25, texture coordinates: 5, faces: 9

o obj31
v -0.98347843 -0.43443522 -0.10547017
v -0.96548736 -0.32240778 -0.06713196
v -0.96573037 -0.32353139 -0.05374333
v -0.81299537 -0.3957324 0.1794817
v -0.79978985 -0.32806733 0.22705369
v -0.86524189 -0.35066333 0.23684937
v -0.85182995 -0.40227091 0.17198654
v -0.86524189 -0.35066333 0.23684937
v -0.91352481 -0.36643907 0.14126214
v -0.85656178 -0.34796748 0.11201012
v -0.81299537 -0.3957324 0.1794817
v -0.85182995 -0.40227091 0.17198654
v -0.98347843 -0.43443522 -0.10547017
v -1.05232346 -0.40421462 -0.0826796
v -1.03311205 -0.38601947 -0.1362561
v -0.93593472 -0.16076718 -0.15391903
v -0.88668942 -0.19445401 -0.12181824
v -0.92082131 -0.20476596 -0.11070411
v -0.95919991 -0.31800577 0.09341656
v -0.95636177 -0.39268565 0.14853176
v -0.96548736 -0.32030734 0.09547246
v -0.96548736 -0.32240778 -0.06713196
v -0.95636177 -0.39608884 -0.11492426
v -0.95919991 -0.32001022 -0.06175549
v -0.92701781 -0.36110741 -0.10589533
v -1.00822902 -0.21442574 -0.10173559
v -1.03658342 -0.16776246 -0.06202201
v -1.04164934 -0.24294513 -0.11401323
v -1.04791188 -0.11291735 -0.10718117
v -1.03243279 -0.16404621 -0.03877506
v -0.98210645 -0.13389632 -0.10462198
v -0.81597066 -0.25738215 -0.10253481
v -0.79978985 -0.33352038 -0.19508909
v -0.84182036 -0.28390515 -0.14945014
v -0.74934196 -0.31640044 -0.10898004
v -1.04001737 -0.30329955 -0.1116135
v -1.05232346 -0.40421462 -0.0826796
v -1.05441236 -0.30614597 -0.07608176
v -1.03658342 -0.16580194 0.08974933
v -1.04791188 -0.10980864 0.13347675
v -1.03243279 -0.16268742 0.06641516
v -1.04001737 -0.30329955 -0.1116135
v -0.96548736 -0.32240778 -0.06713196
v -1.01957834 -0.29904523 -0.11793094
v -0.98353082 -0.27475306 -0.10706082
v -0.95919991 -0.32001022 -0.06175549
v -0.95554405 -0.31547493 -0.03767905
vn 0.99805 0.05227 -0.03399
vn 0.95775 -0.21116 0.19525
vn 0.98322 -0.16514 0.07749
vn 0.5498 -0.51941 0.65416
vn 0.52615 -0.54124 0.65591
vn 0.11898 -0.72344 0.68006
vn -0.3001 -0.7394 0.60268
vn -0.2333 -0.72989 0.64253
vn -0.60275 -0.68045 0.41676
vn 0.30318 -0.93532 0.18235
vn 0.04546 -0.83023 -0.55557
vn 0.17013 -0.77004 -0.61489
vn -0.39739 -0.90308 -0.16289
vn -0.39427 -0.89792 -0.19567
vn -0.26585 -0.74819 -0.6079
vn -0.16752 -0.71352 -0.68032
vn 0.06973 -0.55264 -0.8305
vn -0.05745 -0.65828 -0.75058
vn -0.13039 -0.92056 -0.36819
vn -0.05703 -0.48659 -0.87177
vn 0.63731 -0.44506 -0.62909
vn -0.2072 -0.52806 0.82354
vn 0.31627 -0.42812 0.84658
vn -0.01251 -0.92578 0.37784
vn 0.58995 -0.40584 0.69804
vn 0.42904 -0.48905 0.75944
vn 0.3668 -0.90868 0.19941
vn 0.14244 -0.49584 0.85666
vn -0.19719 0.69436 0.69208
vn -0.07922 0.72204 0.6873
vn 0.23482 0.80332 0.54729
vn 0.57029 0.77168 -0.28156
vn 0.24971 0.73764 -0.62732
vn 0.16601 0.72842 -0.66472
vn 0.59706 0.77029 -0.22398
vn -0.94267 -0.00817 -0.33363
vn -0.97991 -0.08536 -0.18026
vn -0.98933 -0.00196 -0.14566
vn -0.64213 0.33786 -0.68813
vn -0.9821 0.16067 -0.09834
vn -0.25928 0.67089 -0.69475
vn 0.02485 0.96448 0.26298
vn -0.68011 0.67305 -0.2906
vn -0.25408 0.73539 0.62821
vn -0.98468 -0.15298 0.08369
vn -0.64032 0.31966 0.69844
vn -0.29104 0.72012 0.62985
vt 0.375 0.25
vt 0.375 0
vt 0.375 0.5
vt 0.375 0.75
vt 0.375 1
usemtl mat2
f 3979/310/3979 3980/311/3980 3981/311/3981
f 3982/310/3982 3983/312/3983 3984/312/3984
f 3985/310/3985 3986/312/3986 3987/310/3987
f 3988/311/3988 3989/310/3989 3990/310/3990
f 3991/310/3991 3992/312/3992 3993/312/3993
f 3994/312/3994 3995/310/3995 3996/310/3996
f 3997/311/3997 3998/310/3998 3999/311/3999
f 4000/311/4000 4001/310/4001 4002/311/4002
f 4003/310/4003 4002/311/4002 4001/310/4001
f 4004/310/4004 4005/311/4005 4006/310/4006
f 4007/313/4007 4008/314/4008 4009/313/4009
f 4010/313/4010 4011/312/4011 4012/313/4012
f 4011/312/4011 4010/313/4010 4013/312/4013
f 4014/313/4014 4015/312/4015 4016/313/4016
f 4017/314/4017 4018/313/4018 4019/314/4019
f 4020/313/4020 4021/314/4021 4022/313/4022
f 4023/313/4023 4024/314/4024 4025/314/4025
# Vertices: 47, normals: 47, texture coordinates: 5, faces: 17

o obj32
v -0.77332848 -0.39645672 0.1357104
v -0.74291664 -0.31227732 0.0157421
v -0.74934179 -0.31317833 0.14053015
v -0.97953814 -0.43772426 0.03132673
v -1.05232346 -0.40421462 -0.0826796
v -0.98347843 -0.43443522 -0.10547017
v -1.06956291 -0.27248523 -0.10039256
v -1.09066343 -0.2035204 -0.15290172
v -1.04164934 -0.24294513 -0.11401323
v -0.81299537 -0.3957324 0.1794817
v -0.85037822 -0.34629947 0.11348669
v -0.77332848 -0.39645672 0.1357104
v -0.85656178 -0.3504422 -0.07956989
v -0.81299537 -0.39993405 -0.14578615
v -0.85037822 -0.34881288 -0.08108906
v -0.77332848 -0.39952752 -0.10201176
v -1.1286912 -0.13403396 0.01344064
v -1.04870296 -0.16527963 0.10589492
v -1.04557705 -0.17253223 0.01393794
v -0.79978985 -0.32806733 0.22705369
v -0.81597048 -0.25434631 0.13256158
v -0.84182036 -0.27964753 0.18014835
v -0.87830478 -0.30314592 -0.14497325
v -0.86132824 -0.35098854 -0.05395371
v -0.85656178 -0.3504422 -0.07956989
vn 0.86054 -0.40147 0.31351
vn 0.95505 -0.29587 0.01849
vn 0.89884 -0.34264 0.27326
vn -0.444 -0.89518 0.03899
vn -0.46612 -0.86185 -0.19985
vn -0.41037 -0.83624 -0.36374
vn -0.17925 -0.6859 -0.70528
vn 0.32042 -0.48074 -0.81622
vn 0.21981 -0.54182 -0.81124
vn -0.15987 -0.82508 -0.54192
vn 0.02763 -0.99204 0.12285
vn -0.47201 -0.871 -0.13623
vn 0.31299 -0.72258 0.61637
vn -0.13258 -0.80656 0.5761
vn -0.32849 -0.88429 0.33186
vn -0.47201 -0.86719 0.15869
vn 0.45818 0.88878 -0.01188
vn 0.32044 0.8089 -0.49295
vn 0.42893 0.90331 -0.00762
vn 0.074 0.72965 0.6798
vn 0.49515 0.74543 0.44628
vn 0.16604 0.74535 0.64566
vn 0.81814 0.52668 0.23077
vn 0.62504 0.77053 0.12494
vn -0.00487 0.77865 0.62744
vt 0.375 0.25
vt 0.5 0.5
vt 0.375 0.5
vt 0.5 0.25
vt 0.375 0
vt 0.5 0.75
vt 0.375 1
vt 0.5 1
vt 0.375 0.75
usemtl mat2
f 4026/315/4026 4027/316/4027 4028/317/4028
f 4029/318/4029 4030/317/4030 4031/315/4031
f 4032/315/4032 4033/317/4033 4034/315/4034
f 4035/315/4035 4036/319/4036 4037/315/4037
f 4038/319/4038 4039/315/4039 4040/319/4040
f 4040/319/4040 4039/315/4039 4041/315/4041
f 4042/320/4042 4043/321/4043 4044/322/4044
f 4045/317/4045 4046/323/4046 4047/323/4047
f 4048/323/4048 4049/321/4049 4050/321/4050
# Vertices: 25, normals: 25, texture coordinates: 9, faces: 9

o obj33
v -0.98347843 -0.43443522 -0.10547017
v -0.96573037 -0.32353139 -0.05374333
v -0.97953814 -0.43772426 0.03132673
v -0.74934179 -0.31317833 0.14053015
v -0.81299537 -0.3957324 0.1794817
v -0.77332848 -0.39645672 0.1357104
v -0.85182995 -0.40627676 -0.13812359
v -0.91352481 -0.36966327 -0.10833602
v -0.86524189 -0.35636184 -0.20429784
v -0.90027755 -0.06318332 0.12571186
v -0.87915206 -0.12801312 0.182733
v -0.83732587 -0.10877996 0.13175932
v -1.1449461 -0.22963004 -0.11089998
v -1.06956291 -0.27248523 -0.10039256
v -1.14528453 -0.23628673 0.01476149
v -0.88668942 -0.19094002 0.15021507
v -0.9284851 -0.15249565 0.10372463
v -0.85343641 -0.18725495 0.13205595
v -1.04870296 -0.16765736 -0.07817471
v -1.1286912 -0.13403396 0.01344064
v -1.04557705 -0.17253223 0.01393794
v -1.1282326 -0.12738621 -0.10342497
v -1.03658342 -0.16776246 -0.06202201
v -1.04791188 -0.11291735 -0.10718117
v -1.08699918 -0.1295667 -0.11719296
v -0.84182036 -0.28390515 -0.14945014
v -0.87830478 -0.30314592 -0.14497325
v -0.85656178 -0.3504422 -0.07956989
v -0.85037822 -0.34629947 0.11348669
v -0.84182036 -0.27964753 0.18014835
v -0.81597048 -0.25434631 0.13256158
v -0.85037822 -0.34881288 -0.08108906
v -0.80952531 -0.2531732 0.01497862
v -0.81597066 -0.25738215 -0.10253481
vn 0.97624 -0.18192 0.11771
vn 0.97169 -0.23613 0.00796
vn 0.99111 -0.13285 -0.00759
vn 0.91697 -0.16972 0.36107
vn 0.45816 -0.26323 0.849
vn 0.89335 -0.38514 0.23149
vn -0.30009 -0.75473 -0.58337
vn -0.60274 -0.69099 -0.39905
vn -0.23329 -0.74625 -0.62345
vn 0.50846 0.80792 0.29788
vn 0.23476 0.70688 0.66724
vn 0.49764 0.82135 0.27883
vn -0.39007 -0.8474 -0.36023
vn -0.23278 -0.85825 -0.45741
vn -0.45346 -0.89124 0.00759
vn 0.05237 -0.67856 -0.73268
vn 0.37776 -0.61072 -0.69593
vn -0.31869 -0.9221 -0.21948
vn 0.23759 0.85825 0.45492
vn 0.42814 0.90352 -0.01839
vn 0.42892 0.9032 -0.01572
vn 0.34961 0.90239 0.25192
vn -0.48369 0.8687 0.10678
vn -0.23271 0.66706 0.70772
vn -0.27523 0.63915 0.71815
vn -0.53829 0.68156 0.49571
vn -0.22014 0.76428 0.60615
vn -0.2769 0.91197 -0.3027
vn -0.4818 0.83639 0.26137
vn -0.65052 0.59265 -0.47497
vn -0.90044 0.41395 -0.1336
vn -0.8446 0.51206 0.15634
vn -0.93266 0.36075 -0.00316
vn -0.89841 0.40461 0.17072
vt 0.375 0.25
vt 0.375 0
vt 0.5 0.25
vt 0.375 0.5
vt 0.375 0.75
vt 0.5 0.5
vt 0.375 1
vt 0.5 0.75
vt 0.5 1
usemtl mat2
f 4051/324/4051 4052/325/4052 4053/326/4053
f 4054/327/4054 4055/324/4055 4056/324/4056
f 4057/324/4057 4058/324/4058 4059/327/4059
f 4060/328/4060 4061/327/4061 4062/327/4062
f 4063/327/4063 4064/324/4064 4065/329/4065
f 4066/324/4066 4067/325/4067 4068/324/4068
f 4069/330/4069 4070/331/4070 4071/332/4071
f 4070/331/4070 4069/330/4069 4072/328/4072
f 4073/330/4073 4074/328/4074 4075/328/4075
f 4076/328/4076 4077/328/4077 4078/330/4078
f 4079/330/4079 4080/328/4080 4081/328/4081
f 4082/330/4082 4083/331/4083 4084/328/4084
# Vertices: 34, normals: 34, texture coordinates: 9, faces: 12

o obj34
v -0.96573037 -0.32353139 -0.05374333
v -0.967291 -0.32632956 0.02988779
v -0.97953814 -0.43772426 0.03132673
v -0.87915206 -0.12801312 0.182733
v -0.88668942 -0.19094002 0.15021507
v -0.85343641 -0.18725495 0.13205595
v -1.04870296 -0.16765736 -0.07817471
v -1.04557705 -0.17253223 0.01393794
v -1.06972933 -0.27935469 0.01531782
v -0.81299537 -0.39993405 -0.14578615
v -0.74934196 -0.31640044 -0.10898004
v -0.77332848 -0.39952752 -0.10201176
v -0.9508056 -0.31090817 0.18375343
v -1.00785697 -0.36191928 0.18737462
v -0.95636177 -0.39268565 0.14853176
v -0.98347843 -0.43152747 0.11963105
v -0.97294229 -0.41241425 0.15022774
v -1.03311205 -0.38216528 0.16211401
v -0.9284851 -0.15249565 0.10372463
v -0.88668942 -0.19094002 0.15021507
v -0.92082131 -0.20153563 0.13936903
v -0.83732587 -0.10877996 0.13175932
v -0.89227068 -0.06067355 0.01249201
v -0.90027755 -0.06318332 0.12571186
v -0.97294229 -0.41241425 0.15022774
v -0.96548736 -0.32030734 0.09547246
v -0.95636177 -0.39268565 0.14853176
v -0.87915206 -0.12801312 0.182733
v -0.90027755 -0.06318332 0.12571186
v -0.91960716 -0.08884859 0.15038644
v -1.14528453 -0.23628673 0.01476149
v -1.06972933 -0.27935469 0.01531782
v -1.06956291 -0.26949862 0.13081215
v -1.1449461 -0.22638632 0.14020909
v -1.04164934 -0.23961657 0.14366525
v -1.03658342 -0.16580194 0.08974933
v -1.00822902 -0.21142384 0.13065502
v -0.85057807 -0.19215773 0.01419046
v -0.9251231 -0.15079622 0.11149332
v -0.92028189 -0.14975695 0.01364274
v -0.85343641 -0.18725495 0.13205595
v -0.81597048 -0.25434631 0.13256158
v -0.79978985 -0.32806733 0.22705369
v -0.74934179 -0.31317833 0.14053015
v -1.03658342 -0.16776246 -0.06202201
v -1.08699918 -0.1295667 -0.11719296
v -1.04870296 -0.16765736 -0.07817471
v -1.1282326 -0.12738621 -0.10342497
v -0.93593401 -0.15643513 0.18143399
v -0.9508422 -0.11082218 0.14178854
v -0.97796106 -0.17593436 0.13780922
v -0.93593472 -0.16076718 -0.15391903
v -0.97796106 -0.17913292 -0.10980512
v -0.9508422 -0.11414524 -0.11546401
v -0.967291 -0.32632956 0.02988779
v -1.05441236 -0.30394334 0.09443202
v -0.96573037 -0.32183108 0.07788568
v -0.95919991 -0.32001022 -0.06175549
v -0.98353082 -0.27475306 -0.10706082
v -1.01957834 -0.29904523 -0.11793094
v -1.1449461 -0.22963004 -0.11089998
v -1.14528453 -0.23628673 0.01476149
v -1.1286912 -0.13403396 0.01344064
v -0.84182036 -0.27964753 0.18014835
v -0.85656178 -0.34796748 0.11201012
v -0.87830478 -0.29899755 0.17616996
vn 0.98463 -0.13207 0.1143
vn 0.99069 -0.13605 0.00393
vn 0.99232 -0.11698 0.04025
vn 0.29411 -0.50053 0.81423
vn 0.41242 -0.45171 0.79112
vn 0.73857 -0.26862 0.61836
vn 0.97488 -0.21865 -0.04243
vn 0.97928 -0.20175 0.01757
vn 0.97296 -0.23079 -0.00933
vn 0.45811 -0.28505 -0.84195
vn 0.91696 -0.17898 -0.35657
vn 0.89336 -0.39097 -0.22148
vn 0.52423 -0.36607 0.76887
vn 0.27609 -0.48522 0.82966
vn 0.28694 -0.4501 0.84563
vn -0.41674 -0.8133 0.40604
vn -0.16698 -0.69269 0.70164
vn -0.17474 -0.65296 0.73696
vn 0.45321 -0.88188 -0.12996
vn 0.23032 -0.6492 -0.72491
vn 0.19905 -0.63106 -0.74976
vn 0.54722 0.76732 0.33432
vn 0.62087 0.78391 -0.00215
vn 0.47183 0.77394 0.42236
vn 0.87418 -0.3052 -0.3777
vn 0.40531 -0.90051 -0.1575
vn 0.39391 -0.55988 -0.72895
vn -0.10541 0.56664 0.81719
vn 0.36742 0.71281 0.59741
vn -0.02618 0.60779 0.79367
vn -0.49238 -0.87037 0.00452
vn -0.49224 -0.87045 0.0039
vn -0.32643 -0.79003 0.51894
vn -0.39007 -0.83781 0.382
vn 0.14244 -0.5178 -0.84356
vn 0.3668 -0.91352 -0.17587
vn 0.42904 -0.50851 -0.74655
vn -0.49132 -0.87094 0.00874
vn -0.31752 -0.8532 -0.4138
vn -0.48973 -0.87172 0.0165
vn -0.39475 -0.88387 -0.25087
vn 0.62411 0.75338 0.20715
vn 0.35268 0.78137 0.51486
vn 0.59706 0.77583 0.20399
vn -0.56698 0.48695 0.66439
vn -0.10591 0.67911 0.72635
vn 0.08451 0.83898 0.53756
vn 0.29783 0.92594 0.23222
vn -0.74749 0.28366 0.60067
vn -0.74174 0.20137 0.63974
vn -0.75087 0.27607 0.59998
vn -0.74748 0.26806 -0.6078
vn -0.75088 0.26049 -0.6069
vn -0.74175 0.18479 -0.64472
vn 0.17726 0.98389 -0.0231
vn 0.18721 0.97724 -0.09981
vn 0.17542 0.97676 -0.12318
vn -0.69058 0.72079 -0.05973
vn -0.41924 0.60671 0.67538
vn -0.40483 0.6835 0.60741
vn -0.85924 0.42723 -0.28141
vn -0.98702 0.16051 -0.00471
vn -0.98811 0.15374 -0.00196
vn -0.53829 0.66852 -0.51315
vn -0.27692 0.91948 0.27905
vn -0.22014 0.74837 -0.62569
vt 0.375 0
vt 0.5 0
vt 0.5 0.25
vt 0.375 0.5
vt 0.375 0.25
vt 0.5 0.75
vt 0.375 0.75
vt 0.5 0.5
vt 0.375 1
vt 0.5 1
usemtl mat2
f 4085/333/4085 4086/334/4086 4087/335/4087
f 4088/336/4088 4089/337/4089 4090/337/4090
f 4091/333/4091 4092/334/4092 4093/335/4093
f 4094/337/4094 4095/336/4095 4096/337/4096
f 4097/336/4097 4098/336/4098 4099/337/4099
f 4100/337/4100 4101/337/4101 4102/336/4102
f 4103/333/4103 4104/337/4104 4105/337/4105
f 4106/336/4106 4107/338/4107 4108/339/4108
f 4109/337/4109 4110/333/4110 4111/337/4111
f 4112/336/4112 4113/339/4113 4114/339/4114
f 4115/340/4115 4116/335/4116 4117/337/4117
f 4115/340/4115 4117/337/4117 4118/336/4118
f 4119/337/4119 4120/333/4120 4121/337/4121
f 4122/335/4122 4123/333/4123 4124/334/4124
f 4123/333/4123 4122/335/4122 4125/337/4125
f 4126/339/4126 4127/336/4127 4128/336/4128
f 4129/341/4129 4130/339/4130 4131/341/4131
f 4132/339/4132 4131/341/4131 4130/339/4130
f 4133/336/4133 4134/339/4134 4135/336/4135
f 4136/336/4136 4137/336/4137 4138/339/4138
f 4139/342/4139 4140/339/4140 4141/341/4141
f 4142/341/4142 4143/339/4143 4144/339/4144
f 4145/336/4145 4146/340/4146 4147/338/4147
f 4148/339/4148 4149/341/4149 4150/339/4150
# Vertices: 66, normals: 66, texture coordinates: 10, faces: 24

o obj35
v -0.8293246 -0.106507 0.01308406
v -0.85343641 -0.18725495 0.13205595
v -0.85057807 -0.19215773 0.01419046
v -1.06972933 -0.27935469 0.01531782
v -1.04870296 -0.16527963 0.10589492
v -1.06956291 -0.26949862 0.13081215
v -0.86132824 -0.35098854 -0.05395371
v -0.85182995 -0.40627676 -0.13812359
v -0.85656178 -0.3504422 -0.07956989
v -0.95636177 -0.39608884 -0.11492426
v -0.9508056 -0.31524846 -0.15224653
v -0.92701781 -0.36110741 -0.10589533
v -1.05232334 -0.40183431 0.10166402
v -0.98347843 -0.43152747 0.11963105
v -1.03311205 -0.38216528 0.16211401
v -0.88668942 -0.19445401 -0.12181824
v -0.9284851 -0.1548216 -0.07633635
v -0.92082131 -0.20476596 -0.11070411
v -0.95636177 -0.39608884 -0.11492426
v -0.96548736 -0.32240778 -0.06713196
v -0.97294229 -0.41599232 -0.12676415
v -0.90027755 -0.066107 -0.10062325
v -0.87915206 -0.13238807 -0.15595075
v -0.91960716 -0.09240107 -0.12462663
v -0.86132824 -0.3491753 0.08641558
v -0.85182995 -0.40227091 0.17198654
v -0.91352481 -0.36643907 0.14126214
v -1.04164934 -0.24294513 -0.11401323
v -1.04870296 -0.16765736 -0.07817471
v -1.06956291 -0.27248523 -0.10039256
v -1.04164934 -0.23961657 0.14366525
v -1.04870296 -0.16527963 0.10589492
v -1.03658342 -0.16580194 0.08974933
v -0.92082131 -0.20476596 -0.11070411
v -0.97796106 -0.17913292 -0.10980512
v -0.93593472 -0.16076718 -0.15391903
v -0.85343587 -0.1903 -0.10376038
v -0.9251231 -0.1533234 -0.08414635
v -0.88668942 -0.19445401 -0.12181824
v -0.85343587 -0.1903 -0.10376038
v -0.85057807 -0.19215773 0.01419046
v -0.9251231 -0.1533234 -0.08414635
v -0.86524189 -0.35636184 -0.20429784
v -0.91352481 -0.36966327 -0.10833602
v -0.87830478 -0.30314592 -0.14497325
v -1.01957834 -0.29904523 -0.11793094
v -0.9508056 -0.31524846 -0.15224653
v -1.00785625 -0.36633596 -0.15454686
v -0.9508422 -0.11082218 0.14178854
v -0.9326691 -0.15411778 0.08351489
v -0.97796106 -0.17593436 0.13780922
v -1.05441236 -0.30614597 -0.07608176
v -1.05232346 -0.40421462 -0.0826796
v -1.05921841 -0.31145167 0.0296956
v -0.84182036 -0.28390515 -0.14945014
v -0.85037822 -0.34881288 -0.08108906
v -0.81597066 -0.25738215 -0.10253481
v -0.85656178 -0.3504422 -0.07956989
v -0.85656178 -0.34796748 0.11201012
v -0.84182036 -0.27964753 0.18014835
v -0.85037822 -0.34629947 0.11348669
v -0.86132824 -0.3491753 0.08641558
v -0.87830478 -0.29899755 0.17616996
v -0.89227068 -0.06067355 0.01249201
v -0.9251231 -0.15079622 0.11149332
v -0.90027755 -0.06318332 0.12571186
v -0.92028189 -0.14975695 0.01364274
v -0.80952531 -0.2531732 0.01497862
v -0.85037822 -0.34629947 0.11348669
v -0.81597048 -0.25434631 0.13256158
v -0.84758919 -0.34622365 0.0161806
vn 0.97363 -0.2273 -0.01964
vn 0.9093 -0.04288 0.41394
vn 0.97589 -0.21816 -0.00646
vn 0.98388 -0.17786 -0.0185
vn 0.98111 -0.19309 0.01179
vn 0.97754 -0.20766 0.03592
vn 0.2049 -0.77124 0.60266
vn 0.9797 -0.17563 0.09671
vn 0.44415 -0.605 0.66083
vn 0.6261 -0.27967 -0.72786
vn 0.72383 -0.25172 -0.64243
vn 0.63655 -0.30177 -0.70974
vn -0.38836 -0.89588 0.21579
vn -0.39919 -0.89388 0.20401
vn -0.26972 -0.80098 0.53449
vn 0.23032 -0.63026 0.74143
vn 0.45319 -0.87823 0.15273
vn 0.19905 -0.61148 0.76581
vn -0.04925 -0.60059 0.79804
vn 0.06245 -0.72104 0.69008
vn -0.04944 -0.55545 0.83008
vn 0.36742 0.69713 -0.61563
vn -0.10541 0.54534 -0.83156
vn -0.02619 0.58708 -0.8091
vn -0.01763 -0.81366 -0.58108
vn 0.14272 -0.79052 -0.59558
vn -0.24065 -0.83649 -0.49232
vn 0.36164 -0.47337 0.8032
vn 0.49233 -0.83926 0.23077
vn 0.33784 -0.4007 0.85165
vn -0.73309 -0.02295 -0.67975
vn -0.08605 -0.43701 -0.89533
vn -0.12291 -0.62185 -0.77343
vn -0.13401 -0.66893 -0.73115
vn -0.33114 -0.71664 -0.61382
vn -0.14743 -0.65846 -0.73803
vn -0.32247 -0.91515 0.2419
vn -0.30067 -0.85654 0.41945
vn 0.04266 -0.65486 0.75455
vn -0.39478 -0.87709 0.27361
vn -0.45648 -0.88953 -0.01932
vn -0.12019 -0.95427 0.27372
vn -0.58867 0.48068 -0.64993
vn -0.88007 0.24045 -0.40947
vn -0.64732 0.45436 -0.61199
vn -0.43821 0.31674 -0.84122
vn -0.3273 0.39979 -0.85618
vn -0.42525 0.36665 -0.82748
vn -0.76249 0.31611 -0.56452
vn -0.86538 0.106 -0.48978
vn -0.78283 0.35718 -0.50951
vn -0.968 0.00095 -0.25093
vn -0.97192 -0.04291 -0.23137
vn -0.99783 -0.06196 0.02218
vn -0.62644 0.61725 0.476
vn -0.80934 0.51345 0.2852
vn -0.90043 0.41728 0.12287
vn -0.23386 0.78559 0.57286
vn -0.07623 0.76933 -0.63429
vn 0.07809 0.41534 -0.90631
vn -0.74752 0.52362 -0.40869
vn 0.62505 0.76704 -0.14479
vn 0.81815 0.52053 -0.24429
vn -0.95611 0.2928 0.01063
vn -0.87794 0.33945 -0.33762
vn -0.91822 0.32406 -0.22771
vn -0.95694 0.29017 0.00764
vn -0.92908 0.36986 0.00424
vn -0.88052 0.40962 -0.23852
vn -0.89842 0.40006 -0.18111
vn -0.93003 0.36748 0.00057
vt 0.5 0.5
vt 0.375 0.25
vt 0.5 0.25
vt 0.375 0
vt 0.375 0.5
vt 0.375 0.75
vt 0.375 1
vt 0.5 0.75
vt 0.5 1
usemtl mat2
f 4151/343/4151 4152/344/4152 4153/345/4153
f 4154/345/4154 4155/346/4155 4156/344/4156
f 4157/346/4157 4158/344/4158 4159/346/4159
f 4160/344/4160 4161/347/4161 4162/344/4162
f 4163/347/4163 4164/344/4164 4165/347/4165
f 4166/344/4166 4167/346/4167 4168/344/4168
f 4169/344/4169 4170/346/4170 4171/344/4171
f 4172/348/4172 4173/347/4173 4174/348/4174
f 4175/346/4175 4176/344/4176 4177/346/4177
f 4178/344/4178 4179/346/4179 4180/344/4180
f 4181/344/4181 4182/346/4182 4183/346/4183
f 4184/344/4184 4185/344/4185 4186/347/4186
f 4187/344/4187 4188/346/4188 4189/344/4189
f 4190/344/4190 4191/345/4191 4192/346/4192
f 4193/347/4193 4194/347/4194 4195/348/4195
f 4196/348/4196 4197/347/4197 4198/347/4198
f 4199/348/4199 4200/349/4200 4201/348/4201
f 4202/348/4202 4203/347/4203 4204/350/4204
f 4205/348/4205 4206/349/4206 4207/348/4207
f 4206/349/4206 4205/348/4205 4208/349/4208
f 4209/349/4209 4210/348/4210 4211/349/4211
f 4212/349/4212 4213/348/4213 4209/349/4209
f 4214/350/4214 4215/349/4215 4216/348/4216
f 4215/349/4215 4214/350/4214 4217/351/4217
f 4218/350/4218 4219/349/4219 4220/348/4220
f 4219/349/4219 4218/350/4218 4221/351/4221
# Vertices: 71, normals: 71, texture coordinates: 9, faces: 26

o obj36
v -1.06972933 -0.27935469 0.01531782
v -1.04557705 -0.17253223 0.01393794
v -1.04870296 -0.16527963 0.10589492
v -1.09066343 -0.2035204 -0.15290172
v -1.02744973 -0.16477056 -0.1514851
v -1.04164934 -0.24294513 -0.11401323
v -1.09066343 -0.19920047 0.18152238
v -1.1449461 -0.22638632 0.14020909
v -1.06956291 -0.26949862 0.13081215
v -1.06956291 -0.26949862 0.13081215
v -1.04870296 -0.16527963 0.10589492
v -1.04164934 -0.23961657 0.14366525
v -1.02744973 -0.16050015 0.1791053
v -1.08699918 -0.12619379 0.14391726
v -1.09066343 -0.19920047 0.18152238
v -0.9326691 -0.15411778 0.08351489
v -0.92082131 -0.20153563 0.13936903
v -0.97796106 -0.17593436 0.13780922
v -1.01957834 -0.29559672 0.14903277
v -0.9508056 -0.31090817 0.18375343
v -0.98353082 -0.27159348 0.13753676
v -1.04870296 -0.16527963 0.10589492
v -1.08699918 -0.12619379 0.14391726
v -1.03658342 -0.16580194 0.08974933
v -1.1282326 -0.12738621 -0.10342497
v -1.1449461 -0.22963004 -0.11089998
v -1.1286912 -0.13403396 0.01344064
vn 0.97296 -0.23047 0.01528
vn 0.97928 -0.20214 -0.01235
vn 0.97488 -0.21748 0.04807
vn 0.14479 -0.56239 -0.8141
vn 0.42767 -0.46156 -0.77721
vn 0.14771 -0.52638 -0.83732
vn -0.11605 -0.65068 0.75043
vn -0.36464 -0.86119 0.3541
vn -0.33131 -0.84668 0.41638
vn 0.33783 -0.42254 -0.84103
vn 0.49234 -0.84493 -0.20902
vn 0.36163 -0.49395 -0.79072
vn -0.24519 0.44624 0.86067
vn -0.37051 0.3676 0.85299
vn -0.36862 0.38429 0.84643
vn -0.00041 -0.69578 -0.71825
vn 0.14353 -0.66994 -0.72841
vn -0.32234 -0.75428 -0.57198
vn -0.26725 0.50231 0.82235
vn -0.21895 0.65901 0.71956
vn -0.26622 0.58513 0.766
vn 0.09608 0.81029 -0.5781
vn -0.54772 -0.38073 -0.74501
vn -0.56699 0.46964 -0.67672
vn -0.81299 0.24153 -0.52983
vn -0.90633 0.14011 -0.39868
vn -0.98691 0.1612 -0.00493
vt 0.5 0.25
vt 0.5 0
vt 0.375 0
vt 0.375 0.5
vt 0.375 0.25
vt 0.375 0.75
vt 0.375 1
vt 0.5 0.75
usemtl mat2
f 4222/352/4222 4223/353/4223 4224/354/4224
f 4225/355/4225 4226/355/4226 4227/356/4227
f 4228/355/4228 4229/355/4229 4230/356/4230
f 4231/356/4231 4232/354/4232 4233/356/4233
f 4234/355/4234 4235/357/4235 4236/355/4236
f 4237/354/4237 4238/356/4238 4239/354/4239
f 4240/357/4240 4241/355/4241 4242/357/4242
f 4243/358/4243 4244/357/4244 4245/358/4245
f 4246/357/4246 4247/355/4247 4248/359/4248
# Vertices: 27, normals: 27, texture coordinates: 8, faces: 9

o obj37
v -0.74291664 -0.31227732 0.0157421
v -0.77332848 -0.39645672 0.1357104
v -0.77318615 -0.4025681 0.01690844
v -0.77332848 -0.39952752 -0.10201176
v -0.74291664 -0.31227732 0.0157421
v -0.77318615 -0.4025681 0.01690844
v -0.85343641 -0.18725495 0.13205595
v -0.8293246 -0.106507 0.01308406
v -0.83732587 -0.10877996 0.13175932
v -0.83732587 -0.11184467 -0.10549289
v -0.8293246 -0.106507 0.01308406
v -0.85343587 -0.1903 -0.10376038
v -0.85057807 -0.19215773 0.01419046
v -0.97953814 -0.43772426 0.03132673
v -0.967291 -0.32632956 0.02988779
v -0.96573037 -0.32183108 0.07788568
v -0.98347843 -0.43152747 0.11963105
v -0.96548736 -0.32030734 0.09547246
v -0.97294229 -0.41241425 0.15022774
v -0.92701781 -0.36110741 -0.10589533
v -0.9508056 -0.31524846 -0.15224653
v -0.91014111 -0.27558723 -0.10926022
v -0.85343587 -0.1903 -0.10376038
v -0.88668942 -0.19445401 -0.12181824
v -0.87915206 -0.13238807 -0.15595075
v -1.06956291 -0.27248523 -0.10039256
v -1.04870296 -0.16765736 -0.07817471
v -1.06972933 -0.27935469 0.01531782
v -0.74934196 -0.31640044 -0.10898004
v -0.81299537 -0.39993405 -0.14578615
v -0.79978985 -0.33352038 -0.19508909
v -0.86524189 -0.35636184 -0.20429784
v -0.81299537 -0.39993405 -0.14578615
v -0.95554405 -0.31409392 0.06923102
v -0.91014111 -0.27237055 0.13975699
v -0.92701781 -0.35794908 0.13860327
v -0.85182995 -0.40227091 0.17198654
v -0.86132824 -0.3491753 0.08641558
v -0.85656178 -0.34796748 0.11201012
v -0.97294229 -0.41599232 -0.12676415
v -1.03311205 -0.38601947 -0.1362561
v -1.00785625 -0.36633596 -0.15454686
v -0.95636177 -0.39268565 0.14853176
v -0.95919991 -0.31800577 0.09341656
v -0.92701781 -0.35794908 0.13860327
v -0.95554405 -0.31409392 0.06923102
v -1.05232346 -0.40421462 -0.0826796
v -0.97953814 -0.43772426 0.03132673
v -1.05700135 -0.40951756 0.03096237
v -1.06956291 -0.27248523 -0.10039256
v -1.1449461 -0.22963004 -0.11089998
v -1.09066343 -0.2035204 -0.15290172
v -0.87915206 -0.13238807 -0.15595075
v -0.90027755 -0.066107 -0.10062325
v -0.83732587 -0.11184467 -0.10549289
v -0.86132824 -0.35098854 -0.05395371
v -0.91352481 -0.36966327 -0.10833602
v -0.85182995 -0.40627676 -0.13812359
v -0.81299537 -0.3957324 0.1794817
v -0.85656178 -0.34796748 0.11201012
v -0.85037822 -0.34629947 0.11348669
v -1.08699918 -0.1295667 -0.11719296
v -1.02744973 -0.16477056 -0.1514851
v -1.09066343 -0.2035204 -0.15290172
v -0.77318615 -0.4025681 0.01690844
v -0.85037822 -0.34629947 0.11348669
v -0.84758919 -0.34622365 0.0161806
v -0.93593472 -0.16076718 -0.15391903
v -0.91960716 -0.09240107 -0.12462663
v -0.87915206 -0.13238807 -0.15595075
v -1.00785625 -0.36633596 -0.15454686
v -1.04001737 -0.30329955 -0.1116135
v -1.01957834 -0.29904523 -0.11793094
v -0.9251231 -0.1533234 -0.08414635
v -0.90027755 -0.066107 -0.10062325
v -0.91960716 -0.09240107 -0.12462663
vn 0.95096 -0.30894 -0.01496
vn 0.93381 -0.19416 0.3005
vn 0.95508 -0.29635 0.00019
vn 0.93381 -0.20185 -0.29538
vn 0.95096 -0.30845 0.02294
vn 0.95508 -0.29626 0.00747
vn 0.82894 -0.3406 0.44368
vn 0.97309 -0.22986 0.01601
vn 0.90532 -0.25734 0.33789
vn 0.90532 -0.26599 -0.33112
vn 0.97481 -0.22244 0.01646
vn 0.84633 -0.27203 -0.45795
vn 0.97589 -0.21792 0.0121
vn 0.99107 -0.11982 -0.05854
vn 0.99056 -0.13607 0.01682
vn 0.98613 -0.13732 -0.09327
vn 0.98595 -0.16365 -0.03351
vn 0.68933 -0.72443 -0.00579
vn 0.87803 -0.30899 -0.3655
vn 0.64991 -0.29675 -0.69968
vn 0.65986 -0.28834 -0.69387
vn 0.7919 -0.17924 -0.58375
vn 0.73857 -0.28449 -0.61122
vn 0.41243 -0.472 -0.77918
vn 0.29412 -0.5214 -0.80102
vn 0.97754 -0.20852 -0.03054
vn 0.98111 -0.19333 -0.0068
vn 0.98388 -0.17733 0.02309
vn 0.85102 -0.52406 -0.03358
vn 0.5959 -0.69077 -0.40955
vn 0.56754 -0.53712 -0.62401
vn 0.11898 -0.74076 -0.66115
vn 0.5498 -0.53614 -0.64053
vn 0.66333 -0.41229 -0.62451
vn 0.8709 -0.16551 -0.46275
vn 0.56874 -0.4948 -0.65704
vn 0.9797 -0.17805 -0.09213
vn 0.20491 -0.78654 -0.58255
vn 0.44417 -0.62189 -0.64496
vn -0.29172 -0.8444 -0.44931
vn -0.2016 -0.67105 -0.71347
vn 0.06002 -0.56902 -0.82013
vn 0.38278 -0.42985 -0.81775
vn -0.17045 -0.70045 -0.69305
vn 0.50513 -0.51217 -0.69465
vn 0.42747 -0.59011 -0.68487
vn -0.21238 -0.9526 -0.21783
vn -0.33514 -0.94214 0.00761
vn -0.36887 -0.92899 0.03014
vn -0.33132 -0.85715 -0.39437
vn -0.36462 -0.87006 -0.33174
vn -0.11604 -0.66985 -0.73338
vn 0.23474 0.68941 -0.68528
vn 0.50846 0.79995 -0.31866
vn 0.49762 0.81388 -0.29997
vn -0.01762 -0.79839 0.60188
vn -0.24065 -0.82349 0.51376
vn 0.14271 -0.77486 0.61581
vn 0.27065 -0.40935 -0.87131
vn 0.31298 -0.73826 -0.59751
vn -0.26958 -0.86675 -0.4196
vn -0.3705 0.34544 -0.86221
vn -0.24529 0.42378 -0.87192
vn -0.36862 0.3623 -0.85607
vn -0.6023 -0.79795 -0.02249
vn -0.53826 -0.78598 -0.30417
vn -0.57774 -0.81608 0.01492
vn -0.24009 0.4268 -0.87189
vn -0.05231 0.5694 -0.82039
vn -0.01286 0.59474 -0.80381
vn -0.18581 0.47247 -0.86154
vn -0.31892 0.37172 -0.87185
vn -0.4055 0.39786 -0.82297
vn -0.89915 0.35312 0.25853
vn -0.92764 0.34209 0.14982
vn -0.62454 0.51178 0.58994
vt 0.5 0.5
vt 0.375 0.25
vt 0.5 0.25
vt 0.375 0.5
vt 0.5 0
vt 0.375 0
vt 0.375 0.75
vt 0.375 1
usemtl mat2
f 4249/360/4249 4250/361/4250 4251/362/4251
f 4252/361/4252 4253/360/4253 4254/362/4254
f 4255/361/4255 4256/360/4256 4257/363/4257
f 4258/363/4258 4259/360/4259 4260/361/4260
f 4260/361/4260 4259/360/4259 4261/362/4261
f 4262/362/4262 4263/364/4263 4264/365/4264
f 4265/361/4265 4266/365/4266 4267/361/4267
f 4268/361/4268 4269/363/4269 4270/361/4270
f 4271/361/4271 4272/361/4272 4273/363/4273
f 4274/361/4274 4275/365/4275 4276/362/4276
f 4277/363/4277 4278/361/4278 4279/363/4279
f 4280/363/4280 4279/363/4279 4281/361/4281
f 4282/365/4282 4283/365/4283 4284/361/4284
f 4285/361/4285 4286/365/4286 4287/365/4287
f 4288/361/4288 4289/363/4289 4290/363/4290
f 4291/361/4291 4292/365/4292 4293/361/4293
f 4294/365/4294 4293/361/4293 4292/365/4292
f 4295/363/4295 4296/362/4296 4297/360/4297
f 4298/361/4298 4299/363/4299 4300/363/4300
f 4301/363/4301 4302/366/4302 4303/363/4303
f 4304/365/4304 4305/365/4305 4306/361/4306
f 4307/361/4307 4308/365/4308 4309/365/4309
f 4310/366/4310 4311/363/4311 4312/363/4312
f 4313/362/4313 4314/365/4314 4315/364/4315
f 4316/363/4316 4317/366/4317 4318/363/4318
f 4319/363/4319 4320/366/4320 4321/366/4321
f 4322/367/4322 4323/366/4323 4324/366/4324
# Vertices: 76, normals: 76, texture coordinates: 8, faces: 27

o obj38
v -0.74934196 -0.31640044 -0.10898004
v -0.74291664 -0.31227732 0.0157421
v -0.77332848 -0.39952752 -0.10201176
v -0.96548736 -0.32240778 -0.06713196
v -0.98347843 -0.43443522 -0.10547017
v -0.97294229 -0.41599232 -0.12676415
v -0.83732587 -0.11184467 -0.10549289
v -0.85343587 -0.1903 -0.10376038
v -0.87915206 -0.13238807 -0.15595075
v -0.81299537 -0.3957324 0.1794817
v -0.74934179 -0.31317833 0.14053015
v -0.79978985 -0.32806733 0.22705369
v -0.86524189 -0.35636184 -0.20429784
v -0.81299537 -0.39993405 -0.14578615
v -0.85182995 -0.40627676 -0.13812359
v -1.00785625 -0.36633596 -0.15454686
v -0.95636177 -0.39608884 -0.11492426
v -0.97294229 -0.41599232 -0.12676415
v -1.03311205 -0.38601947 -0.1362561
v -0.97294229 -0.41599232 -0.12676415
v -0.98347843 -0.43443522 -0.10547017
v -0.93593472 -0.16076718 -0.15391903
v -0.87915206 -0.13238807 -0.15595075
v -0.88668942 -0.19445401 -0.12181824
v -0.89227068 -0.06067355 0.01249201
v -0.83732587 -0.11184467 -0.10549289
v -0.90027755 -0.066107 -0.10062325
v -0.8293246 -0.106507 0.01308406
v -0.74934196 -0.31640044 -0.10898004
v -0.80952531 -0.2531732 0.01497862
v -0.74291664 -0.31227732 0.0157421
v -1.04870296 -0.16527963 0.10589492
v -1.1286912 -0.13403396 0.01344064
v -1.1282326 -0.12436971 0.13009554
v -1.1282326 -0.12436971 0.13009554
v -1.09066343 -0.19920047 0.18152238
v -1.08699918 -0.12619379 0.14391726
v -1.09066343 -0.2035204 -0.15290172
v -1.1282326 -0.12738621 -0.10342497
v -1.08699918 -0.1295667 -0.11719296
v -1.1449461 -0.22963004 -0.11089998
v -0.84182036 -0.28390515 -0.14945014
v -0.86524189 -0.35636184 -0.20429784
v -0.87830478 -0.30314592 -0.14497325
v -0.79978985 -0.33352038 -0.19508909
v -0.9508056 -0.31524846 -0.15224653
v -0.98353082 -0.27475306 -0.10706082
v -0.91014111 -0.27558723 -0.10926022
v -0.93593401 -0.15643513 0.18143399
v -0.91960716 -0.08884859 0.15038644
v -0.9508422 -0.11082218 0.14178854
v -0.91960716 -0.09240107 -0.12462663
v -0.93593472 -0.16076718 -0.15391903
v -0.9508422 -0.11414524 -0.11546401
v -1.04001737 -0.30329955 -0.1116135
v -1.00785625 -0.36633596 -0.15454686
v -1.03311205 -0.38601947 -0.1362561
v -1.05232346 -0.40421462 -0.0826796
v -1.01957834 -0.29559672 0.14903277
v -0.96548736 -0.32030734 0.09547246
v -1.04001737 -0.30009556 0.13641982
v -0.98353082 -0.27159348 0.13753676
v -0.95919991 -0.31800577 0.09341656
v -1.01957834 -0.29559672 0.14903277
v -0.9284851 -0.15249565 0.10372463
v -0.91960716 -0.08884859 0.15038644
v -0.90027755 -0.06318332 0.12571186
vn 0.89885 -0.34957 -0.26433
vn 0.95505 -0.29625 -0.01084
vn 0.86054 -0.40943 -0.30304
vn 0.88977 -0.41796 0.18337
vn 0.98246 -0.17832 0.05455
vn 0.96432 -0.21281 0.15746
vn 0.93348 -0.28262 -0.22079
vn 0.92805 -0.26095 -0.26577
vn 0.70736 -0.33809 -0.62076
vn 0.59593 -0.67994 0.42726
vn 0.85102 -0.52301 0.0471
vn 0.60621 -0.49989 0.61856
vn -0.23483 -0.76963 -0.59374
vn 0.17852 -0.64884 -0.73969
vn -0.17496 -0.76937 -0.61438
vn 0.71156 0.12022 -0.69227
vn 0.47449 -0.39459 -0.78687
vn 0.20955 -0.26881 -0.94012
vn -0.10992 -0.48939 -0.86511
vn -0.09598 -0.57326 -0.81373
vn -0.42779 -0.76773 -0.47706
vn 0.12583 -0.6009 -0.78936
vn 0.44789 -0.42265 -0.78788
vn 0.41367 -0.42711 -0.80402
vn 0.58552 0.81066 0.00016
vn 0.50898 0.78705 -0.34857
vn 0.47183 0.76277 -0.44222
vn 0.58543 0.81072 -0.00028
vn 0.51329 0.83268 -0.20779
vn 0.65347 0.75695 0.00027
vn 0.66116 0.75025 -0.00017
vn 0.05122 0.94774 -0.3149
vn 0.43715 0.89928 -0.01435
vn 0.34962 0.89558 -0.27515
vn -0.67905 0.23256 0.69628
vn -0.15145 0.50842 0.84769
vn -0.32539 0.44076 0.83657
vn -0.47654 0.33885 -0.81123
vn -0.83107 0.29279 -0.47286
vn -0.32539 0.419 -0.84768
vn -0.93352 0.23833 -0.26783
vn 0.00287 0.71253 -0.70164
vn -0.45845 0.5495 -0.69848
vn -0.58463 0.49355 -0.64391
vn 0.12003 0.72501 -0.67819
vn -0.01963 0.73971 -0.67264
vn 0.06489 0.6867 -0.72404
vn -0.01172 0.74041 -0.67205
vn -0.51309 0.46046 0.72437
vn -0.30865 0.44438 0.84099
vn -0.44578 0.47453 0.75901
vn -0.3087 0.42253 -0.85216
vn -0.5131 0.44159 -0.73602
vn -0.44579 0.45478 -0.77101
vn -0.85671 0.03472 -0.51463
vn -0.57766 0.31809 -0.75175
vn -0.81478 0.12409 -0.56634
vn -0.99182 0.04979 -0.1175
vn -0.16064 0.79913 -0.5793
vn -0.3947 0.9185 0.02382
vn 0.07164 0.96736 -0.24308
vn -0.41924 0.58908 -0.69081
vn -0.68784 0.71821 0.10511
vn -0.34764 0.75782 -0.55214
vn -0.29468 0.67751 -0.6739
vn -0.62243 0.49036 -0.61002
vn -0.92849 0.33024 -0.16987
vt 0.375 0.5
vt 0.5 0.5
vt 0.375 0.25
vt 0.375 0
vt 0.5 0.75
vt 0.375 0.75
vt 0.375 1
usemtl mat2
f 4325/368/4325 4326/369/4326 4327/370/4327
f 4328/371/4328 4329/370/4329 4330/370/4330
f 4331/368/4331 4332/370/4332 4333/368/4333
f 4334/370/4334 4335/368/4335 4336/368/4336
f 4337/368/4337 4338/370/4338 4339/370/4339
f 4340/368/4340 4341/370/4341 4342/370/4342
f 4343/368/4343 4344/370/4344 4345/370/4345
f 4346/368/4346 4347/368/4347 4348/370/4348
f 4349/372/4349 4350/368/4350 4351/373/4351
f 4350/368/4350 4349/372/4349 4352/369/4352
f 4353/368/4353 4354/372/4354 4355/369/4355
f 4356/374/4356 4357/372/4357 4358/373/4358
f 4359/373/4359 4360/368/4360 4361/373/4361
f 4362/368/4362 4363/373/4363 4364/373/4364
f 4363/373/4363 4362/368/4362 4365/368/4365
f 4366/373/4366 4367/368/4367 4368/373/4368
f 4367/368/4367 4366/373/4366 4369/368/4369
f 4370/368/4370 4371/373/4371 4372/368/4372
f 4373/368/4373 4374/373/4374 4375/373/4375
f 4376/373/4376 4377/368/4377 4378/373/4378
f 4379/373/4379 4380/368/4380 4381/368/4381
f 4382/368/4382 4379/373/4379 4381/368/4381
f 4383/373/4383 4384/374/4384 4385/373/4385
f 4386/373/4386 4387/374/4387 4388/373/4388
f 4389/374/4389 4390/373/4390 4391/373/4391
# Vertices: 67, normals: 67, texture coordinates: 7, faces: 25

o obj39
v -0.81299537 -0.39993405 -0.14578615
v -0.85656178 -0.3504422 -0.07956989
v -0.85182995 -0.40627676 -0.13812359
v -1.02744973 -0.16050015 0.1791053
v -1.04164934 -0.23961657 0.14366525
v -1.00822902 -0.21142384 0.13065502
v -1.00785697 -0.36191928 0.18737462
v -0.97294229 -0.41241425 0.15022774
v -0.95636177 -0.39268565 0.14853176
v -0.92082131 -0.20153563 0.13936903
v -0.9326691 -0.15411778 0.08351489
v -0.9284851 -0.15249565 0.10372463
v -0.88668942 -0.19094002 0.15021507
v -0.93593401 -0.15643513 0.18143399
v -0.92082131 -0.20153563 0.13936903
v -0.97953814 -0.43772426 0.03132673
v -1.05232334 -0.40183431 0.10166402
v -1.05700135 -0.40951756 0.03096237
v -0.98347843 -0.43152747 0.11963105
v -1.09066343 -0.19920047 0.18152238
v -1.06956291 -0.26949862 0.13081215
v -1.04164934 -0.23961657 0.14366525
v -1.06956291 -0.27248523 -0.10039256
v -1.06972933 -0.27935469 0.01531782
v -1.14528453 -0.23628673 0.01476149
v -1.08699918 -0.12619379 0.14391726
v -1.02744973 -0.16050015 0.1791053
v -1.04791188 -0.10980864 0.13347675
v -0.98210704 -0.13084783 0.13146034
v -0.85037822 -0.34629947 0.11348669
v -0.77318615 -0.4025681 0.01690844
v -0.77332848 -0.39645672 0.1357104
v -0.77332848 -0.39952752 -0.10201176
v -0.77318615 -0.4025681 0.01690844
v -0.85037822 -0.34881288 -0.08108906
v -0.84758919 -0.34622365 0.0161806
v -0.9251231 -0.1533234 -0.08414635
v -0.85057807 -0.19215773 0.01419046
v -0.92028189 -0.14975695 0.01364274
v -1.09066343 -0.19920047 0.18152238
v -1.1282326 -0.12436971 0.13009554
v -1.1449461 -0.22638632 0.14020909
v -0.86524189 -0.35066333 0.23684937
v -0.84182036 -0.27964753 0.18014835
v -0.87830478 -0.29899755 0.17616996
v -0.9508056 -0.31090817 0.18375343
v -1.01957834 -0.29559672 0.14903277
v -1.00785697 -0.36191928 0.18737462
v -1.08699918 -0.12619379 0.14391726
v -1.04870296 -0.16527963 0.10589492
v -1.1282326 -0.12436971 0.13009554
v -0.91960716 -0.08884859 0.15038644
v -0.93593401 -0.15643513 0.18143399
v -0.87915206 -0.12801312 0.182733
v -1.05921841 -0.31145167 0.0296956
v -0.96573037 -0.32353139 -0.05374333
v -1.05441236 -0.30614597 -0.07608176
v -0.967291 -0.32632956 0.02988779
v -1.05921841 -0.31145167 0.0296956
v -1.05441236 -0.30394334 0.09443202
v -0.9508422 -0.11082218 0.14178854
v -0.9284851 -0.15249565 0.10372463
v -0.9326691 -0.15411778 0.08351489
v -0.91960716 -0.08884859 0.15038644
v -1.00785697 -0.36191928 0.18737462
v -1.04001737 -0.30009556 0.13641982
v -1.03311205 -0.38216528 0.16211401
v -1.04791188 -0.10980864 0.13347675
v -1.03658342 -0.16580194 0.08974933
v -1.08699918 -0.12619379 0.14391726
v -1.05921841 -0.31145167 0.0296956
v -1.05232334 -0.40183431 0.10166402
v -1.05441236 -0.30394334 0.09443202
v -1.05232346 -0.40421462 -0.0826796
v -1.05700135 -0.40951756 0.03096237
v -1.05921841 -0.31145167 0.0296956
v -0.87830478 -0.30314592 -0.14497325
v -0.91352481 -0.36966327 -0.10833602
v -0.86132824 -0.35098854 -0.05395371
v -0.87830478 -0.29899755 0.17616996
v -0.86132824 -0.3491753 0.08641558
v -0.91352481 -0.36643907 0.14126214
vn 0.04547 -0.81559 0.57683
vn 0.30317 -0.93972 -0.15813
vn 0.17014 -0.7539 0.63458
vn 0.70976 -0.32092 0.6271
vn 0.49399 -0.37085 0.78641
vn 0.5983 -0.3575 0.7171
vn 0.57681 -0.12902 0.80662
vn 0.1027 -0.4678 0.87785
vn 0.39762 -0.4445 0.8027
vn 0.96613 -0.22389 -0.12834
vn 0.21619 -0.66387 -0.71592
vn 0.58904 -0.37916 -0.71363
vn 0.06973 -0.53099 0.8445
vn -0.16751 -0.69573 0.6985
vn -0.05747 -0.63868 0.76732
vn -0.37164 -0.92799 0.0267
vn -0.39607 -0.88787 0.23412
vn -0.36814 -0.92961 0.01738
vn -0.39674 -0.85711 0.32858
vn 0.32042 -0.4595 0.82837
vn -0.17925 -0.66745 0.72276
vn 0.21981 -0.52069 0.82497
vn -0.5963 -0.64974 -0.47145
vn -0.49224 -0.87026 0.01859
vn -0.50748 -0.86154 0.01454
vn -0.08491 0.52861 0.84461
vn 0.12104 0.69086 0.71279
vn 0.02527 0.62144 0.78305
vn 0.24476 0.70138 0.66944
vn -0.33523 -0.93368 -0.12595
vn -0.55552 -0.83064 0.03787
vn -0.50819 -0.84192 -0.1814
vn -0.50819 -0.83696 0.20309
vn -0.5797 -0.8147 0.01474
vn -0.47232 -0.83462 0.2834
vn -0.57774 -0.8162 0.00617
vn -0.40893 -0.77709 0.47844
vn -0.52657 -0.84908 0.04231
vn -0.48973 -0.87186 0.00602
vn -0.60638 0.29892 0.73685
vn -0.89995 0.28973 0.3258
vn -0.93352 0.24519 0.26158
vn -0.61344 0.4854 0.62295
vn -0.15968 0.6309 0.75925
vn -0.58463 0.51002 0.63094
vn -0.32729 0.42178 0.84557
vn -0.50241 0.3369 0.79629
vn -0.4967 0.36394 0.78794
vn -0.061 0.68717 -0.72393
vn -0.68411 0.61346 0.39455
vn 0.29785 0.91964 -0.25603
vn -0.05228 0.59042 0.8054
vn -0.24009 0.44918 0.86058
vn -0.01283 0.61531 0.78818
vn 0.17357 0.98447 -0.02635
vn 0.14932 0.98508 0.08557
vn 0.17118 0.98147 0.0861
vn 0.09808 0.99166 -0.08364
vn 0.16267 0.98624 -0.02933
vn 0.16427 0.97761 -0.13152
vn -0.0512 0.67181 -0.73896
vn 0.04227 0.67719 -0.73459
vn 0.57657 0.78169 -0.23775
vn -0.51975 0.53919 -0.66268
vn -0.64732 0.32188 0.69092
vn -0.74803 0.10617 0.65511
vn -0.72492 0.16398 0.66903
vn -0.2327 0.64858 -0.72471
vn -0.48371 0.86564 -0.12917
vn -0.27523 0.6204 -0.73441
vn -0.99866 -0.0517 0.00369
vn -0.97493 -0.04647 0.21761
vn -0.97186 -0.00139 0.23557
vn -0.97742 0.09155 -0.19044
vn -0.99924 -0.01842 0.03449
vn -0.99935 -0.00134 0.03611
vn -0.64897 0.55399 0.52148
vn -0.67118 0.59724 0.43911
vn -0.81509 0.39043 0.42801
vn -0.64897 0.54033 -0.53561
vn -0.81509 0.37925 -0.43794
vn -0.67118 0.5857 -0.45439
vt 0.375 0.25
vt 0.375 0
vt 0.375 0.5
vt 0.5 0.25
vt 0.5 0.5
vt 0.375 0.75
vt 0.5 0
vt 0.375 1
vt 0.5 0.75
vt 0.5 1
usemtl mat2
f 4392/375/4392 4393/376/4393 4394/375/4394
f 4395/377/4395 4396/375/4396 4397/375/4397
f 4398/377/4398 4399/375/4399 4400/375/4400
f 4401/375/4401 4402/376/4402 4403/376/4403
f 4404/375/4404 4405/377/4405 4406/375/4406
f 4407/378/4407 4408/377/4408 4409/379/4409
f 4408/377/4408 4407/378/4407 4410/375/4410
f 4411/377/4411 4412/375/4412 4413/375/4413
f 4414/375/4414 4415/378/4415 4416/379/4416
f 4417/380/4417 4418/377/4418 4419/380/4419
f 4418/377/4418 4420/377/4420 4419/380/4419
f 4421/376/4421 4422/378/4422 4423/375/4423
f 4424/375/4424 4425/378/4425 4426/376/4426
f 4426/376/4426 4425/378/4425 4427/381/4427
f 4428/376/4428 4429/378/4429 4430/381/4430
f 4431/377/4431 4432/380/4432 4433/377/4433
f 4434/377/4434 4435/380/4435 4436/380/4436
f 4437/377/4437 4438/380/4438 4439/377/4439
f 4440/380/4440 4441/382/4441 4442/380/4442
f 4443/380/4443 4444/377/4444 4445/377/4445
f 4446/383/4446 4447/382/4447 4448/380/4448
f 4449/384/4449 4450/383/4450 4451/380/4451
f 4452/380/4452 4453/382/4453 4454/382/4454
f 4453/382/4453 4452/380/4452 4455/380/4455
f 4456/377/4456 4457/380/4457 4458/377/4458
f 4459/380/4459 4460/382/4460 4461/380/4461
f 4462/383/4462 4463/377/4463 4464/380/4464
f 4465/377/4465 4466/379/4466 4467/383/4467
f 4468/380/4468 4469/380/4469 4470/382/4470
f 4471/380/4471 4472/382/4472 4473/380/4473
# Vertices: 82, normals: 82, texture coordinates: 10, faces: 30

o obj40
v -0.85343641 -0.18725495 0.13205595
v -0.83732587 -0.10877996 0.13175932
v -0.87915206 -0.12801312 0.182733
v -1.00822902 -0.21142384 0.13065502
v -0.98210704 -0.13084783 0.13146034
v -1.02744973 -0.16050015 0.1791053
v -1.04164934 -0.23961657 0.14366525
v -1.02744973 -0.16050015 0.1791053
v -1.09066343 -0.19920047 0.18152238
v -1.03311205 -0.38216528 0.16211401
v -0.97294229 -0.41241425 0.15022774
v -1.00785697 -0.36191928 0.18737462
v -0.9508056 -0.31090817 0.18375343
v -0.95636177 -0.39268565 0.14853176
v -0.92701781 -0.35794908 0.13860327
v -0.88668942 -0.19094002 0.15021507
v -0.87915206 -0.12801312 0.182733
v -0.93593401 -0.15643513 0.18143399
v -0.89227068 -0.06067355 0.01249201
v -0.83732587 -0.10877996 0.13175932
v -0.8293246 -0.106507 0.01308406
v -0.80952531 -0.2531732 0.01497862
v -0.74934179 -0.31317833 0.14053015
v -0.74291664 -0.31227732 0.0157421
v -0.81597048 -0.25434631 0.13256158
v -0.80952531 -0.2531732 0.01497862
v -0.74934196 -0.31640044 -0.10898004
v -0.81597066 -0.25738215 -0.10253481
v -1.04870296 -0.16765736 -0.07817471
v -1.04164934 -0.24294513 -0.11401323
v -1.03658342 -0.16776246 -0.06202201
v -0.92082131 -0.20153563 0.13936903
v -0.93593401 -0.15643513 0.18143399
v -0.97796106 -0.17593436 0.13780922
v -0.9326691 -0.15592116 -0.05609246
v -0.97796106 -0.17913292 -0.10980512
v -0.92082131 -0.20476596 -0.11070411
v -0.86524189 -0.35066333 0.23684937
v -0.87830478 -0.29899755 0.17616996
v -0.91352481 -0.36643907 0.14126214
v -0.96573037 -0.32353139 -0.05374333
v -1.05921841 -0.31145167 0.0296956
v -0.967291 -0.32632956 0.02988779
v -0.96548736 -0.32030734 0.09547246
v -1.05441236 -0.30394334 0.09443202
v -1.04001737 -0.30009556 0.13641982
v -0.9508422 -0.11414524 -0.11546401
v -0.97796106 -0.17913292 -0.10980512
v -0.9326691 -0.15592116 -0.05609246
v -0.9284851 -0.1548216 -0.07633635
v -0.91960716 -0.09240107 -0.12462663
v -1.04001737 -0.30009556 0.13641982
v -1.00785697 -0.36191928 0.18737462
v -1.01957834 -0.29559672 0.14903277
v -1.03311205 -0.38216528 0.16211401
v -1.05232334 -0.40183431 0.10166402
v -1.05441236 -0.30394334 0.09443202
v -1.1286912 -0.13403396 0.01344064
v -1.14528453 -0.23628673 0.01476149
v -1.1449461 -0.22638632 0.14020909
v -1.1282326 -0.12436971 0.13009554
v -1.05921841 -0.31145167 0.0296956
v -1.05700135 -0.40951756 0.03096237
v -1.05232334 -0.40183431 0.10166402
v -0.9251231 -0.1533234 -0.08414635
v -0.89227068 -0.06067355 0.01249201
v -0.90027755 -0.066107 -0.10062325
v -0.92028189 -0.14975695 0.01364274
v -0.80952531 -0.2531732 0.01497862
v -0.85037822 -0.34881288 -0.08108906
v -0.84758919 -0.34622365 0.0161806
vn 0.92805 -0.25398 0.27241
vn 0.93346 -0.27689 0.22802
vn 0.70737 -0.32193 0.62928
vn 0.61767 -0.34866 0.70492
vn 0.77488 -0.25698 0.57751
vn 0.6238 -0.34099 0.70328
vn 0.14772 -0.50458 0.85064
vn 0.42767 -0.44133 0.78888
vn 0.14479 -0.54117 0.82836
vn -0.22591 -0.74513 0.6275
vn -0.33491 -0.84565 0.41558
vn 0.02545 -0.64866 0.76065
vn 0.72381 -0.23505 0.64873
vn 0.54714 -0.31001 0.77751
vn 0.63655 -0.28333 0.7173
vn 0.4137 -0.40619 0.81478
vn 0.44788 -0.40217 0.79854
vn 0.12585 -0.58029 0.80463
vn 0.57494 0.81793 -0.02079
vn 0.38997 0.88982 0.23696
vn 0.58543 0.81046 -0.02067
vn 0.66134 0.74983 -0.01971
vn 0.59686 0.75867 0.26111
vn 0.66115 0.75 -0.0192
vn 0.57819 0.75432 0.31096
vn 0.68567 0.72779 -0.01349
vn 0.62611 0.72484 -0.28739
vn 0.5782 0.74603 -0.33034
vn -0.08603 -0.41368 0.90635
vn -0.73306 -0.0054 0.68014
vn -0.12289 -0.60168 0.78923
vn -0.13401 -0.6498 0.7482
vn -0.14742 -0.63918 0.75479
vn -0.33113 -0.70054 0.63213
vn -0.00041 -0.67699 0.73599
vn -0.32233 -0.73926 0.59127
vn 0.14354 -0.65092 0.74545
vn -0.58868 0.49731 0.63729
vn -0.64733 0.47002 0.60004
vn -0.88007 0.25094 0.40312
vn 0.16075 0.98404 0.0763
vn 0.21579 0.97611 -0.02538
vn 0.16585 0.98551 -0.03553
vn -0.06811 0.98966 -0.1262
vn 0.17243 0.97649 -0.1294
vn 0.13615 0.95796 -0.25254
vn -0.40251 0.57037 0.71601
vn -0.78283 0.37022 0.50012
vn -0.8654 0.11862 0.48685
vn -0.32575 0.94529 0.01758
vn -0.51975 0.55611 0.64854
vn -0.8545 0.12396 0.50444
vn -0.35652 0.42543 0.83181
vn -0.51549 0.37551 0.77024
vn -0.95816 0.05613 0.28066
vn -0.99063 -0.00971 0.13622
vn -0.98812 -0.00453 0.1536
vn -0.98704 0.16047 0.00048
vn -0.98702 0.16057 0.00057
vn -0.89235 0.23622 0.3846
vn -0.81299 0.25513 0.52341
vn -0.99996 0.00334 -0.00829
vn -0.99979 -0.01891 -0.00825
vn -0.97956 0.05108 0.19454
vn -0.87795 0.34805 0.32875
vn -0.95611 0.29243 -0.01819
vn -0.91822 0.32984 0.21926
vn -0.95694 0.28988 -0.01514
vn -0.93576 0.35238 -0.01375
vn -0.88917 0.39898 0.22403
vn -0.93003 0.36734 -0.01007
vt 0.375 0.25
vt 0.375 0.5
vt 0.5 0.75
vt 0.5 0.5
vt 0.375 0.75
vt 0.375 0
vt 0.375 1
vt 0.5 1
usemtl mat2
f 4474/385/4474 4475/386/4475 4476/386/4476
f 4477/385/4477 4478/385/4478 4479/386/4479
f 4480/385/4480 4481/386/4481 4482/386/4482
f 4483/386/4483 4484/385/4484 4485/386/4485
f 4486/386/4486 4487/385/4487 4488/385/4488
f 4489/385/4489 4490/386/4490 4491/386/4491
f 4492/387/4492 4493/386/4493 4494/388/4494
f 4495/387/4495 4496/386/4496 4497/388/4497
f 4496/386/4496 4495/387/4495 4498/389/4498
f 4499/387/4499 4500/386/4500 4501/389/4501
f 4502/390/4502 4503/385/4503 4504/390/4504
f 4505/385/4505 4506/386/4506 4507/385/4507
f 4508/390/4508 4509/390/4509 4510/385/4510
f 4511/386/4511 4512/389/4512 4513/386/4513
f 4514/391/4514 4515/387/4515 4516/392/4516
f 4517/391/4517 4518/389/4518 4519/389/4519
f 4520/389/4520 4521/389/4521 4522/391/4522
f 4520/389/4520 4523/391/4523 4524/389/4524
f 4525/389/4525 4526/386/4526 4527/389/4527
f 4528/386/4528 4525/389/4525 4529/386/4529
f 4530/389/4530 4529/386/4529 4525/389/4525
f 4531/387/4531 4532/388/4532 4533/386/4533
f 4531/387/4531 4533/386/4533 4534/389/4534
f 4535/387/4535 4536/388/4536 4537/386/4537
f 4538/391/4538 4539/387/4539 4540/389/4540
f 4539/387/4539 4538/391/4538 4541/392/4541
f 4542/387/4542 4543/391/4543 4544/392/4544
# Vertices: 71, normals: 71, texture coordinates: 8, faces: 27

o obj41
v 0.88279426 0.24214512 0.03756576
v 0.88445723 0.28306651 0.02737935
v 0.86145723 0.28314787 0.00805168
v 0.85679626 0.33702791 0.00735569
v 0.88861924 0.29360428 0.04637482
v 0.89419025 0.331839 0.03981742
v 0.88861924 0.29360428 0.04637482
v 0.83599627 0.29331356 0.00792037
v 0.86145723 0.28314787 0.00805168
v 0.88445723 0.28306651 0.02737935
v 0.90745628 0.28248587 0.00806024
v 0.88279426 0.24214512 0.03756576
v 0.91716528 0.24177077 0.00858617
v 0.93158227 0.32581148 0.00750058
v 0.90898627 0.35303253 0.03093393
v 0.89419025 0.331839 0.03981742
v 0.93636227 0.34842652 0.00720845
v 0.93383223 0.28475881 0.00803087
v 0.93158227 0.32581148 0.00750058
v 0.88861924 0.29360428 0.04637482
vn -0.62793 0.21201 0.74884
vn -0.5917 -0.24645 0.76756
vn -0.35861 -0.11964 0.92579
vn -0.6281 0.33199 0.70376
vn -0.7442 -0.06027 0.66523
vn -0.56573 0.36049 0.74162
vn -0.54113 -0.39376 0.74306
vn -0.57313 -0.39586 0.71751
vn -0.53933 -0.56209 0.62704
vn -0.49422 -0.55594 0.66834
vn 0.58555 -0.46363 0.66496
vn 0.63715 0.16167 0.7536
vn 0.63715 0.16167 0.7536
vn 0.64961 -0.07204 0.75685
vn 0.6102 -0.18746 0.76975
vn 0.6548 -0.07591 0.75198
vn 0.60364 -0.22656 0.76439
vn 0.59046 -0.31866 0.74149
vn 0.64931 0.00062 0.76053
vn 0.50188 -0.29631 0.8126
vt 0.375 0
vt 0.625 0
vt 0.625 0.25
vt 0.625 0.75
vt 0.375 1
vt 0.375 0.75
vt 0.625 1
usemtl mat1
f 4545/393/4545 4546/394/4546 4547/395/4547
f 4548/395/4548 4549/394/4549 4550/394/4550
f 4551/394/4551 4552/395/4552 4553/395/4553
f 4551/394/4551 4553/395/4553 4554/394/4554
f 4555/396/4555 4556/397/4556 4557/398/4557
f 4558/396/4558 4559/399/4559 4560/399/4560
f 4559/399/4559 4558/396/4558 4561/396/4561
f 4562/396/4562 4563/396/4563 4564/399/4564
# Vertices: 20, normals: 20, texture coordinates: 7, faces: 8

o obj42
v 0.86145723 0.28711811 0.0080004
v 0.88861924 0.29658115 -0.03057905
v 0.88445723 0.28653753 -0.01131871
v 0.94506228 0.36288446 0.00702169
v 0.93181026 0.36754513 -0.00609161
v 0.96938324 0.37386632 0.00687983
vn -0.17924 -0.66179 -0.72794
vn -0.66664 -0.35554 -0.65512
vn -0.49422 -0.57302 -0.65376
vn 0.43992 -0.64692 -0.62287
vn 0.48873 -0.58844 -0.64411
vn 0.32844 -0.73504 -0.59316
vt 0.625 0.25
vt 0.625 0.5
vt 0.625 0.75
usemtl mat1
f 4565/400/4565 4566/401/4566 4567/401/4567
f 4568/402/4568 4569/401/4569 4570/402/4570
# Vertices: 6, normals: 6, texture coordinates: 3, faces: 2

o obj43
v 0.86145723 0.28711811 0.0080004
v 0.88279426 0.24536665 -0.02044469
v 0.84842324 0.24574099 0.00853489
v 0.91855723 0.37254298 0.00689692
v 0.93181026 0.36754513 -0.00609161
v 0.90898627 0.35638833 -0.01667938
v 0.88861924 0.29658115 -0.03057905
v 0.86145723 0.28711811 0.0080004
v 0.83599627 0.29728377 0.00786909
v 0.90745628 0.28645611 0.00800895
v 0.88279426 0.24536665 -0.02044469
v 0.88445723 0.28653753 -0.01131871
v 0.91716528 0.24574099 0.00853489
v 0.88861924 0.29658115 -0.03057905
v 0.93158227 0.32978171 0.00744929
v 0.93383223 0.28872904 0.00797959
v 0.93158227 0.32978171 0.00744929
v 0.89419025 0.33497244 -0.02501146
v 0.90898627 0.35638833 -0.01667938
v 0.93636227 0.35239673 0.00715716
v 0.94506228 0.36288446 0.00702169
v 0.93636227 0.35239673 0.00715716
v 0.93181026 0.36754513 -0.00609161
vn -0.66701 -0.2685 -0.69498
vn -0.63147 0.18967 -0.75184
vn -0.63038 0.19004 -0.75267
vn -0.13596 0.88574 -0.44381
vn -0.10111 0.90552 -0.41209
vn -0.34707 0.8104 -0.47202
vn -0.44832 -0.47381 -0.75796
vn -0.55291 -0.59317 -0.58519
vn -0.5731 -0.41426 -0.70707
vn 0.52619 -0.47927 -0.70244
vn 0.63713 0.14216 -0.75753
vn 0.49074 -0.41646 -0.76533
vn 0.63715 0.14215 -0.75752
vn 0.50187 -0.31719 -0.80469
vn 0.6493 -0.01903 -0.76029
vn 0.59045 -0.33771 -0.73302
vn 0.64961 -0.09157 -0.75473
vn 0.6548 -0.09534 -0.74977
vn 0.61021 -0.20726 -0.76465
vn 0.60364 -0.24622 -0.75828
vn 0.42748 -0.56965 -0.70197
vn 0.59781 -0.37014 -0.71107
vn 0.56714 -0.51028 -0.6465
vt 0.625 0.25
vt 0.375 0.5
vt 0.375 0.25
vt 0.625 0.5
vt 0.625 0.75
vt 0.375 0.75
usemtl mat1
f 4571/403/4571 4572/404/4572 4573/405/4573
f 4574/403/4574 4575/406/4575 4576/406/4576
f 4577/406/4577 4578/403/4578 4579/403/4579
f 4580/407/4580 4581/404/4581 4582/406/4582
f 4581/404/4581 4580/407/4580 4583/408/4583
f 4584/406/4584 4585/407/4585 4586/407/4586
f 4587/407/4587 4588/406/4588 4589/406/4589
f 4590/407/4590 4587/407/4587 4589/406/4589
f 4591/407/4591 4592/407/4592 4593/406/4593
# Vertices: 23, normals: 23, texture coordinates: 6, faces: 9

o obj44
v 0.89419025 0.331839 0.03981742
v 0.88161027 0.35702473 0.00709738
v 0.85679626 0.33702791 0.00735569
v 0.90898627 0.35303253 0.03093393
v 0.86145723 0.28314787 0.00805168
v 0.84842324 0.24177077 0.00858617
v 0.88279426 0.24214512 0.03756576
v 0.88279426 0.24139643 -0.02039341
v 0.86145723 0.28314787 0.00805168
v 0.88445723 0.28256729 -0.01126743
v 0.88861924 0.29360428 0.04637482
v 0.85679626 0.33702791 0.00735569
v 0.83599627 0.29331356 0.00792037
v 0.88861924 0.29360428 0.04637482
v 0.90745628 0.28248587 0.00806024
v 0.93383223 0.28475881 0.00803087
v 0.90745628 0.28248587 0.00806024
v 0.88445723 0.28256729 -0.01126743
v 0.88861924 0.29261091 -0.03052776
v 0.88279426 0.24214512 0.03756576
v 0.90745628 0.28248587 0.00806024
v 0.88445723 0.28306651 0.02737935
v 0.88861924 0.29360428 0.04637482
v 0.93158227 0.32581148 0.00750058
v 0.89419025 0.331839 0.03981742
v 0.93181026 0.36391208 0.0200615
v 0.93636227 0.34842652 0.00720845
v 0.94506228 0.35891426 0.00707297
v 0.90898627 0.35303253 0.03093393
vn -0.52722 0.48281 0.69924
vn -0.39419 0.69208 0.60469
vn -0.53168 0.47726 0.69967
vn -0.35137 0.73874 0.57515
vn -0.66701 -0.25046 0.70169
vn -0.63038 0.20941 0.74751
vn -0.63147 0.20903 0.74669
vn -0.62793 0.1926 -0.75407
vn -0.35862 -0.14352 -0.92239
vn -0.59169 -0.26619 -0.76095
vn -0.52124 -0.0239 0.85308
vn -0.49534 0.37858 0.78186
vn -0.61965 -0.04301 0.7837
vn 0.28894 -0.61573 0.73307
vn 0.45851 -0.69953 0.54812
vn 0.53991 -0.48456 0.68826
vn 0.00891 -0.67667 -0.73624
vn 0.39738 -0.68043 -0.61572
vn 0.66922 -0.46149 -0.58239
vn 0.63712 0.1617 0.75361
vn 0.19674 -0.2504 0.94794
vn 0.49073 -0.39655 0.77584
vn 0.70092 -0.32212 0.63636
vn 0.62574 0.0142 0.7799
vn 0.64631 -0.00774 0.76303
vn 0.4875 -0.49797 0.71719
vn 0.59673 -0.34701 0.72354
vn 0.42743 -0.5514 0.71643
vn 0.61691 -0.31127 0.72287
vt 0.625 0
vt 0.625 0.25
vt 0.375 0.25
vt 0.375 0
vt 0.375 0.5
vt 0.625 0.5
vt 0.625 1
vt 0.625 0.75
vt 0.375 1
usemtl mat1
f 4594/409/4594 4595/410/4595 4596/410/4596
f 4595/410/4595 4594/409/4594 4597/409/4597
f 4598/410/4598 4599/411/4599 4600/412/4600
f 4601/413/4601 4602/410/4602 4603/414/4603
f 4604/409/4604 4605/410/4605 4606/410/4606
f 4607/415/4607 4608/416/4608 4609/416/4609
f 4610/416/4610 4611/414/4611 4612/414/4612
f 4613/417/4613 4614/416/4614 4615/415/4615
f 4616/415/4616 4617/416/4617 4618/415/4618
f 4619/415/4619 4620/416/4620 4621/416/4621
f 4620/416/4620 4619/415/4619 4622/415/4622
# Vertices: 29, normals: 29, texture coordinates: 9, faces: 11

o obj45
v 0.89419025 0.33100224 -0.02496018
v 0.85679626 0.33702791 0.00735569
v 0.88161027 0.35702473 0.00709738
v 0.88861924 0.29261091 -0.03052776
v 0.83599627 0.29331356 0.00792037
v 0.85679626 0.33702791 0.00735569
v 0.90898627 0.35303253 0.03093393
v 0.91855723 0.36857274 0.00694821
v 0.88161027 0.35702473 0.00709738
v 0.93181026 0.36391208 0.0200615
v 0.90745628 0.28248587 0.00806024
v 0.88861924 0.29360428 0.04637482
v 0.88445723 0.28306651 0.02737935
v 0.90745628 0.28248587 0.00806024
v 0.88861924 0.29261091 -0.03052776
v 0.93383223 0.28475881 0.00803087
v 0.93181026 0.36391208 0.0200615
v 0.94506228 0.35891426 0.00707297
v 0.96938324 0.36989611 0.00693111
vn -0.48744 0.46709 -0.73772
vn -0.53167 0.45902 -0.71178
vn -0.36628 0.64989 -0.66594
vn -0.52141 -0.04599 -0.85206
vn -0.61963 -0.06325 -0.78234
vn -0.49535 0.35827 -0.79138
vn -0.35672 0.75778 0.54636
vn -0.15369 0.89228 0.42452
vn -0.39507 0.71356 0.57858
vn -0.1011 0.91586 0.38856
vn 0.00891 -0.65743 0.75347
vn 0.66922 -0.44626 0.59413
vn 0.39737 -0.66431 0.63308
vn 0.45852 -0.71345 -0.52985
vn 0.2889 -0.63449 -0.71691
vn 0.54001 -0.50219 -0.67542
vn 0.48873 -0.5716 0.6591
vn 0.4399 -0.63066 0.63934
vn 0.32844 -0.71948 0.61195
vt 0.625 0.5
vt 0.625 0.25
vt 0.625 0
vt 0.625 0.75
vt 0.625 1
usemtl mat1
f 4623/418/4623 4624/419/4624 4625/419/4625
f 4626/418/4626 4627/419/4627 4628/419/4628
f 4629/420/4629 4630/419/4630 4631/419/4631
f 4630/419/4630 4629/420/4629 4632/420/4632
f 4633/421/4633 4634/422/4634 4635/422/4635
f 4636/421/4636 4637/418/4637 4638/421/4638
f 4639/422/4639 4640/421/4640 4641/422/4641
# Vertices: 19, normals: 19, texture coordinates: 5, faces: 7

o obj46
v 0.90898627 0.35241812 -0.0166281
v 0.89419025 0.33100224 -0.02496018
v 0.88161027 0.35702473 0.00709738
v 0.89419025 0.33100224 -0.02496018
v 0.88861924 0.29261091 -0.03052776
v 0.85679626 0.33702791 0.00735569
v 0.93181026 0.36357489 -0.00604032
v 0.91855723 0.36857274 0.00694821
v 0.96938324 0.36989611 0.00693111
v 0.90898627 0.35241812 -0.0166281
v 0.88161027 0.35702473 0.00709738
v 0.91855723 0.36857274 0.00694821
v 0.93158227 0.32581148 0.00750058
v 0.88861924 0.29261091 -0.03052776
v 0.89419025 0.33100224 -0.02496018
v 0.93636227 0.34842652 0.00720845
v 0.90898627 0.35241812 -0.0166281
v 0.93181026 0.36357489 -0.00604032
vn -0.35134 0.72365 -0.59404
vn -0.56717 0.48059 -0.66884
vn -0.4385 0.68272 -0.58447
vn -0.56574 0.34122 -0.75067
vn -0.74433 -0.07732 -0.66333
vn -0.6281 0.31369 -0.7121
vn -0.15554 0.88329 -0.44228
vn -0.22265 0.85267 -0.47263
vn -0.0242 0.92449 -0.38043
vn -0.3565 0.73583 -0.57572
vn -0.39508 0.69838 -0.59681
vn -0.18151 0.85704 -0.48222
vn 0.62573 -0.00595 -0.78001
vn 0.7009 -0.33845 -0.62785
vn 0.64631 -0.02745 -0.76258
vn 0.51608 -0.37621 -0.7695
vn 0.61691 -0.32984 -0.71458
vn 0.48341 -0.50793 -0.71297
vt 0.625 0.5
vt 0.625 0.25
vt 0.625 0.75
usemtl mat1
f 4642/423/4642 4643/423/4643 4644/424/4644
f 4645/423/4645 4646/423/4646 4647/424/4647
f 4648/423/4648 4649/424/4649 4650/423/4650
f 4651/423/4651 4652/424/4652 4653/424/4653
f 4654/425/4654 4655/423/4655 4656/423/4656
f 4657/425/4657 4658/423/4658 4659/423/4659
# Vertices: 18, normals: 18, texture coordinates: 3, faces: 6

o obj47
v 0.91855723 0.36857274 0.00694821
v 0.93181026 0.36391208 0.0200615
v 0.96938324 0.36989611 0.00693111
vn -0.22265 0.86459 0.45045
vn -0.15554 0.89441 0.41932
vn -0.0242 0.93401 0.35642
vt 0.625 0.25
vt 0.625 0
usemtl mat1
f 4660/426/4660 4661/427/4661 4662/426/4662
# Vertices: 3, normals: 3, texture coordinates: 2, faces: 1

o obj48
v 1.09625602 0.05679631 0.06437606
v 1.14663601 0.0284003 0.03304515
v 1.14607763 0.02596223 0.03795821
v 1.08483505 0.07777143 0.04142622
v 1.14531732 0.02257687 0.04073031
v 1.09684849 0.03178465 0.07310153
v 1.09656811 0.05672336 -0.04411747
v 1.14676619 0.0283699 -0.01246165
v 1.08501434 0.07772946 -0.0212635
v 1.14623594 0.02592516 -0.01737355
v 1.14549136 0.0225361 -0.02014543
v 1.09720898 0.03170037 -0.05280692
v 1.14748335 0.03189963 0.01029214
v 1.08607459 0.08363211 0.01008172
v 1.08501434 0.07772946 -0.0212635
v 1.14676619 0.0283699 -0.01246165
v 1.14663601 0.0284003 0.03304515
v 1.08483505 0.07777143 0.04142622
v 1.14748335 0.03189963 0.01029214
v 1.08607459 0.08363211 0.01008172
v 1.16217375 0.09794092 0.01029
v 1.08501434 0.07772946 -0.0212635
v 1.08607459 0.08363211 0.01008172
v 1.16097975 0.09210795 -0.02411266
v 1.08483505 0.07777143 0.04142622
v 1.16217375 0.09794092 0.01029
v 1.08607459 0.08363211 0.01008172
v 1.16078281 0.09215397 0.04469104
v 1.2481091 0.03040224 0.05954843
v 1.29379654 0.0043087 0.03209157
v 1.2934463 0.00266588 0.03576168
v 1.23887444 0.04704833 0.03984377
v 1.29300189 0.00054032 0.03769184
v 1.24890137 0.01012772 0.0668093
v 1.24838948 0.03033668 -0.03838515
v 1.29391909 0.00428009 -0.01063324
v 1.23904228 0.04700911 -0.01875598
v 1.29358983 0.00263238 -0.0143021
v 1.29315639 0.0005042 -0.01623292
v 1.24922323 0.0100525 -0.04561521
v 1.30656028 0.06583756 0.01072484
v 1.23904228 0.04700911 -0.01875598
v 1.23983932 0.05188847 0.01054317
v 1.30560851 0.0607267 -0.02315161
v 1.23887444 0.04704833 0.03984377
v 1.30656028 0.06583756 0.01072484
v 1.23983932 0.05188847 0.01054317
v 1.30541444 0.060772 0.0446011
v 1.29443455 0.00708359 0.01072945
v 1.23983932 0.05188847 0.01054317
v 1.23904228 0.04700911 -0.01875598
v 1.29391909 0.00428009 -0.01063324
v 1.29379654 0.0043087 0.03209157
v 1.23887444 0.04704833 0.03984377
v 1.29443455 0.00708359 0.01072945
v 1.23983932 0.05188847 0.01054317
v 1.09684849 0.03178465 0.07310153
v 1.14531732 0.02257687 0.04073031
v 1.13804388 -0.00974506 0.06781924
v 1.09720898 0.03170037 -0.05280692
v 1.13837337 -0.00982207 -0.04723326
v 1.14549136 0.0225361 -0.02014543
v 1.24838948 0.03033668 -0.03838515
v 1.2931149 -0.00047958 -0.06994961
v 1.24922323 0.0100525 -0.04561521
v 1.30033946 0.03469896 -0.05783942
v 1.23904228 0.04700911 -0.01875598
v 1.30560851 0.0607267 -0.02315161
v 1.29265285 -0.00037158 0.09140868
v 1.2481091 0.03040224 0.05954843
v 1.24890137 0.01012772 0.0668093
v 1.29994702 0.03479075 0.07929298
v 1.23887444 0.04704833 0.03984377
v 1.30541444 0.060772 0.0446011
v 1.44779158 -0.04653907 0.01120437
v 1.37866235 0.01135582 0.01096772
v 1.37748504 0.00511003 -0.03106165
v 1.44703674 -0.05012614 -0.01651951
v 1.44687796 -0.05008906 0.03892825
v 1.37724423 0.00516629 0.05299798
v 1.44779158 -0.04653907 0.01120437
v 1.37866235 0.01135582 0.01096772
v 1.09656811 0.05672336 -0.04411747
v 1.1453712 0.02125669 -0.07502915
v 1.09720898 0.03170037 -0.05280692
v 1.15433216 0.06171441 -0.06177751
v 1.08501434 0.07772946 -0.0212635
v 1.16097975 0.09210795 -0.02411266
v 1.14488244 0.02137089 0.09561311
v 1.09625602 0.05679631 0.06437606
v 1.09684849 0.03178465 0.07310153
v 1.1539197 0.06181085 0.08235886
v 1.08483505 0.07777143 0.04142622
v 1.16078281 0.09215397 0.04469104
v 1.46536064 0.0286271 0.01120437
v 1.37748504 0.00511003 -0.03106165
v 1.37866235 0.01135582 0.01096772
v 1.46398306 0.02208436 -0.03907441
v 1.37724423 0.00516629 0.05299798
v 1.46536064 0.0286271 0.01120437
v 1.37866235 0.01135582 0.01096772
v 1.46369505 0.02215171 0.06148215
v 1.44639015 -0.05219549 0.03746626
v 1.38867879 -0.01625228 0.06683011
v 1.44687796 -0.05008906 0.03892825
v 1.37724423 0.00516629 0.05299798
v 1.38899827 -0.01632702 -0.0447994
v 1.44654036 -0.05223066 -0.01505751
v 1.44703674 -0.05012614 -0.01651951
v 1.37748504 0.00511003 -0.03106165
v 1.24890137 0.01012772 0.0668093
v 1.29300189 0.00054032 0.03769184
v 1.28713822 -0.02748036 0.06497893
v 1.24922323 0.0100525 -0.04561521
v 1.28744864 -0.02755296 -0.0435146
v 1.29315639 0.0005042 -0.01623292
v 1.2931149 -0.00047958 -0.06994961
v 1.28744864 -0.02755296 -0.0435146
v 1.24922323 0.0100525 -0.04561521
v 1.29265285 -0.00037158 0.09140868
v 1.24890137 0.01012772 0.0668093
v 1.28713822 -0.02748036 0.06497893
v 1.63642049 -0.0059948 0.01171726
v 1.5657618 -0.02550244 -0.0173291
v 1.56677675 -0.02025771 0.01152742
v 1.63524652 -0.01143146 -0.0203396
v 1.56559634 -0.02546382 0.04038465
v 1.63642049 -0.0059948 0.01171726
v 1.56677675 -0.02025771 0.01152742
v 1.63506293 -0.01138854 0.04377312
v 1.6223433 -0.06622142 0.01171726
v 1.56677675 -0.02025771 0.01152742
v 1.5657618 -0.02550244 -0.0173291
v 1.62156081 -0.06986827 -0.01143064
v 1.62142825 -0.06983727 0.03486516
v 1.56559634 -0.02546382 0.04038465
v 1.6223433 -0.06622142 0.01171726
v 1.56677675 -0.02025771 0.01152742
v 1.38907719 -0.04224157 0.06676365
v 1.44639015 -0.05219549 0.03746626
v 1.44575667 -0.0549168 0.03663626
v 1.38867879 -0.01625228 0.06683011
v 1.38939619 -0.0423162 -0.04469587
v 1.44654036 -0.05223066 -0.01505751
v 1.38899827 -0.01632702 -0.0447994
v 1.44590211 -0.05495089 -0.01422752
v 1.57603121 -0.04479426 0.06306855
v 1.62142825 -0.06983727 0.03486516
v 1.62073445 -0.07272172 0.04136714
v 1.56559634 -0.02546382 0.04038465
v 1.57632589 -0.04486316 -0.03992699
v 1.62156081 -0.06986827 -0.01143064
v 1.5657618 -0.02550244 -0.0173291
v 1.62090421 -0.07276142 -0.01793361
v 1.62073445 -0.07272172 0.04136714
v 1.576334 -0.06746399 0.06926662
v 1.57603121 -0.04479426 0.06306855
v 1.61973357 -0.07697266 0.04380513
v 1.62090421 -0.07276142 -0.01793361
v 1.57666445 -0.06754124 -0.04609288
v 1.61991715 -0.07701558 -0.0203706
v 1.57632589 -0.04486316 -0.03992699
v 1.37748504 0.00511003 -0.03106165
v 1.45629191 -0.01120496 -0.06881128
v 1.38899827 -0.01632702 -0.0447994
v 1.46398306 0.02208436 -0.03907441
v 1.45583367 -0.01109791 0.09121902
v 1.37724423 0.00516629 0.05299798
v 1.38867879 -0.01625228 0.06683011
v 1.46369505 0.02215171 0.06148215
v 1.1453712 0.02125669 -0.07502915
v 1.13837337 -0.00982207 -0.04723326
v 1.09720898 0.03170037 -0.05280692
v 1.14488244 0.02137089 0.09561311
v 1.09684849 0.03178465 0.07310153
v 1.13804388 -0.00974506 0.06781924
v 1.57632589 -0.04486316 -0.03992699
v 1.619735 -0.0784139 -0.06820739
v 1.57666445 -0.06754124 -0.04609288
v 1.62857938 -0.0404492 -0.05845843
v 1.73214102 -0.09080124 0.06325427
v 1.78564692 -0.12208477 0.03335525
v 1.78521395 -0.12387291 0.03710923
v 1.72185802 -0.07140589 0.04200976
v 1.78467512 -0.12613758 0.03904421
v 1.73245072 -0.11440784 0.07104698
v 1.61927724 -0.07830697 0.09164091
v 1.57603121 -0.04479426 0.06306855
v 1.576334 -0.06746399 0.06926662
v 1.6281774 -0.04035527 0.08189195
v 1.73243427 -0.09086978 -0.03915729
v 1.78576803 -0.12211308 -0.00891056
v 1.72202969 -0.07144606 -0.01799798
v 1.78535652 -0.12390622 -0.01266456
v 1.78482866 -0.12617347 -0.01460056
v 1.73278832 -0.11448675 -0.0469165
v 1.78645754 -0.1189135 0.01222236
v 1.72312784 -0.065759 0.01200548
v 1.72202969 -0.07144606 -0.01799798
v 1.78576803 -0.12211308 -0.00891056
v 1.78564692 -0.12208477 0.03335525
v 1.72185802 -0.07140589 0.04200976
v 1.78645754 -0.1189135 0.01222236
v 1.72312784 -0.065759 0.01200548
v 1.62857938 -0.0404492 -0.05845843
v 1.5657618 -0.02550244 -0.0173291
v 1.63524652 -0.01143146 -0.0203396
v 1.57632589 -0.04486316 -0.03992699
v 1.38899827 -0.01632702 -0.0447994
v 1.44577813 -0.0562008 -0.06986927
v 1.38939619 -0.0423162 -0.04469587
v 1.45629191 -0.01120496 -0.06881128
v 1.6281774 -0.04035527 0.08189195
v 1.56559634 -0.02546382 0.04038465
v 1.57603121 -0.04479426 0.06306855
v 1.63506293 -0.01138854 0.04377312
v 1.44531369 -0.05609232 0.09227803
v 1.38867879 -0.01625228 0.06683011
v 1.38907719 -0.04224157 0.06676365
v 1.45583367 -0.01109791 0.09121902
v 1.576334 -0.06746399 0.06926662
v 1.61973357 -0.07697266 0.04380513
v 1.61257911 -0.10735416 0.06145805
v 1.57666445 -0.06754124 -0.04609288
v 1.61286378 -0.10742074 -0.03802451
v 1.61991715 -0.07701558 -0.0203706
v 1.80268025 -0.04999661 0.01222268
v 1.72202969 -0.07144606 -0.01799798
v 1.72312784 -0.065759 0.01200548
v 1.80138254 -0.05596364 -0.02289719
v 1.72185802 -0.07140589 0.04200976
v 1.80268025 -0.04999661 0.01222268
v 1.72312784 -0.065759 0.01200548
v 1.80118132 -0.05591667 0.0473425
v 1.38907719 -0.04224157 0.06676365
v 1.44575667 -0.0549168 0.03663626
v 1.43729472 -0.09076917 0.06375815
v 1.38939619 -0.0423162 -0.04469587
v 1.43759561 -0.09083951 -0.0413494
v 1.44590211 -0.05495089 -0.01422752
v 1.44577813 -0.0562008 -0.06986927
v 1.43759561 -0.09083951 -0.0413494
v 1.38939619 -0.0423162 -0.04469587
v 1.44531369 -0.05609232 0.09227803
v 1.38907719 -0.04224157 0.06676365
v 1.43729472 -0.09076917 0.06375815
v 1.73243427 -0.09086978 -0.03915729
v 1.78475046 -0.12727034 -0.0735603
v 1.73278832 -0.11448675 -0.0469165
v 1.79437184 -0.08622587 -0.06045617
v 1.78425741 -0.12715507 0.09800395
v 1.73214102 -0.09080124 0.06325427
v 1.73245072 -0.11440784 0.07104698
v 1.79395556 -0.08612859 0.0849002
v 1.79437184 -0.08622587 -0.06045617
v 1.72202969 -0.07144606 -0.01799798
v 1.80138254 -0.05596364 -0.02289719
v 1.73243427 -0.09086978 -0.03915729
v 1.79395556 -0.08612859 0.0849002
v 1.72185802 -0.07140589 0.04200976
v 1.73214102 -0.09080124 0.06325427
v 1.80118132 -0.05591667 0.0473425
v 1.73245072 -0.11440784 0.07104698
v 1.78467512 -0.12613758 0.03904421
v 1.77690434 -0.15881932 0.06468794
v 1.73278832 -0.11448675 -0.0469165
v 1.77720475 -0.15888953 -0.0402446
v 1.78482866 -0.12617347 -0.01460056
v 1.619735 -0.0784139 -0.06820739
v 1.61286378 -0.10742074 -0.03802451
v 1.57666445 -0.06754124 -0.04609288
v 1.61927724 -0.07830697 0.09164091
v 1.576334 -0.06746399 0.06926662
v 1.61257911 -0.10735416 0.06145805
v 1.78475046 -0.12727034 -0.0735603
v 1.77720475 -0.15888953 -0.0402446
v 1.73278832 -0.11448675 -0.0469165
v 1.78425741 -0.12715507 0.09800395
v 1.73245072 -0.11440784 0.07104698
v 1.77690434 -0.15881932 0.06468794
v 1.83683276 -0.13884515 -0.04660234
v 1.77720475 -0.15888953 -0.0402446
v 1.78475046 -0.12727034 -0.0735603
v 1.83649516 -0.13876623 0.07136115
v 1.78425741 -0.12715507 0.09800395
v 1.77690434 -0.15881932 0.06468794
v 1.66303754 -0.08772969 -0.04583209
v 1.61286378 -0.10742074 -0.03802451
v 1.619735 -0.0784139 -0.06820739
v 1.66270709 -0.0876525 0.0695274
v 1.61927724 -0.07830697 0.09164091
v 1.61257911 -0.10735416 0.06145805
v 1.79437184 -0.08622587 -0.06045617
v 1.80138254 -0.05596364 -0.02289719
v 1.86550665 -0.10503563 -0.01756475
v 1.84764242 -0.11784199 -0.03880941
v 1.78475046 -0.12727034 -0.0735603
v 1.83683276 -0.13884515 -0.04660234
v 1.80118132 -0.05591667 0.0473425
v 1.79395556 -0.08612859 0.0849002
v 1.86533499 -0.10499546 0.04244299
v 1.84734917 -0.11777344 0.06360213
v 1.78425741 -0.12715507 0.09800395
v 1.83649516 -0.13876623 0.07136115
v 1.45629191 -0.01120496 -0.06881128
v 1.51420498 -0.04559237 -0.04442137
v 1.44577813 -0.0562008 -0.06986927
v 1.50232768 -0.06871241 -0.0443549
v 1.43759561 -0.09083951 -0.0413494
v 1.44577813 -0.0562008 -0.06986927
v 1.44531369 -0.05609232 0.09227803
v 1.5138855 -0.04551762 0.06720815
v 1.45583367 -0.01109791 0.09121902
v 1.50200868 -0.06863779 0.06710462
v 1.44531369 -0.05609232 0.09227803
v 1.43729472 -0.09076917 0.06375815
v 1.62857938 -0.0404492 -0.05845843
v 1.63524652 -0.01143146 -0.0203396
v 1.69127917 -0.05484039 -0.01695013
v 1.67335534 -0.06754243 -0.03963403
v 1.62857938 -0.0404492 -0.05845843
v 1.67335534 -0.06754243 -0.03963403
v 1.619735 -0.0784139 -0.06820739
v 1.66303754 -0.08772969 -0.04583209
v 1.63506293 -0.01138854 0.04377312
v 1.6281774 -0.04035527 0.08189195
v 1.69111371 -0.05480176 0.04076362
v 1.67306066 -0.06747353 0.06336152
v 1.61927724 -0.07830697 0.09164091
v 1.67306066 -0.06747353 0.06336152
v 1.6281774 -0.04035527 0.08189195
v 1.66270709 -0.0876525 0.0695274
v 1.51420498 -0.04559237 -0.04442137
v 1.45629191 -0.01120496 -0.06881128
v 1.5339489 -0.03146124 -0.03058924
v 1.46398306 0.02208436 -0.03907441
v 1.45583367 -0.01109791 0.09121902
v 1.5337081 -0.03140497 0.05347039
v 1.46369505 0.02215171 0.06148215
v 1.5138855 -0.04551762 0.06720815
v 1.80268025 -0.04999661 0.01222268
v 1.86688709 -0.09941542 0.01243957
v 1.86550665 -0.10503563 -0.01756475
v 1.80138254 -0.05596364 -0.02289719
v 1.80118132 -0.05591667 0.0473425
v 1.86533499 -0.10499546 0.04244299
v 1.80268025 -0.04999661 0.01222268
v 1.86688709 -0.09941542 0.01243957
v 1.19342089 0.00995946 -0.05151793
v 1.13837337 -0.00982207 -0.04723326
v 1.1453712 0.02125669 -0.07502915
v 1.19306612 0.01004243 0.07239254
v 1.14488244 0.02137089 0.09561311
v 1.13804388 -0.00974506 0.06781924
v 1.63642049 -0.0059948 0.01171726
v 1.69252872 -0.04965049 0.0119071
v 1.69127917 -0.05484039 -0.01695013
v 1.63524652 -0.01143146 -0.0203396
v 1.63506293 -0.01138854 0.04377312
v 1.69111371 -0.05480176 0.04076362
v 1.63642049 -0.0059948 0.01171726
v 1.69252872 -0.04965049 0.0119071
v 1.33708239 -0.00993299 -0.04535031
v 1.28744864 -0.02755296 -0.0435146
v 1.2931149 -0.00047958 -0.06994961
v 1.78645754 -0.1189135 0.01222236
v 1.86533499 -0.10499546 0.04244299
v 1.78564692 -0.12208477 0.03335525
v 1.86688709 -0.09941542 0.01243957
v 1.33676052 -0.00985777 0.0670742
v 1.29265285 -0.00037158 0.09140868
v 1.28713822 -0.02748036 0.06497893
v 1.78645754 -0.1189135 0.01222236
v 1.86550665 -0.10503563 -0.01756475
v 1.86688709 -0.09941542 0.01243957
v 1.78576803 -0.12211308 -0.00891056
v 1.84734917 -0.11777344 0.06360213
v 1.78521395 -0.12387291 0.03710923
v 1.78564692 -0.12208477 0.03335525
v 1.86533499 -0.10499546 0.04244299
v 1.78467512 -0.12613758 0.03904421
v 1.83649516 -0.13876623 0.07136115
v 1.77690434 -0.15881932 0.06468794
v 1.44575667 -0.0549168 0.03663626
v 1.50200868 -0.06863779 0.06710462
v 1.43729472 -0.09076917 0.06375815
v 1.86550665 -0.10503563 -0.01756475
v 1.78576803 -0.12211308 -0.00891056
v 1.84764242 -0.11784199 -0.03880941
v 1.78535652 -0.12390622 -0.01266456
v 1.78482866 -0.12617347 -0.01460056
v 1.83683276 -0.13884515 -0.04660234
v 1.77720475 -0.15888953 -0.0402446
v 1.44590211 -0.05495089 -0.01422752
v 1.43759561 -0.09083951 -0.0413494
v 1.50232768 -0.06871241 -0.0443549
v 1.30033946 0.03469896 -0.05783942
v 1.30560851 0.0607267 -0.02315161
v 1.3607688 0.01931959 -0.01838896
v 1.34579802 0.00817919 -0.03809145
v 1.30541444 0.060772 0.0446011
v 1.29994702 0.03479075 0.07929298
v 1.36060095 0.01935881 0.04021078
v 1.34551764 0.00824475 0.05984212
v 1.15433216 0.06171441 -0.06177751
v 1.16097975 0.09210795 -0.02411266
v 1.22314858 0.04548281 -0.02044347
v 1.20432878 0.0318436 -0.04295831
v 1.15433216 0.06171441 -0.06177751
v 1.20432878 0.0318436 -0.04295831
v 1.1453712 0.02125669 -0.07502915
v 1.19342089 0.00995946 -0.05151793
v 1.16078281 0.09215397 0.04469104
v 1.1539197 0.06181085 0.08235886
v 1.2229712 0.04552418 0.04144227
v 1.20402312 0.03191513 0.06386623
v 1.62142825 -0.06983727 0.03486516
v 1.69111371 -0.05480176 0.04076362
v 1.67306066 -0.06747353 0.06336152
v 1.62073445 -0.07272172 0.04136714
v 1.14488244 0.02137089 0.09561311
v 1.20402312 0.03191513 0.06386623
v 1.1539197 0.06181085 0.08235886
v 1.19306612 0.01004243 0.07239254
v 1.69127917 -0.05484039 -0.01695013
v 1.62156081 -0.06986827 -0.01143064
v 1.67335534 -0.06754243 -0.03963403
v 1.62090421 -0.07276142 -0.01793361
v 1.67306066 -0.06747353 0.06336152
v 1.66270709 -0.0876525 0.0695274
v 1.62073445 -0.07272172 0.04136714
v 1.61973357 -0.07697266 0.04380513
v 1.66270709 -0.0876525 0.0695274
v 1.61257911 -0.10735416 0.06145805
v 1.66303754 -0.08772969 -0.04583209
v 1.62090421 -0.07276142 -0.01793361
v 1.61991715 -0.07701558 -0.0203706
v 1.67335534 -0.06754243 -0.03963403
v 1.61286378 -0.10742074 -0.03802451
v 1.66303754 -0.08772969 -0.04583209
v 1.46536064 0.0286271 0.01120437
v 1.53542256 -0.02528477 0.01144102
v 1.5339489 -0.03146124 -0.03058924
v 1.46398306 0.02208436 -0.03907441
v 1.46369505 0.02215171 0.06148215
v 1.5337081 -0.03140497 0.05347039
v 1.46536064 0.0286271 0.01120437
v 1.53542256 -0.02528477 0.01144102
v 1.6223433 -0.06622142 0.01171726
v 1.69127917 -0.05484039 -0.01695013
v 1.69252872 -0.04965049 0.0119071
v 1.62156081 -0.06986827 -0.01143064
v 1.6223433 -0.06622142 0.01171726
v 1.69111371 -0.05480176 0.04076362
v 1.62142825 -0.06983727 0.03486516
v 1.69252872 -0.04965049 0.0119071
v 1.30033946 0.03469896 -0.05783942
v 1.34579802 0.00817919 -0.03809145
v 1.2931149 -0.00047958 -0.06994961
v 1.33708239 -0.00993299 -0.04535031
v 1.29265285 -0.00037158 0.09140868
v 1.34551764 0.00824475 0.05984212
v 1.29994702 0.03479075 0.07929298
v 1.33676052 -0.00985777 0.0670742
v 1.44639015 -0.05219549 0.03746626
v 1.5138855 -0.04551762 0.06720815
v 1.50200868 -0.06863779 0.06710462
v 1.44575667 -0.0549168 0.03663626
v 1.50232768 -0.06871241 -0.0443549
v 1.44654036 -0.05223066 -0.01505751
v 1.44590211 -0.05495089 -0.01422752
v 1.51420498 -0.04559237 -0.04442137
v 1.30656028 0.06583756 0.01072484
v 1.36179733 0.02414674 0.01091088
v 1.3607688 0.01931959 -0.01838896
v 1.30560851 0.0607267 -0.02315161
v 1.30541444 0.060772 0.0446011
v 1.36060095 0.01935881 0.04021078
v 1.30656028 0.06583756 0.01072484
v 1.36179733 0.02414674 0.01091088
v 1.44779158 -0.04653907 0.01120437
v 1.5337081 -0.03140497 0.05347039
v 1.44687796 -0.05008906 0.03892825
v 1.53542256 -0.02528477 0.01144102
v 1.44779158 -0.04653907 0.01120437
v 1.5339489 -0.03146124 -0.03058924
v 1.53542256 -0.02528477 0.01144102
v 1.44703674 -0.05012614 -0.01651951
v 1.5138855 -0.04551762 0.06720815
v 1.44639015 -0.05219549 0.03746626
v 1.44687796 -0.05008906 0.03892825
v 1.5337081 -0.03140497 0.05347039
v 1.5339489 -0.03146124 -0.03058924
v 1.44703674 -0.05012614 -0.01651951
v 1.51420498 -0.04559237 -0.04442137
v 1.44654036 -0.05223066 -0.01505751
v 1.29300189 0.00054032 0.03769184
v 1.33676052 -0.00985777 0.0670742
v 1.28713822 -0.02748036 0.06497893
v 1.29315639 0.0005042 -0.01623292
v 1.28744864 -0.02755296 -0.0435146
v 1.33708239 -0.00993299 -0.04535031
v 1.16217375 0.09794092 0.01029
v 1.22448277 0.05120689 0.01049966
v 1.22314858 0.04548281 -0.02044347
v 1.16097975 0.09210795 -0.02411266
v 1.16078281 0.09215397 0.04469104
v 1.2229712 0.04552418 0.04144227
v 1.16217375 0.09794092 0.01029
v 1.22448277 0.05120689 0.01049966
v 1.14531732 0.02257687 0.04073031
v 1.19306612 0.01004243 0.07239254
v 1.13804388 -0.00974506 0.06781924
v 1.14549136 0.0225361 -0.02014543
v 1.13837337 -0.00982207 -0.04723326
v 1.19342089 0.00995946 -0.05151793
v 1.29443455 0.00708359 0.01072945
v 1.3607688 0.01931959 -0.01838896
v 1.36179733 0.02414674 0.01091088
v 1.29391909 0.00428009 -0.01063324
v 1.29443455 0.00708359 0.01072945
v 1.36060095 0.01935881 0.04021078
v 1.29379654 0.0043087 0.03209157
v 1.36179733 0.02414674 0.01091088
v 1.34551764 0.00824475 0.05984212
v 1.2934463 0.00266588 0.03576168
v 1.29379654 0.0043087 0.03209157
v 1.36060095 0.01935881 0.04021078
v 1.29300189 0.00054032 0.03769184
v 1.33676052 -0.00985777 0.0670742
v 1.3607688 0.01931959 -0.01838896
v 1.29391909 0.00428009 -0.01063324
v 1.34579802 0.00817919 -0.03809145
v 1.29358983 0.00263238 -0.0143021
v 1.29315639 0.0005042 -0.01623292
v 1.33708239 -0.00993299 -0.04535031
v 1.14748335 0.03189963 0.01029214
v 1.2229712 0.04552418 0.04144227
v 1.14663601 0.0284003 0.03304515
v 1.22448277 0.05120689 0.01049966
v 1.14748335 0.03189963 0.01029214
v 1.22314858 0.04548281 -0.02044347
v 1.22448277 0.05120689 0.01049966
v 1.14676619 0.0283699 -0.01246165
v 1.14663601 0.0284003 0.03304515
v 1.2229712 0.04552418 0.04144227
v 1.20402312 0.03191513 0.06386623
v 1.14607763 0.02596223 0.03795821
v 1.14531732 0.02257687 0.04073031
v 1.19306612 0.01004243 0.07239254
v 1.22314858 0.04548281 -0.02044347
v 1.14676619 0.0283699 -0.01246165
v 1.20432878 0.0318436 -0.04295831
v 1.14623594 0.02592516 -0.01737355
v 1.14549136 0.0225361 -0.02014543
v 1.19342089 0.00995946 -0.05151793
vn -0.62544 -0.56713 -0.53589
vn -0.63452 -0.71946 -0.28242
vn -0.62407 -0.5499 -0.5551
vn -0.62431 -0.74098 -0.24737
vn -0.5702 -0.38397 -0.72625
vn -0.56626 -0.35504 -0.74384
vn -0.62854 -0.56645 0.53298
vn -0.63616 -0.71905 0.27976
vn -0.62571 -0.74065 0.24478
vn -0.62724 -0.54912 0.5523
vn -0.57435 -0.383 0.72349
vn -0.57051 -0.35401 0.74108
vn -0.64608 -0.76315 0.01364
vn -0.6474 -0.76194 0.01797
vn -0.63021 -0.74347 0.2238
vn -0.62966 -0.73768 0.24363
vn -0.62826 -0.738 -0.24625
vn -0.62892 -0.74377 -0.22642
vn -0.64599 -0.76317 -0.01632
vn -0.64729 -0.76196 -0.02066
vn -0.19212 0.98129 -0.01254
vn -0.20757 0.88593 -0.41479
vn -0.19402 0.98088 -0.01496
vn -0.20317 0.9137 -0.35195
vn -0.20993 0.88648 0.41242
vn -0.19219 0.9813 0.01013
vn -0.19407 0.98091 0.01254
vn -0.20518 0.91417 0.34956
vn -0.62282 -0.58182 -0.52304
vn -0.62636 -0.73622 -0.25624
vn -0.62317 -0.57149 -0.5339
vn -0.61621 -0.75351 -0.22914
vn -0.56824 -0.42057 -0.70726
vn -0.5647 -0.3895 -0.7276
vn -0.62581 -0.58113 0.52024
vn -0.62782 -0.73586 0.25366
vn -0.61752 -0.7532 0.22662
vn -0.62622 -0.57078 0.53109
vn -0.57228 -0.41964 0.70455
vn -0.56885 -0.38865 0.72482
vn -0.21099 0.97739 -0.01357
vn -0.23404 0.8966 -0.37593
vn -0.21234 0.97707 -0.01568
vn -0.22942 0.91577 -0.32975
vn -0.23619 0.89711 0.37339
vn -0.21106 0.97741 0.01105
vn -0.21241 0.97709 0.01316
vn -0.2313 0.91621 0.32721
vn -0.63414 -0.77316 0.00968
vn -0.63515 -0.77226 0.01435
vn -0.62266 -0.75461 0.20701
vn -0.6232 -0.74987 0.22207
vn -0.62192 -0.75017 -0.22464
vn -0.62147 -0.75489 -0.20956
vn -0.63408 -0.77317 -0.01228
vn -0.63506 -0.77227 -0.01696
vn -0.57401 -0.39095 -0.71949
vn -0.57212 -0.37654 -0.72863
vn -0.55207 -0.4591 -0.69602
vn -0.57813 -0.39 0.71671
vn -0.55606 -0.45818 0.69345
vn -0.57628 -0.37558 0.72584
vn -0.32313 0.58047 -0.74742
vn -0.46649 0.04629 -0.88331
vn -0.44953 0.07398 -0.8902
vn -0.30876 0.58168 -0.75254
vn -0.2604 0.85247 -0.45331
vn -0.24291 0.89549 -0.37296
vn -0.47157 0.04747 0.88055
vn -0.32741 0.58147 0.74478
vn -0.45459 0.07518 0.88752
vn -0.31305 0.5827 0.74998
vn -0.26297 0.85308 0.45067
vn -0.24507 0.89598 0.37036
vn -0.6436 -0.76528 0.01141
vn -0.64422 -0.76472 0.01395
vn -0.64452 -0.71641 0.26712
vn -0.64463 -0.68244 0.34457
vn -0.64265 -0.6829 -0.34734
vn -0.64298 -0.71677 -0.26985
vn -0.64352 -0.7653 -0.01407
vn -0.64413 -0.76473 -0.01662
vn -0.27786 0.56429 -0.77742
vn -0.40362 0.03489 -0.91426
vn -0.38772 0.05455 -0.92016
vn -0.26017 0.57683 -0.77433
vn -0.23475 0.84386 -0.48248
vn -0.21942 0.89576 -0.38662
vn -0.40883 0.0361 0.9119
vn -0.28229 0.56536 0.77504
vn -0.39297 0.05577 0.91786
vn -0.26458 0.57787 0.77205
vn -0.23748 0.84451 0.48001
vn -0.22162 0.89626 0.38419
vn -0.20242 0.97924 -0.01069
vn -0.24717 0.85385 -0.4581
vn -0.20385 0.97891 -0.01324
vn -0.23865 0.89161 -0.3848
vn -0.24979 0.85446 0.45553
vn -0.20247 0.97925 0.00822
vn -0.20391 0.97893 0.01076
vn -0.24084 0.89213 0.38224
vn -0.52275 -0.02214 -0.8522
vn -0.63305 -0.43451 -0.64067
vn -0.73762 -0.41714 -0.53095
vn -0.62917 -0.70843 -0.31981
vn -0.63671 -0.43364 0.63762
vn -0.52767 -0.02099 0.84919
vn -0.74068 -0.41643 0.52724
vn -0.63099 -0.708 0.31716
vn -0.5752 -0.43198 -0.69465
vn -0.57257 -0.41334 -0.70804
vn -0.54586 -0.52313 -0.6545
vn -0.57915 -0.43117 0.69187
vn -0.5496 -0.52224 0.65207
vn -0.57661 -0.41238 0.70531
vn -0.51235 -0.19173 -0.8371
vn -0.50233 -0.54797 -0.66888
vn -0.53599 -0.13197 -0.83385
vn -0.51712 -0.1906 0.83442
vn -0.54077 -0.13089 0.83092
vn -0.50615 -0.54707 0.66673
vn -0.20638 0.97836 -0.01472
vn -0.2239 0.89201 -0.39267
vn -0.20759 0.97808 -0.01637
vn -0.21937 0.91574 -0.33659
vn -0.22617 0.89253 0.39019
vn -0.20647 0.97838 0.01223
vn -0.20767 0.9781 0.01387
vn -0.22131 0.9162 0.33405
vn -0.64022 -0.76807 0.01352
vn -0.64121 -0.76718 0.01666
vn -0.62268 -0.75117 0.21912
vn -0.621 -0.74573 0.24134
vn -0.61961 -0.74606 -0.24389
vn -0.62141 -0.75147 -0.22168
vn -0.64012 -0.7681 -0.01616
vn -0.64112 -0.7672 -0.01931
vn -0.47525 -0.13091 -0.87006
vn -0.50471 0.0117 -0.86321
vn -0.47252 -0.0477 -0.88003
vn -0.57168 -0.29149 -0.76695
vn -0.48022 -0.12975 0.8675
vn -0.50964 0.01285 0.86029
vn -0.57607 -0.29047 0.76405
vn -0.47754 -0.04652 0.87738
vn -0.64965 -0.57383 -0.49867
vn -0.62579 -0.73076 -0.27274
vn -0.61705 -0.55646 -0.55643
vn -0.61783 -0.74869 -0.24031
vn -0.65255 -0.57314 0.49567
vn -0.62733 -0.7304 0.27014
vn -0.61919 -0.74837 0.23778
vn -0.62022 -0.55572 0.55362
vn -0.62031 -0.46517 -0.63153
vn -0.53253 -0.2674 -0.80306
vn -0.61261 -0.48553 -0.62367
vn -0.5374 -0.28808 -0.7926
vn -0.62394 -0.46429 0.62859
vn -0.53713 -0.26631 0.80036
vn -0.54192 -0.287 0.78991
vn -0.61625 -0.48464 0.62077
vn -0.29046 0.76505 -0.57474
vn -0.29567 0.48089 -0.82542
vn -0.31231 0.33247 -0.8899
vn -0.25921 0.85696 -0.44546
vn -0.30041 0.482 0.82306
vn -0.29372 0.76582 0.57205
vn -0.31743 0.3337 0.88763
vn -0.26179 0.85754 0.44283
vn -0.44595 -0.17074 -0.87862
vn -0.44649 -0.53855 -0.71457
vn -0.47536 -0.12558 -0.87078
vn -0.45097 -0.16957 0.87628
vn -0.48036 -0.12442 0.8682
vn -0.45057 -0.5376 0.71272
vn -0.32876 0.4741 -0.81679
vn -0.44834 -0.00843 -0.89383
vn -0.43587 -0.00354 -0.9
vn -0.30834 0.51986 -0.79666
vn -0.61596 -0.56605 -0.54788
vn -0.63141 -0.72229 -0.28216
vn -0.61416 -0.5477 -0.56818
vn -0.62156 -0.74211 -0.25088
vn -0.55069 -0.3793 -0.74355
vn -0.54749 -0.33374 -0.76738
vn -0.45342 -0.00724 0.89127
vn -0.33345 0.4752 0.81425
vn -0.44102 -0.00232 0.89749
vn -0.31289 0.52093 0.79419
vn -0.61909 -0.5653 0.54513
vn -0.63302 -0.72191 0.27951
vn -0.62299 -0.74178 0.24831
vn -0.6174 -0.54695 0.56538
vn -0.55494 -0.37836 0.74087
vn -0.55188 -0.33271 0.76468
vn -0.64447 -0.76452 0.01301
vn -0.64602 -0.76311 0.01806
vn -0.62733 -0.74493 0.22701
vn -0.62682 -0.73931 0.24601
vn -0.6254 -0.73964 -0.2486
vn -0.62602 -0.74524 -0.2296
vn -0.64439 -0.76454 -0.01568
vn -0.64592 -0.76313 -0.02073
vn -0.28072 0.63475 -0.71992
vn -0.24986 0.85004 -0.46369
vn -0.23339 0.89762 -0.3739
vn -0.28601 0.57011 -0.77018
vn -0.34196 0.24113 -0.90825
vn -0.41156 -0.12303 -0.90304
vn -0.40417 -0.13973 -0.90395
vn -0.31484 0.33752 -0.88711
vn -0.28484 0.63572 0.71745
vn -0.2525 0.85066 0.46112
vn -0.29042 0.57113 0.76777
vn -0.23552 0.89812 0.37135
vn -0.41672 -0.12181 0.90084
vn -0.34714 0.24235 0.90596
vn -0.40934 -0.13853 0.9018
vn -0.3199 0.33868 0.88485
vn -0.53905 -0.29093 -0.79043
vn -0.53626 -0.28913 -0.79298
vn -0.53044 -0.32903 -0.78126
vn -0.54357 -0.2899 0.78771
vn -0.53491 -0.32801 0.77864
vn -0.5408 -0.28809 0.79028
vn -0.20154 0.97938 -0.01373
vn -0.22123 0.88721 -0.40486
vn -0.20341 0.97896 -0.01625
vn -0.21641 0.91128 -0.35034
vn -0.22354 0.88775 0.4024
vn -0.20162 0.9794 0.01126
vn -0.20349 0.97898 0.01377
vn -0.21841 0.91174 0.34788
vn -0.50973 -0.23012 -0.82899
vn -0.49545 -0.25446 -0.83053
vn -0.49578 -0.44648 -0.74489
vn -0.51448 -0.22901 0.82636
vn -0.50004 -0.44549 0.74263
vn -0.5002 -0.25335 0.82802
vn -0.43331 -0.26265 -0.86212
vn -0.45272 -0.50058 -0.73787
vn -0.45087 -0.23591 -0.86085
vn -0.43824 -0.2615 0.85998
vn -0.45581 -0.23476 0.85856
vn -0.45694 -0.4996 0.73594
vn -0.31382 0.49349 -0.81116
vn -0.4444 0.02197 -0.89556
vn -0.42754 0.0416 -0.90304
vn -0.2963 0.53331 -0.79233
vn -0.44955 0.02318 0.89295
vn -0.31846 0.49458 0.80869
vn -0.43269 0.0428 0.90053
vn -0.30081 0.53438 0.7899
vn -0.27469 0.63278 -0.72397
vn -0.24796 0.84195 -0.47921
vn -0.23106 0.89106 -0.39066
vn -0.27922 0.5724 -0.77097
vn -0.27881 0.63374 0.72155
vn -0.25072 0.84258 0.47666
vn -0.28362 0.57343 0.76859
vn -0.23329 0.89158 0.38815
vn -0.55633 -0.3691 -0.74449
vn -0.55247 -0.36173 -0.75095
vn -0.53931 -0.43673 -0.72001
vn -0.56059 -0.36811 0.74178
vn -0.54341 -0.43577 0.7175
vn -0.55676 -0.36073 0.74826
vn -0.48842 -0.22334 -0.84354
vn -0.48414 -0.57321 -0.66109
vn -0.51683 -0.18669 -0.83548
vn -0.49322 -0.22222 0.84104
vn -0.52161 -0.18558 0.83276
vn -0.48791 -0.57233 0.65908
vn -0.48788 -0.20627 -0.84819
vn -0.48023 -0.57933 -0.6586
vn -0.51647 -0.1548 -0.8422
vn -0.49272 -0.20515 0.84566
vn -0.5213 -0.15369 0.83942
vn -0.48399 -0.57847 0.65661
vn 0.39876 -0.3697 -0.83923
vn 0.17663 -0.73359 -0.65623
vn 0.35043 -0.40314 -0.84539
vn 0.39398 -0.36858 0.84198
vn 0.34562 -0.40201 0.8479
vn 0.17285 -0.7327 0.65823
vn 0.3853 -0.39756 -0.83276
vn 0.18366 -0.7293 -0.65908
vn 0.34362 -0.41782 -0.84104
vn 0.38057 -0.39642 0.83547
vn 0.33879 -0.4167 0.84355
vn 0.17987 -0.72842 0.6611
vn 0.51443 0.38409 -0.76671
vn 0.60504 0.69492 -0.38862
vn 0.59888 0.64322 -0.47709
vn 0.52512 0.367 -0.76783
vn 0.41269 -0.1797 -0.89297
vn 0.40637 -0.15468 -0.90052
vn 0.60281 0.69545 0.39111
vn 0.51003 0.38512 0.76913
vn 0.59614 0.64385 0.47965
vn 0.52072 0.36803 0.77033
vn 0.40756 -0.1785 0.89556
vn 0.40122 -0.15347 0.90303
vn 0.43689 0.16181 -0.88484
vn 0.41859 0.06336 -0.90596
vn 0.31955 -0.29392 -0.90083
vn 0.30566 -0.33602 -0.89088
vn 0.18815 -0.65038 -0.73594
vn 0.27692 -0.42866 -0.85998
vn 0.31438 -0.29269 0.90305
vn 0.41341 0.06458 0.90825
vn 0.43181 0.16298 0.88712
vn 0.30055 -0.33483 0.89306
vn 0.27199 -0.42751 0.86212
vn 0.18393 -0.64939 0.73787
vn 0.53712 0.44359 -0.71745
vn 0.60921 0.70068 -0.37135
vn 0.6034 0.65059 -0.46113
vn 0.5135 0.38323 -0.76776
vn 0.51139 0.32826 -0.79418
vn 0.50953 0.27815 -0.81426
vn 0.40325 -0.20746 -0.89126
vn 0.3943 -0.19756 -0.8975
vn 0.60708 0.70118 0.3739
vn 0.533 0.44456 0.71992
vn 0.60075 0.65122 0.4637
vn 0.5091 0.38427 0.77016
vn 0.39813 -0.20626 0.89384
vn 0.50484 0.27924 0.8168
vn 0.50682 0.32934 0.79666
vn 0.38914 -0.19637 0.9
vn 0.43245 0.15842 -0.88763
vn 0.48291 0.29891 -0.82307
vn 0.60275 0.55628 -0.57205
vn 0.61478 0.65265 -0.44282
vn 0.47821 0.30001 0.82541
vn 0.59947 0.55704 0.57475
vn 0.61223 0.65325 0.44547
vn 0.42736 0.15961 0.88988
vn 0.61568 0.78791 -0.01138
vn 0.61717 0.78671 -0.01392
vn 0.59461 0.69598 -0.40255
vn 0.60065 0.7198 -0.34801
vn 0.59864 0.72027 0.35048
vn 0.5923 0.69653 0.40501
vn 0.61561 0.78793 0.01385
vn 0.61709 0.78672 0.0164
vn 0.39087 -0.31998 -0.86304
vn 0.18831 -0.67794 -0.71059
vn 0.34294 -0.35459 -0.86986
vn 0.3859 -0.31882 0.8657
vn 0.33797 -0.35342 0.87228
vn 0.18423 -0.67698 0.71257
vn 0.61875 0.78549 -0.01223
vn 0.61971 0.78471 -0.01387
vn 0.59834 0.69979 -0.39023
vn 0.60449 0.72317 -0.33409
vn 0.60257 0.72364 0.33654
vn 0.59611 0.70033 0.39267
vn 0.61867 0.78551 0.01473
vn 0.61963 0.78472 0.01637
vn 0.4339 -0.34114 -0.83388
vn 0.22517 -0.7044 -0.67315
vn 0.38508 -0.38457 -0.83894
vn 0.23764 -0.97127 -0.01286
vn 0.23107 -0.94611 -0.22691
vn 0.23306 -0.94087 -0.24587
vn 0.23963 -0.9707 -0.0179
vn 0.42911 -0.34 0.83682
vn 0.38028 -0.38348 0.84163
vn 0.22131 -0.70348 0.67538
vn 0.23756 -0.97125 0.01552
vn 0.22977 -0.9458 0.2295
vn 0.23953 -0.97067 0.02057
vn 0.23166 -0.94052 0.24851
vn 0.30327 -0.78201 -0.54451
vn 0.31006 -0.76456 -0.56508
vn 0.24615 -0.92816 -0.27917
vn 0.22848 -0.94142 -0.24805
vn 0.33266 -0.58151 -0.74242
vn 0.34932 -0.54045 -0.76543
vn 0.2931 -0.63236 -0.71709
vn 0.33607 -0.44882 -0.82802
vn 0.35966 -0.43333 -0.82636
vn 0.25077 -0.62098 -0.74263
vn 0.22706 -0.94108 0.25061
vn 0.24454 -0.92778 0.28181
vn 0.30015 -0.78123 0.54735
vn 0.30681 -0.76382 0.56785
vn 0.32839 -0.58053 0.74508
vn 0.34493 -0.53942 0.76814
vn 0.28897 -0.6314 0.71961
vn 0.33133 -0.44771 0.83053
vn 0.24651 -0.61998 0.74489
vn 0.35491 -0.43222 0.82899
vn 0.54916 0.4636 -0.69534
vn 0.6038 0.70951 -0.36335
vn 0.60168 0.66403 -0.44389
vn 0.53025 0.41729 -0.73804
vn 0.60171 0.71 0.36585
vn 0.54519 0.46453 0.69784
vn 0.59913 0.66463 0.44644
vn 0.52601 0.41829 0.7405
vn 0.51558 0.46023 -0.72274
vn 0.59541 0.70677 -0.38205
vn 0.58776 0.65351 -0.47694
vn 0.49197 0.40096 -0.77278
vn 0.49179 0.36649 -0.78983
vn 0.4897 0.32226 -0.81015
vn 0.40047 -0.14367 -0.90498
vn 0.39592 -0.11309 -0.91129
vn 0.59324 0.70727 0.3845
vn 0.51144 0.46121 0.72506
vn 0.58502 0.65414 0.47942
vn 0.48754 0.40198 0.77506
vn 0.23858 -0.9328 -0.27013
vn 0.22333 -0.9453 -0.23776
vn 0.33092 -0.80299 -0.49568
vn 0.30963 -0.77306 -0.55364
vn 0.39529 -0.14246 0.90744
vn 0.48505 0.32334 0.81251
vn 0.48726 0.36754 0.79214
vn 0.3907 -0.11188 0.91369
vn 0.22196 -0.94498 0.2403
vn 0.23703 -0.93243 0.27274
vn 0.32807 -0.80233 0.49864
vn 0.30646 -0.77232 0.55642
vn 0.33757 -0.7076 -0.62077
vn 0.36344 -0.47679 -0.80037
vn 0.3535 -0.69275 -0.6286
vn 0.35795 -0.49766 -0.79007
vn 0.35876 -0.5008 -0.78772
vn 0.33408 -0.53111 -0.77866
vn 0.35885 -0.4757 0.80308
vn 0.34988 -0.69191 0.63154
vn 0.35341 -0.49661 0.79277
vn 0.33404 -0.70675 0.62364
vn 0.32961 -0.53008 0.78126
vn 0.35423 -0.49975 0.79042
vn 0.61555 0.78805 -0.00822
vn 0.61672 0.78711 -0.01073
vn 0.60265 0.65521 -0.45554
vn 0.61132 0.69295 -0.38224
vn 0.60913 0.69346 0.38481
vn 0.60002 0.65583 0.45811
vn 0.6155 0.78807 0.0107
vn 0.61665 0.78712 0.01321
vn 0.23334 -0.97226 0.01616
vn 0.22394 -0.94906 0.22168
vn 0.23464 -0.97189 0.01931
vn 0.22472 -0.94341 0.24389
vn 0.23343 -0.97228 -0.01352
vn 0.2252 -0.94935 -0.21912
vn 0.22611 -0.94373 -0.24134
vn 0.23473 -0.97192 -0.01666
vn 0.52609 0.364 -0.76859
vn 0.52729 0.32846 -0.78363
vn 0.45285 -0.14506 -0.87971
vn 0.44859 -0.11171 -0.88673
vn 0.4478 -0.14389 0.88248
vn 0.52279 0.32954 0.78619
vn 0.5217 0.36502 0.7711
vn 0.4435 -0.11057 0.88943
vn 0.46255 -0.21436 -0.86029
vn 0.38763 -0.51572 -0.76405
vn 0.37296 -0.32917 -0.8675
vn 0.40746 -0.25335 -0.87738
vn 0.36798 -0.32801 0.87006
vn 0.45763 -0.21322 0.8632
vn 0.40244 -0.25219 0.88003
vn 0.38324 -0.5147 0.76695
vn 0.6074 0.79435 -0.00887
vn 0.60854 0.79345 -0.01094
vn 0.59674 0.71131 -0.3714
vn 0.60025 0.73069 -0.32526
vn 0.59838 0.73112 0.32772
vn 0.59461 0.71181 0.37386
vn 0.60734 0.79436 0.01129
vn 0.60848 0.79346 0.01336
vn 0.23771 -0.97127 -0.01141
vn 0.26021 -0.92787 -0.2671
vn 0.27535 -0.89747 -0.34456
vn 0.23851 -0.97104 -0.01394
vn 0.23763 -0.97125 0.01407
vn 0.25867 -0.92751 0.26983
vn 0.23843 -0.97102 0.0166
vn 0.27338 -0.89701 0.34733
vn 0.37852 -0.67094 -0.63762
vn 0.46368 -0.25275 -0.84918
vn 0.47935 -0.70161 -0.52723
vn 0.25178 -0.91434 -0.31715
vn 0.24997 -0.91391 0.31981
vn 0.47629 -0.70094 0.53088
vn 0.37486 -0.67008 0.64068
vn 0.45878 -0.25172 0.85215
vn 0.3469 -0.61086 -0.71169
vn 0.34183 -0.62921 -0.69804
vn 0.27627 -0.69956 -0.659
vn 0.34283 -0.60989 0.71449
vn 0.27249 -0.69867 0.66152
vn 0.33783 -0.62826 0.70083
vn 0.60564 0.79567 -0.00989
vn 0.60707 0.79456 -0.01216
vn 0.58207 0.70324 -0.40823
vn 0.58932 0.72947 -0.34724
vn 0.58732 0.72994 0.34964
vn 0.57972 0.70379 0.41062
vn 0.60557 0.79569 0.0123
vn 0.60699 0.79457 0.01458
vn 0.34625 -0.58564 -0.73289
vn 0.34276 -0.59893 -0.72374
vn 0.29263 -0.65204 -0.69943
vn 0.34204 -0.58467 0.73564
vn 0.28862 -0.65112 0.70196
vn 0.3386 -0.59797 0.72649
vn 0.2453 -0.96934 0.01444
vn 0.24102 -0.94713 0.21178
vn 0.24701 -0.96882 0.01936
vn 0.24311 -0.94316 0.22658
vn 0.24537 -0.96936 -0.01174
vn 0.24223 -0.94741 -0.20913
vn 0.24439 -0.94347 -0.22392
vn 0.24711 -0.96884 -0.01665
vn 0.32274 -0.7838 -0.53057
vn 0.32485 -0.77925 -0.53595
vn 0.2571 -0.9311 -0.25875
vn 0.24 -0.94279 -0.2314
vn 0.34208 -0.61423 -0.71113
vn 0.35401 -0.58232 -0.73183
vn 0.23867 -0.94248 0.23403
vn 0.25561 -0.93075 0.26147
vn 0.3197 -0.78306 0.53348
vn 0.32178 -0.77854 0.53883
vn 0.33798 -0.61331 0.71387
vn 0.34982 -0.58133 0.73463
vn 0.24591 -0.96919 -0.01431
vn 0.23946 -0.94438 -0.2254
vn 0.24128 -0.93865 -0.24642
vn 0.24772 -0.96865 -0.01861
vn 0.24581 -0.96917 0.01706
vn 0.23816 -0.94408 0.22803
vn 0.24761 -0.96862 0.02132
vn 0.23986 -0.93832 0.24905
vn 0.2564 -0.92416 -0.28316
vn 0.23739 -0.93937 -0.24744
vn 0.31352 -0.78073 -0.54053
vn 0.31955 -0.76448 -0.55987
vn 0.34103 -0.59159 -0.73056
vn 0.35187 -0.56173 -0.74877
vn 0.23596 -0.93904 0.25004
vn 0.25479 -0.92377 0.28588
vn 0.31044 -0.78005 0.54328
vn 0.31634 -0.76373 0.56272
vn 0.33683 -0.59063 0.73328
vn 0.34758 -0.56072 0.75152
vt 0.375 0.75
vt 0.375 1
vt 0.5 1
vt 0.5 0.75
vt 0.5 0.5
vt 0.375 0.5
vt 0.375 0.25
vt 0.5 0.25
vt 0.5 0
vt 0.375 0
usemtl mat3
f 4663/428/4663 4664/429/4664 4665/429/4665
f 4664/429/4664 4663/428/4663 4666/428/4666
f 4667/429/4667 4663/428/4663 4665/429/4665
f 4668/428/4668 4663/428/4663 4667/429/4667
f 4669/428/4669 4670/429/4670 4671/428/4671
f 4670/429/4670 4669/428/4669 4672/429/4672
f 4669/428/4669 4673/429/4673 4672/429/4672
f 4673/429/4673 4669/428/4669 4674/428/4674
f 4675/430/4675 4676/431/4676 4677/428/4677
f 4675/430/4675 4677/428/4677 4678/429/4678
f 4679/429/4679 4680/428/4680 4681/430/4681
f 4680/428/4680 4682/431/4682 4681/430/4681
f 4683/432/4683 4684/428/4684 4685/431/4685
f 4684/428/4684 4683/432/4683 4686/433/4686
f 4687/428/4687 4688/432/4688 4689/431/4689
f 4688/432/4688 4687/428/4687 4690/433/4690
f 4691/428/4691 4692/429/4692 4693/429/4693
f 4692/429/4692 4691/428/4691 4694/428/4694
f 4695/429/4695 4691/428/4691 4693/429/4693
f 4696/428/4696 4691/428/4691 4695/429/4695
f 4697/428/4697 4698/429/4698 4699/428/4699
f 4698/429/4698 4697/428/4697 4700/429/4700
f 4697/428/4697 4701/429/4701 4700/429/4700
f 4701/429/4701 4697/428/4697 4702/428/4702
f 4703/432/4703 4704/428/4704 4705/431/4705
f 4704/428/4704 4703/432/4703 4706/433/4706
f 4707/428/4707 4708/432/4708 4709/431/4709
f 4708/432/4708 4707/428/4707 4710/433/4710
f 4711/430/4711 4712/431/4712 4713/428/4713
f 4711/430/4711 4713/428/4713 4714/429/4714
f 4715/429/4715 4716/428/4716 4717/430/4717
f 4716/428/4716 4718/431/4718 4717/430/4717
f 4719/428/4719 4720/429/4720 4721/428/4721
f 4722/428/4722 4723/428/4723 4724/429/4724
f 4725/428/4725 4726/433/4726 4727/428/4727
f 4726/433/4726 4725/428/4725 4728/433/4728
f 4729/428/4729 4728/433/4728 4725/428/4725
f 4728/433/4728 4729/428/4729 4730/433/4730
f 4731/433/4731 4732/428/4732 4733/428/4733
f 4732/428/4732 4731/433/4731 4734/433/4734
f 4734/433/4734 4735/428/4735 4732/428/4732
f 4735/428/4735 4734/433/4734 4736/433/4736
f 4737/430/4737 4738/431/4738 4739/428/4739
f 4737/430/4737 4739/428/4739 4740/429/4740
f 4741/429/4741 4742/428/4742 4743/430/4743
f 4742/428/4742 4744/431/4744 4743/430/4743
f 4745/428/4745 4746/433/4746 4747/428/4747
f 4746/433/4746 4745/428/4745 4748/433/4748
f 4749/428/4749 4748/433/4748 4745/428/4745
f 4748/433/4748 4749/428/4749 4750/433/4750
f 4751/433/4751 4752/428/4752 4753/428/4753
f 4752/428/4752 4751/433/4751 4754/433/4754
f 4754/433/4754 4755/428/4755 4752/428/4752
f 4755/428/4755 4754/433/4754 4756/433/4756
f 4757/432/4757 4758/428/4758 4759/431/4759
f 4758/428/4758 4757/432/4757 4760/433/4760
f 4761/428/4761 4762/432/4762 4763/431/4763
f 4762/432/4762 4761/428/4761 4764/433/4764
f 4765/429/4765 4766/428/4766 4767/429/4767
f 4768/428/4768 4767/429/4767 4766/428/4766
f 4769/428/4769 4770/429/4770 4771/429/4771
f 4772/428/4772 4769/428/4769 4771/429/4771
f 4773/428/4773 4774/429/4774 4775/428/4775
f 4776/428/4776 4777/428/4777 4778/429/4778
f 4779/433/4779 4780/433/4780 4781/428/4781
f 4782/433/4782 4783/428/4783 4784/433/4784
f 4785/432/4785 4786/428/4786 4787/431/4787
f 4786/428/4786 4785/432/4785 4788/433/4788
f 4789/428/4789 4790/432/4790 4791/431/4791
f 4790/432/4790 4789/428/4789 4792/433/4792
f 4793/430/4793 4794/431/4794 4795/428/4795
f 4793/430/4793 4795/428/4795 4796/429/4796
f 4797/429/4797 4798/428/4798 4799/430/4799
f 4798/428/4798 4800/431/4800 4799/430/4799
f 4801/428/4801 4802/429/4802 4803/429/4803
f 4802/429/4802 4801/428/4801 4804/428/4804
f 4805/428/4805 4806/429/4806 4807/428/4807
f 4806/429/4806 4805/428/4805 4808/429/4808
f 4809/428/4809 4810/429/4810 4811/429/4811
f 4810/429/4810 4809/428/4809 4812/428/4812
f 4813/428/4813 4814/429/4814 4815/428/4815
f 4814/429/4814 4813/428/4813 4816/429/4816
f 4817/429/4817 4818/428/4818 4819/428/4819
f 4818/428/4818 4817/429/4817 4820/429/4820
f 4821/429/4821 4822/428/4822 4823/429/4823
f 4822/428/4822 4821/429/4821 4824/428/4824
f 4825/428/4825 4826/433/4826 4827/428/4827
f 4826/433/4826 4825/428/4825 4828/433/4828
f 4829/433/4829 4830/428/4830 4831/428/4831
f 4830/428/4830 4829/433/4829 4832/433/4832
f 4833/433/4833 4834/433/4834 4835/428/4835
f 4836/433/4836 4837/428/4837 4838/433/4838
f 4839/428/4839 4840/433/4840 4841/428/4841
f 4840/433/4840 4839/428/4839 4842/433/4842
f 4843/428/4843 4844/429/4844 4845/429/4845
f 4844/429/4844 4843/428/4843 4846/428/4846
f 4847/429/4847 4843/428/4843 4845/429/4845
f 4848/428/4848 4843/428/4843 4847/429/4847
f 4849/433/4849 4850/428/4850 4851/428/4851
f 4850/428/4850 4849/433/4849 4852/433/4852
f 4853/428/4853 4854/429/4854 4855/428/4855
f 4854/429/4854 4853/428/4853 4856/429/4856
f 4853/428/4853 4857/429/4857 4856/429/4856
f 4857/429/4857 4853/428/4853 4858/428/4858
f 4859/430/4859 4860/431/4860 4861/428/4861
f 4859/430/4859 4861/428/4861 4862/429/4862
f 4863/429/4863 4864/428/4864 4865/430/4865
f 4864/428/4864 4866/431/4866 4865/430/4865
f 4867/433/4867 4868/428/4868 4869/433/4869
f 4868/428/4868 4867/433/4867 4870/428/4870
f 4871/428/4871 4872/433/4872 4873/428/4873
f 4872/433/4872 4871/428/4871 4874/433/4874
f 4875/433/4875 4876/428/4876 4877/428/4877
f 4876/428/4876 4875/433/4875 4878/433/4878
f 4879/433/4879 4880/428/4880 4881/428/4881
f 4880/428/4880 4879/433/4879 4882/433/4882
f 4883/428/4883 4884/429/4884 4885/428/4885
f 4886/428/4886 4887/428/4887 4888/429/4888
f 4889/432/4889 4890/428/4890 4891/431/4891
f 4890/428/4890 4889/432/4889 4892/433/4892
f 4893/428/4893 4894/432/4894 4895/431/4895
f 4894/432/4894 4893/428/4893 4896/433/4896
f 4897/428/4897 4898/429/4898 4899/428/4899
f 4900/428/4900 4901/428/4901 4902/429/4902
f 4903/433/4903 4904/433/4904 4905/428/4905
f 4906/433/4906 4907/428/4907 4908/433/4908
f 4909/428/4909 4910/433/4910 4911/428/4911
f 4910/433/4910 4909/428/4909 4912/433/4912
f 4913/433/4913 4914/428/4914 4915/428/4915
f 4914/428/4914 4913/433/4913 4916/433/4916
f 4917/433/4917 4918/428/4918 4919/433/4919
f 4918/428/4918 4917/433/4917 4920/428/4920
f 4921/433/4921 4922/428/4922 4923/428/4923
f 4922/428/4922 4921/433/4921 4924/433/4924
f 4925/428/4925 4926/429/4926 4927/428/4927
f 4928/428/4928 4929/428/4929 4930/429/4930
f 4931/433/4931 4932/433/4932 4933/428/4933
f 4934/433/4934 4935/428/4935 4936/433/4936
f 4937/433/4937 4938/433/4938 4939/428/4939
f 4940/433/4940 4941/428/4941 4942/433/4942
f 4943/434/4943 4944/434/4944 4945/433/4945
f 4946/434/4946 4947/433/4947 4948/434/4948
f 4949/434/4949 4950/434/4950 4951/433/4951
f 4952/434/4952 4953/433/4953 4954/434/4954
f 4955/433/4955 4956/433/4956 4957/434/4957
f 4955/433/4955 4957/434/4957 4958/434/4958
f 4955/433/4955 4958/434/4958 4959/433/4959
f 4958/434/4958 4960/434/4960 4959/433/4959
f 4961/433/4961 4962/433/4962 4963/434/4963
f 4963/434/4963 4962/433/4962 4964/434/4964
f 4965/433/4965 4964/434/4964 4962/433/4962
f 4965/433/4965 4966/434/4966 4964/434/4964
f 4967/433/4967 4968/434/4968 4969/433/4969
f 4968/434/4968 4970/434/4970 4969/433/4969
f 4970/434/4970 4971/434/4971 4972/433/4972
f 4973/433/4973 4974/434/4974 4975/433/4975
f 4973/433/4973 4976/434/4976 4974/434/4974
f 4976/434/4976 4977/433/4977 4978/434/4978
f 4979/433/4979 4980/433/4980 4981/434/4981
f 4979/433/4979 4981/434/4981 4982/434/4982
f 4983/433/4983 4984/434/4984 4985/433/4985
f 4984/434/4984 4986/434/4986 4985/433/4985
f 4987/433/4987 4988/433/4988 4989/434/4989
f 4989/434/4989 4988/433/4988 4990/434/4990
f 4991/433/4991 4992/434/4992 4993/433/4993
f 4991/433/4991 4994/434/4994 4992/434/4992
f 4995/434/4995 4996/433/4996 4997/434/4997
f 4998/433/4998 4997/434/4997 4996/433/4996
f 4999/433/4999 5000/434/5000 5001/433/5001
f 5000/434/5000 4999/433/4999 5002/434/5002
f 5003/432/5003 5004/435/5004 5005/434/5005
f 5003/432/5003 5005/434/5005 5006/433/5006
f 5007/433/5007 5008/434/5008 5009/432/5009
f 5008/434/5008 5010/435/5010 5009/432/5009
f 5011/434/5011 5012/434/5012 5013/433/5013
f 5014/434/5014 5015/433/5015 5016/434/5016
f 5017/432/5017 5018/435/5018 5019/434/5019
f 5017/432/5017 5019/434/5019 5020/433/5020
f 5021/433/5021 5022/434/5022 5023/432/5023
f 5022/434/5022 5024/435/5024 5023/432/5023
f 5025/434/5025 5026/434/5026 5027/433/5027
f 5028/436/5028 5029/434/5029 5030/437/5030
f 5029/434/5029 5028/436/5028 5031/435/5031
f 5032/434/5032 5033/433/5033 5034/434/5034
f 5035/436/5035 5036/434/5036 5037/435/5037
f 5036/434/5036 5035/436/5035 5038/437/5038
f 5039/434/5039 5040/437/5040 5041/437/5041
f 5041/437/5041 5042/434/5042 5039/434/5039
f 5039/434/5039 5043/437/5043 5040/437/5040
f 5043/437/5043 5039/434/5039 5044/434/5044
f 5043/437/5043 5044/434/5044 5045/437/5045
f 5046/437/5046 5047/434/5047 5048/437/5048
f 5049/434/5049 5050/437/5050 5051/434/5051
f 5051/434/5051 5050/437/5050 5052/437/5052
f 5053/437/5053 5051/434/5051 5052/437/5052
f 5051/434/5051 5053/437/5053 5054/434/5054
f 5053/437/5053 5055/437/5055 5054/434/5054
f 5056/437/5056 5057/437/5057 5058/434/5058
f 5059/433/5059 5060/433/5060 5061/434/5061
f 5059/433/5059 5061/434/5061 5062/434/5062
f 5063/433/5063 5064/433/5064 5065/434/5065
f 5065/434/5065 5064/433/5064 5066/434/5066
f 5067/433/5067 5068/433/5068 5069/434/5069
f 5067/433/5067 5069/434/5069 5070/434/5070
f 5071/433/5071 5072/434/5072 5073/433/5073
f 5072/434/5072 5074/434/5074 5073/433/5073
f 5075/433/5075 5076/433/5076 5077/434/5077
f 5077/434/5077 5076/433/5076 5078/434/5078
f 5079/437/5079 5080/434/5080 5081/434/5081
f 5079/437/5079 5081/434/5081 5082/437/5082
f 5083/433/5083 5084/434/5084 5085/433/5085
f 5083/433/5083 5086/434/5086 5084/434/5084
f 5087/434/5087 5088/437/5088 5089/434/5089
f 5089/434/5089 5088/437/5088 5090/437/5090
f 5091/434/5091 5092/434/5092 5093/437/5093
f 5093/437/5093 5092/434/5092 5094/437/5094
f 5094/437/5094 5095/434/5095 5096/437/5096
f 5097/434/5097 5098/437/5098 5099/437/5099
f 5098/437/5098 5097/434/5097 5100/434/5100
f 5099/437/5099 5101/437/5101 5102/434/5102
f 5103/432/5103 5104/435/5104 5105/434/5105
f 5103/432/5103 5105/434/5105 5106/433/5106
f 5107/433/5107 5108/434/5108 5109/432/5109
f 5108/434/5108 5110/435/5110 5109/432/5109
f 5111/436/5111 5112/434/5112 5113/435/5113
f 5112/434/5112 5111/436/5111 5114/437/5114
f 5115/436/5115 5116/434/5116 5117/437/5117
f 5116/434/5116 5115/436/5115 5118/435/5118
f 5119/433/5119 5120/434/5120 5121/433/5121
f 5120/434/5120 5122/434/5122 5121/433/5121
f 5123/433/5123 5124/434/5124 5125/433/5125
f 5123/433/5123 5126/434/5126 5124/434/5124
f 5127/437/5127 5128/434/5128 5129/434/5129
f 5127/437/5127 5129/434/5129 5130/437/5130
f 5131/434/5131 5132/437/5132 5133/437/5133
f 5131/434/5131 5134/434/5134 5132/437/5132
f 5135/432/5135 5136/435/5136 5137/434/5137
f 5135/432/5135 5137/434/5137 5138/433/5138
f 5139/433/5139 5140/434/5140 5141/432/5141
f 5140/434/5140 5142/435/5142 5141/432/5141
f 5143/436/5143 5144/434/5144 5145/437/5145
f 5144/434/5144 5143/436/5143 5146/435/5146
f 5147/436/5147 5148/434/5148 5149/435/5149
f 5148/434/5148 5147/436/5147 5150/437/5150
f 5151/434/5151 5152/437/5152 5153/437/5153
f 5153/437/5153 5154/434/5154 5151/434/5151
f 5155/434/5155 5156/437/5156 5157/434/5157
f 5158/437/5158 5157/434/5157 5156/437/5156
f 5159/437/5159 5160/434/5160 5161/437/5161
f 5162/437/5162 5163/437/5163 5164/434/5164
f 5165/432/5165 5166/435/5166 5167/434/5167
f 5165/432/5165 5167/434/5167 5168/433/5168
f 5169/433/5169 5170/434/5170 5171/432/5171
f 5170/434/5170 5172/435/5172 5171/432/5171
f 5173/437/5173 5174/434/5174 5175/437/5175
f 5176/437/5176 5177/437/5177 5178/434/5178
f 5179/436/5179 5180/434/5180 5181/435/5181
f 5180/434/5180 5179/436/5179 5182/437/5182
f 5183/436/5183 5184/434/5184 5185/437/5185
f 5184/434/5184 5183/436/5183 5186/435/5186
f 5187/434/5187 5188/437/5188 5189/437/5189
f 5189/437/5189 5190/434/5190 5187/434/5187
f 5187/434/5187 5191/437/5191 5188/437/5188
f 5191/437/5191 5187/434/5187 5192/434/5192
f 5193/434/5193 5194/437/5194 5195/434/5195
f 5195/434/5195 5194/437/5194 5196/437/5196
f 5197/437/5197 5195/434/5195 5196/437/5196
f 5195/434/5195 5197/437/5197 5198/434/5198
f 5199/436/5199 5200/434/5200 5201/437/5201
f 5200/434/5200 5199/436/5199 5202/435/5202
f 5203/436/5203 5204/434/5204 5205/435/5205
f 5204/434/5204 5203/436/5203 5206/437/5206
f 5207/437/5207 5208/434/5208 5209/434/5209
f 5207/437/5207 5209/434/5209 5210/437/5210
f 5209/434/5209 5211/437/5211 5210/437/5210
f 5211/437/5211 5209/434/5209 5212/434/5212
f 5213/434/5213 5214/437/5214 5215/434/5215
f 5215/434/5215 5214/437/5214 5216/437/5216
f 5217/437/5217 5215/434/5215 5216/437/5216
f 5215/434/5215 5217/437/5217 5218/434/5218
# Vertices: 556, normals: 556, texture coordinates: 10, faces: 280

